-- MySQL dump 10.13  Distrib 5.7.26, for Linux (x86_64)
--
-- Host: 127.0.0.1    Database: gdm
-- ------------------------------------------------------
-- Server version	5.7.26-0ubuntu0.18.04.1

/*!40101 SET @OLD_CHARACTER_SET_CLIENT=@@CHARACTER_SET_CLIENT */;
/*!40101 SET @OLD_CHARACTER_SET_RESULTS=@@CHARACTER_SET_RESULTS */;
/*!40101 SET @OLD_COLLATION_CONNECTION=@@COLLATION_CONNECTION */;
/*!40101 SET NAMES utf8 */;
/*!40103 SET @OLD_TIME_ZONE=@@TIME_ZONE */;
/*!40103 SET TIME_ZONE='+00:00' */;
/*!40014 SET @OLD_UNIQUE_CHECKS=@@UNIQUE_CHECKS, UNIQUE_CHECKS=0 */;
/*!40014 SET @OLD_FOREIGN_KEY_CHECKS=@@FOREIGN_KEY_CHECKS, FOREIGN_KEY_CHECKS=0 */;
/*!40101 SET @OLD_SQL_MODE=@@SQL_MODE, SQL_MODE='NO_AUTO_VALUE_ON_ZERO' */;
/*!40111 SET @OLD_SQL_NOTES=@@SQL_NOTES, SQL_NOTES=0 */;

--
-- Table structure for table `allot_guide`
--

DROP TABLE IF EXISTS `allot_guide`;
/*!40101 SET @saved_cs_client     = @@character_set_client */;
/*!40101 SET character_set_client = utf8 */;
CREATE TABLE `allot_guide` (
  `id` int(11) NOT NULL AUTO_INCREMENT,
  `teacher_id` int(11) DEFAULT NULL COMMENT '指导老师id',
  `stu_id` int(11) DEFAULT NULL COMMENT '学生ID',
  `opTime` datetime DEFAULT NULL COMMENT '分配时间',
  `year` int(11) DEFAULT NULL COMMENT '年度',
  PRIMARY KEY (`id`)
) ENGINE=InnoDB AUTO_INCREMENT=325 DEFAULT CHARSET=utf8;
/*!40101 SET character_set_client = @saved_cs_client */;

--
-- Dumping data for table `allot_guide`
--

LOCK TABLES `allot_guide` WRITE;
/*!40000 ALTER TABLE `allot_guide` DISABLE KEYS */;
INSERT INTO `allot_guide` (`id`, `teacher_id`, `stu_id`, `opTime`, `year`) VALUES (26,175,277,'2017-09-12 18:30:46',2019),(27,175,278,'2017-09-12 18:31:00',2019),(28,175,279,'2017-09-12 18:31:14',2019),(30,175,281,'2017-09-12 18:31:45',2019),(33,187,305,'2017-09-12 18:32:18',2019),(35,187,306,'2017-09-12 18:32:25',2019),(38,187,307,'2017-09-12 18:32:40',2019),(40,187,308,'2017-09-12 18:32:45',2019),(43,187,302,'2017-09-12 18:33:12',2019),(46,187,304,'2017-09-12 18:33:19',2019),(47,187,303,'2017-09-12 18:33:26',2019),(49,175,282,'2017-09-12 18:33:31',2019),(51,187,298,'2017-09-12 18:33:39',2019),(52,187,296,'2017-09-12 18:33:46',2019),(53,175,283,'2017-09-12 18:33:47',2019),(54,187,300,'2017-09-12 18:34:02',2019),(55,187,299,'2017-09-12 18:34:09',2019),(56,187,297,'2017-09-12 18:34:26',2019),(57,187,301,'2017-09-12 18:34:34',2019),(65,175,285,'2017-09-12 18:35:10',2019),(67,144,363,'2017-09-12 18:35:15',2019),(69,144,364,'2017-09-12 18:35:23',2019),(70,175,286,'2017-09-12 18:35:25',2019),(73,175,287,'2017-09-12 18:35:45',2019),(74,175,288,'2017-09-12 18:35:58',2019),(75,144,362,'2017-09-12 18:35:58',2019),(76,175,289,'2017-09-12 18:36:14',2019),(77,140,347,'2017-09-12 18:36:15',2019),(78,144,365,'2017-09-12 18:36:16',2019),(79,175,290,'2017-09-12 18:36:28',2019),(80,200,348,'2017-09-12 18:36:55',2019),(81,104,366,'2017-09-12 18:37:35',2019),(82,111,322,'2017-09-12 18:37:48',2019),(83,195,291,'2017-09-12 18:37:54',2019),(84,111,321,'2017-09-12 18:37:56',2019),(85,104,367,'2017-09-12 18:38:00',2019),(86,111,320,'2017-09-12 18:38:00',2019),(87,113,349,'2017-09-12 18:38:02',2019),(88,195,292,'2017-09-12 18:38:09',2019),(89,111,319,'2017-09-12 18:38:10',2019),(90,113,350,'2017-09-12 18:38:11',2019),(91,111,318,'2017-09-12 18:38:16',2019),(92,104,368,'2017-09-12 18:38:22',2019),(93,111,317,'2017-09-12 18:38:23',2019),(94,111,316,'2017-09-12 18:38:30',2019),(95,113,351,'2017-09-12 18:38:32',2019),(96,104,369,'2017-09-12 18:38:34',2019),(97,111,313,'2017-09-12 18:38:37',2019),(98,113,352,'2017-09-12 18:38:40',2019),(99,113,353,'2017-09-12 18:38:46',2019),(100,111,310,'2017-09-12 18:38:48',2019),(101,113,354,'2017-09-12 18:38:52',2019),(102,113,355,'2017-09-12 18:38:59',2019),(103,111,309,'2017-09-12 18:39:02',2019),(104,104,370,'2017-09-12 18:39:22',2019),(105,104,371,'2017-09-12 18:39:38',2019),(106,104,372,'2017-09-12 18:39:53',2019),(107,200,356,'2017-09-12 18:39:58',2019),(108,200,357,'2017-09-12 18:40:03',2019),(109,200,358,'2017-09-12 18:40:09',2019),(110,200,359,'2017-09-12 18:40:15',2019),(111,200,360,'2017-09-12 18:40:22',2019),(112,200,361,'2017-09-12 18:40:29',2019),(113,159,293,'2017-09-12 18:40:40',2019),(114,159,294,'2017-09-12 18:41:46',2019),(115,159,295,'2017-09-12 18:41:57',2019),(116,111,311,'2017-09-12 18:42:23',2019),(117,178,373,'2017-09-12 18:42:35',2019),(118,178,374,'2017-09-12 18:43:08',2019),(119,178,375,'2017-09-12 18:43:18',2019),(120,178,376,'2017-09-12 18:43:28',2019),(121,178,377,'2017-09-12 18:43:38',2019),(123,111,312,'2017-09-12 18:45:08',2019),(124,169,378,'2017-09-12 18:45:29',2019),(125,169,380,'2017-09-12 18:45:50',2019),(126,169,381,'2017-09-12 18:45:59',2019),(127,169,382,'2017-09-12 18:46:12',2019),(128,169,383,'2017-09-12 18:46:22',2019),(129,169,384,'2017-09-12 18:46:31',2019),(130,169,385,'2017-09-12 18:46:46',2019),(132,169,386,'2017-09-12 18:46:54',2019),(134,169,387,'2017-09-12 18:47:05',2019),(135,169,388,'2017-09-12 18:47:14',2019),(136,169,389,'2017-09-12 18:47:23',2019),(137,169,390,'2017-09-12 18:47:32',2019),(139,159,337,'2017-09-12 18:48:12',2019),(140,159,338,'2017-09-12 18:48:17',2019),(141,111,315,'2017-09-12 18:48:21',2019),(142,159,339,'2017-09-12 18:48:23',2019),(143,111,314,'2017-09-12 18:48:28',2019),(144,159,340,'2017-09-12 18:48:28',2019),(145,159,341,'2017-09-12 18:48:33',2019),(146,196,391,'2017-09-12 18:48:34',2019),(147,159,342,'2017-09-12 18:48:38',2019),(148,159,343,'2017-09-12 18:48:43',2019),(149,159,344,'2017-09-12 18:48:48',2019),(150,159,345,'2017-09-12 18:48:54',2019),(151,159,346,'2017-09-12 18:48:59',2019),(152,199,410,'2017-09-12 18:50:28',2019),(153,196,394,'2017-09-12 18:50:31',2019),(154,199,409,'2017-09-12 18:50:37',2019),(155,199,407,'2017-09-12 18:50:44',2019),(156,196,395,'2017-09-12 18:50:48',2019),(157,199,406,'2017-09-12 18:50:57',2019),(158,196,396,'2017-09-12 18:50:58',2019),(159,196,397,'2017-09-12 18:51:08',2019),(160,199,404,'2017-09-12 18:51:08',2019),(161,196,398,'2017-09-12 18:51:17',2019),(162,199,401,'2017-09-12 18:51:25',2019),(163,199,399,'2017-09-12 18:51:33',2019),(164,199,400,'2017-09-12 18:51:49',2019),(165,199,402,'2017-09-12 18:51:55',2019),(166,199,405,'2017-09-12 18:52:03',2019),(167,199,408,'2017-09-12 18:54:00',2019),(168,199,403,'2017-09-12 18:54:08',2019),(169,169,379,'2017-09-12 18:54:45',2019),(170,196,392,'2017-09-12 18:56:10',2019),(171,196,393,'2017-09-12 18:56:21',2019),(172,175,284,'2017-09-12 18:58:03',2019),(211,118,336,NULL,2019),(212,118,335,NULL,2019),(213,118,334,NULL,2019),(214,118,333,NULL,2019),(215,118,332,NULL,2019),(216,118,331,NULL,2019),(217,118,330,NULL,2019),(218,118,329,NULL,2019),(220,118,327,NULL,2019),(221,118,326,NULL,2019),(222,118,325,NULL,2019),(223,118,323,NULL,2019),(224,200,328,'2017-10-06 16:44:48',2019),(227,118,324,'2017-11-30 19:39:13',2019),(228,187,510,'2017-07-07 15:07:14',2019),(229,187,511,'2017-06-06 15:09:12',2019),(230,187,512,'2017-06-06 15:09:17',2019),(231,187,513,'2017-06-06 15:09:55',2019),(232,115,469,NULL,2019),(233,115,462,NULL,2019),(234,115,468,NULL,2019),(235,115,466,NULL,2019),(236,115,463,NULL,2019),(237,161,465,NULL,2019),(238,161,467,NULL,2019),(239,157,471,NULL,2019),(240,157,474,NULL,2019),(241,161,470,NULL,2019),(242,161,473,NULL,2019),(243,115,480,NULL,2019),(244,132,476,NULL,2019),(245,132,478,NULL,2019),(246,157,477,NULL,2019),(247,157,475,NULL,2019),(248,157,479,NULL,2019),(249,157,481,NULL,2019),(250,157,482,NULL,2019),(251,115,461,NULL,2019),(252,115,464,NULL,2019),(253,115,468,NULL,2019),(254,115,469,NULL,2019),(255,157,472,NULL,2019),(256,157,483,NULL,2019),(257,148,487,NULL,2019),(258,148,489,NULL,2019),(259,148,496,NULL,2019),(260,148,497,NULL,2019),(261,148,498,NULL,2019),(262,148,500,NULL,2019),(263,148,501,NULL,2019),(264,148,504,NULL,2019),(265,148,506,NULL,2019),(266,145,486,NULL,2019),(267,145,484,NULL,2019),(268,145,488,NULL,2019),(269,145,490,NULL,2019),(270,145,491,NULL,2019),(271,145,492,NULL,2019),(272,145,493,NULL,2019),(273,132,494,NULL,2019),(274,132,495,NULL,2019),(275,132,499,NULL,2019),(276,132,502,NULL,2019),(277,132,503,NULL,2019),(278,132,505,NULL,2019),(279,132,507,NULL,2019),(280,132,508,NULL,2019),(281,115,460,NULL,2019),(282,132,485,NULL,2019),(283,116,661,NULL,2019),(284,116,662,NULL,2019),(285,116,663,NULL,2019),(286,137,664,NULL,2019),(287,137,665,NULL,2019),(288,137,666,NULL,2019),(289,116,667,NULL,2019),(290,116,668,NULL,2019),(291,116,669,NULL,2019),(292,174,670,NULL,2019),(293,174,671,NULL,2019),(294,141,672,NULL,2019),(295,141,673,NULL,2019),(296,141,674,NULL,2019),(297,174,675,NULL,2019),(298,174,676,NULL,2019),(299,152,677,NULL,2019),(300,152,678,NULL,2019),(301,146,679,NULL,2019),(302,146,680,NULL,2019),(303,152,681,NULL,2019),(304,152,682,NULL,2019),(305,152,683,NULL,2019),(306,194,684,NULL,2019),(307,194,685,NULL,2019),(308,146,686,NULL,2019),(309,146,687,NULL,2019),(310,194,688,NULL,2019),(311,194,689,NULL,2019),(312,194,690,NULL,2019),(313,194,691,NULL,2019),(314,194,692,NULL,2019),(315,195,693,NULL,2019),(316,195,694,NULL,2019),(317,195,695,NULL,2019),(318,195,696,NULL,2019),(319,195,697,NULL,2019),(320,159,699,'2017-12-13 14:20:40',2019),(321,169,700,'2017-12-13 15:50:12',2019),(322,159,280,'2019-07-02 22:23:29',2019),(323,159,512,NULL,2019),(324,196,702,'2019-07-04 11:09:56',2019);
/*!40000 ALTER TABLE `allot_guide` ENABLE KEYS */;
UNLOCK TABLES;

--
-- Table structure for table `chat_file`
--

DROP TABLE IF EXISTS `chat_file`;
/*!40101 SET @saved_cs_client     = @@character_set_client */;
/*!40101 SET character_set_client = utf8 */;
CREATE TABLE `chat_file` (
  `file_id` int(11) NOT NULL AUTO_INCREMENT,
  `chat_info_id` int(11) DEFAULT NULL COMMENT '聊天信息id',
  `file_name` varchar(255) DEFAULT NULL,
  `file_type` varchar(255) DEFAULT NULL COMMENT '文件类型， 1-图片 2-文件',
  `file_path` varchar(255) DEFAULT NULL,
  PRIMARY KEY (`file_id`)
) ENGINE=InnoDB DEFAULT CHARSET=utf8;
/*!40101 SET character_set_client = @saved_cs_client */;

--
-- Dumping data for table `chat_file`
--

LOCK TABLES `chat_file` WRITE;
/*!40000 ALTER TABLE `chat_file` DISABLE KEYS */;
/*!40000 ALTER TABLE `chat_file` ENABLE KEYS */;
UNLOCK TABLES;

--
-- Table structure for table `chat_info`
--

DROP TABLE IF EXISTS `chat_info`;
/*!40101 SET @saved_cs_client     = @@character_set_client */;
/*!40101 SET character_set_client = utf8 */;
CREATE TABLE `chat_info` (
  `chat_id` int(11) NOT NULL AUTO_INCREMENT,
  `sender_id` int(11) DEFAULT NULL COMMENT '发送人id',
  `sender_name` varchar(255) DEFAULT NULL COMMENT '发送人',
  `sender_content` varchar(255) DEFAULT NULL COMMENT '发送内容',
  `answer_id` int(11) DEFAULT NULL COMMENT '回复人id',
  `answer_name` varchar(255) DEFAULT NULL COMMENT '回复人',
  `read_type` varchar(255) DEFAULT NULL COMMENT '消息 , 0-已读 1-未读',
  `year` int(11) DEFAULT NULL COMMENT '年度',
  `send_time` datetime DEFAULT NULL COMMENT '发送时间',
  `chat_type` varchar(255) DEFAULT NULL COMMENT '交流，1-私聊  0-群聊',
  `cont_type` varchar(255) DEFAULT NULL COMMENT '消息类型，0-文字消息  1-图片消息  2-文件消息',
  PRIMARY KEY (`chat_id`)
) ENGINE=InnoDB AUTO_INCREMENT=52 DEFAULT CHARSET=utf8;
/*!40101 SET character_set_client = @saved_cs_client */;

--
-- Dumping data for table `chat_info`
--

LOCK TABLES `chat_info` WRITE;
/*!40000 ALTER TABLE `chat_info` DISABLE KEYS */;
INSERT INTO `chat_info` (`chat_id`, `sender_id`, `sender_name`, `sender_content`, `answer_id`, `answer_name`, `read_type`, `year`, `send_time`, `chat_type`, `cont_type`) VALUES (49,324,'黎艺侠','11111111111111',1,'','',2017,'2017-12-06 22:48:49','0','0'),(50,324,'黎艺侠','11111111111111111',1,'','336,335,334,333,332,331,330,329,327,326,325,323,',2017,'2017-12-06 22:50:38','0','0'),(51,280,'庞运兴','老师好\n',159,'彭金虎','0',2019,'2019-07-04 18:18:09','1','0');
/*!40000 ALTER TABLE `chat_info` ENABLE KEYS */;
UNLOCK TABLES;

--
-- Table structure for table `defense_record`
--

DROP TABLE IF EXISTS `defense_record`;
/*!40101 SET @saved_cs_client     = @@character_set_client */;
/*!40101 SET character_set_client = utf8 */;
CREATE TABLE `defense_record` (
  `defense_id` int(11) NOT NULL AUTO_INCREMENT,
  `defense_content` longtext COMMENT '答辩记录',
  `stu_id` int(11) DEFAULT NULL COMMENT '学生ID',
  `teacher_id` int(11) DEFAULT NULL COMMENT '指导老师Id',
  `year` int(11) DEFAULT NULL,
  PRIMARY KEY (`defense_id`)
) ENGINE=InnoDB AUTO_INCREMENT=21 DEFAULT CHARSET=utf8;
/*!40101 SET character_set_client = @saved_cs_client */;

--
-- Dumping data for table `defense_record`
--

LOCK TABLES `defense_record` WRITE;
/*!40000 ALTER TABLE `defense_record` DISABLE KEYS */;
INSERT INTO `defense_record` (`defense_id`, `defense_content`, `stu_id`, `teacher_id`, `year`) VALUES (1,'yutyur',410,199,2019),(2,'进口零食代购',410,199,2019),(3,'但是放大师傅多少范德萨范德萨放大师傅多少范德萨范德萨发sdafgg  sadf dsdddddddddddddddddsDSDDDDD是顶顶顶顶顶的的DDDDDkllllllddddddddd',336,118,2019),(4,'发撒旦法的说法',335,118,2019),(5,'adsf gffffffffffffffffffffffffffffffffffhdffffffffffffffffffffffffffg',323,118,2019),(6,'发反反复复发反反复复发反反复复烦烦烦fffffffffff发反反复复发反反复复发反反复复烦烦烦fffffffffff发反反复复发反反复复发反反复复烦烦烦fffffffffff发反反复复发反反复复发反反复复烦烦烦fffffffffff发反反复复发反反复复发反反复复烦烦烦fffffffffff发反反复复发反反复复发反反复复烦烦烦fffffffffff发反反复复发反反复复发反反复复烦烦烦fffffffffff发反反复复发反反复复发反反复复烦烦烦fffffffffff发反反复复发反反复复发反反复复烦烦烦fffffffffff发反反复复发反反复复发反反复复烦烦烦fffffffffff发反反复复发反反复复发反反复复烦烦烦fffffffffff发反反复复发反反复复发反反复复烦烦烦fffffffffff发反反复复发反反复复发反反复复烦烦烦fffffffffff的大大地的点点滴滴',318,111,2019),(7,'openDetail()openDetail()openDetail()openDetail()openDetail()openDetail()openDetail()openDetail()openDetail()openDetail()openDetail()openDetail()openDetail()openDetail()openDetail()openDetail()openDetail()openDetail()openDetail()openDetail()openDetail()openDetail()openDetail()openDetail()openDetail()openDetail()openDetail()openDetail()openDetail()openDetail()openDetail()openDetail()openDetail()openDetail()openDetail()openDetail()openDetail()openDetail()openDetail()openDetail()openDetail()openDetail()openDetail()openDetail()openDetail()openDetail()openDetail()openDetail()openDetail()openDetail()openDetail()openDetail()openDetail()openDetail()openDetail()openDetail()openDetail()openDetail()',319,111,2019),(8,'',319,111,2019),(9,'斤斤计',319,111,2019),(10,'还是地方啦法拉盛得啦扫地了',283,111,2019),(11,'akfhklas fak健康的飞洒开发akfhklas fak健康的飞洒开发akfhklas fak健康的飞洒开发akfhklas fak健康的飞洒开发akfhklas fak健康的飞洒开发akfhklas fak健康的飞洒开发akfhklas fak健康的飞洒开发akfhklas fak健康的飞洒开发akfhklas fak健康的飞洒开发akfhklas fak健康的飞洒开发akfhklas fak健康的飞洒开发akfhklas fak健康的飞洒开发akfhklas fak健康的飞洒开发akfhklas fak健康的飞洒开发akfhklas fak健康的飞洒开发akfhklas fak健康的飞洒开发akfhklas fak健康的飞洒开发akfhklas fak健康的飞洒开发akfhklas fak健康的飞洒开发akfhklas fak健康的飞洒开发akfhklas fak健康的飞洒开发akfhklas fak健康的飞洒开发akfhklas fak健康的飞洒开发akfhklas fak健康的飞洒开发akfhklas fak健康的飞洒开发akfhklas fak健康的飞洒开发',324,118,2019),(12,'akfhklas fak健康的飞洒开发akfhklas fak健康的飞洒开发akfhklas fak健康的飞洒开发akfhklas fak健康的飞洒开发akfhklas fak健康的飞洒开发akfhklas fak健康的飞洒开发akfhklas fak健康的飞洒开发akfhklas fak健康的飞洒开发akfhklas fak健康的飞洒开发akfhklas fak健康的飞洒开发akfhklas fak健康的飞洒开发akfhklas fak健康的飞洒开发akfhklas fak健康的飞洒开发akfhklas fak健康的飞洒开发akfhklas fak健康的飞洒开发akfhklas fak健康的飞洒开发akfhklas fak健康的飞洒开发akfhklas fak健康的飞洒开发akfhklas fak健康的飞洒开发akfhklas fak健康的飞洒开发akfhklas fak健康的飞洒开发akfhklas fak健康的飞洒开发akfhklas fak健康的飞洒开发akfhklas fak健康的飞洒开发akfhklas fak健康的飞洒开发akfhklas fak健康的飞洒开发akfhklas fak健康的飞洒开发akfhklas fak',324,118,2019),(14,'111111111111111111111111111111111111111111111',280,159,2019),(15,'66666666666666666666666666667777777777777777',280,159,2019),(16,'修改修改修改修改修改修改修改修改修改修改修改修改修改修改修改修改',280,159,2019),(17,'666666666666666666666666666666666666666666666666666666666666666666666666666666666666666666666666666666666666666666666666666666666666666666666666666666666666666666666666666666666666666666666666666666666666666666666666666666666666666666666666666666666666666666666666666666666666666666666666666666666666666666666666666666666666666666666666666666666666666666666666666666666666666666666666666666666666666666666666666666666666666666666666666666666666666666666666666666666666666666666666666666666666666666666666666666666666666666666666666666666666666666666666666666666666666666666666666666666666666666666666666666666666666666666666666666666666666666666666666666666666666666666666666666666666666666666666666666666666666666666666666666666666666666666666666666666666666666666',512,159,2019),(18,'	董彦贵答辩记录	董彦贵答辩记录	董彦贵答辩记录	董彦贵答辩记录	董彦贵答辩记录	董彦贵答辩记录	董彦贵答辩记录	董彦贵答辩记录	董彦贵答辩记录',377,178,2019),(19,'李桂全答辩记录答辩记录答辩记录答辩记录答辩记录答辩记录答辩记录答辩记录答辩记录答辩记录答辩记录答辩记录答辩记录',362,144,2019),(20,'信息与电子工程学院	专业：	软件工程	班级：	14软件工程2班\r\n学号：	201400208230	姓名：	李加伟	指导 老师：	陈悦\r\n题目：	电商用户数据分析及商品推荐系统的设计与实现\r\n答辩记录：\r\n信息与电子工程学院	专业：	软件工程	班级：	14软件工程2班\r\n学号：	201400208230	姓名：	李加伟	指导 老师：	陈悦\r\n题目：	电商用户数据分析及商品推荐系统的设计与实现\r\n答辩记录：\r\n',285,175,2019);
/*!40000 ALTER TABLE `defense_record` ENABLE KEYS */;
UNLOCK TABLES;

--
-- Table structure for table `group_allot`
--

DROP TABLE IF EXISTS `group_allot`;
/*!40101 SET @saved_cs_client     = @@character_set_client */;
/*!40101 SET character_set_client = utf8 */;
CREATE TABLE `group_allot` (
  `group_id` int(11) NOT NULL AUTO_INCREMENT,
  `dept_number` varchar(50) DEFAULT NULL,
  `classRoom_id` int(11) DEFAULT NULL,
  `reply_time` datetime DEFAULT NULL,
  `group_name` varchar(255) DEFAULT NULL COMMENT '组名',
  `group_type` varchar(255) DEFAULT NULL COMMENT '分组类型：00-答辩组 01-系答辩委员会',
  `first_defense` varchar(255) DEFAULT NULL COMMENT '是否是第一次分配评阅：00-是 01-否',
  `year` int(11) DEFAULT NULL COMMENT '年度',
  PRIMARY KEY (`group_id`)
) ENGINE=InnoDB AUTO_INCREMENT=12 DEFAULT CHARSET=utf8;
/*!40101 SET character_set_client = @saved_cs_client */;

--
-- Dumping data for table `group_allot`
--

LOCK TABLES `group_allot` WRITE;
/*!40000 ALTER TABLE `group_allot` DISABLE KEYS */;
INSERT INTO `group_allot` (`group_id`, `dept_number`, `classRoom_id`, `reply_time`, `group_name`, `group_type`, `first_defense`, `year`) VALUES (7,'201700201',4,'2017-09-19 00:00:00','第一组','00','00',2019),(8,'201700201',11,'2017-09-16 00:00:00','第二组','00','01',2019),(9,'201700201',30,'2017-09-16 00:00:00','第三组','00','01',2019),(10,'201700201',1,'2017-09-16 00:00:00','第四组','00','01',2019),(11,'201700201',1,'2019-07-23 00:00:00','阿姆斯特朗组','00','00',2019);
/*!40000 ALTER TABLE `group_allot` ENABLE KEYS */;
UNLOCK TABLES;

--
-- Table structure for table `group_defense_direction`
--

DROP TABLE IF EXISTS `group_defense_direction`;
/*!40101 SET @saved_cs_client     = @@character_set_client */;
/*!40101 SET character_set_client = utf8 */;
CREATE TABLE `group_defense_direction` (
  `id` int(11) NOT NULL AUTO_INCREMENT,
  `group_allot_id` int(11) DEFAULT NULL COMMENT '分组Id',
  `major_id` int(11) DEFAULT NULL COMMENT '专业教研室Id',
  `year` int(11) DEFAULT NULL COMMENT '年度',
  PRIMARY KEY (`id`)
) ENGINE=InnoDB AUTO_INCREMENT=61 DEFAULT CHARSET=utf8;
/*!40101 SET character_set_client = @saved_cs_client */;

--
-- Dumping data for table `group_defense_direction`
--

LOCK TABLES `group_defense_direction` WRITE;
/*!40000 ALTER TABLE `group_defense_direction` DISABLE KEYS */;
INSERT INTO `group_defense_direction` (`id`, `group_allot_id`, `major_id`, `year`) VALUES (32,4,5,2019),(33,4,4,2019),(34,3,11,2019),(35,3,6,2019),(38,5,5,2019),(39,5,4,2019),(49,6,11,2019),(50,6,10,2019),(51,6,9,2019),(52,6,8,2019),(53,2,9,2019),(54,2,5,2019),(55,7,11,2019),(56,7,4,2019),(57,8,4,2019),(58,9,4,2019),(59,10,4,2019),(60,11,4,2019);
/*!40000 ALTER TABLE `group_defense_direction` ENABLE KEYS */;
UNLOCK TABLES;

--
-- Table structure for table `group_student`
--

DROP TABLE IF EXISTS `group_student`;
/*!40101 SET @saved_cs_client     = @@character_set_client */;
/*!40101 SET character_set_client = utf8 */;
CREATE TABLE `group_student` (
  `id` int(11) NOT NULL AUTO_INCREMENT,
  `student_no` varchar(50) DEFAULT NULL,
  `student_id` int(11) DEFAULT NULL,
  `group_allot_id` int(11) DEFAULT NULL COMMENT '分组ID',
  `defense_teacher_id` int(11) DEFAULT NULL COMMENT '评阅老师id',
  `opTime` datetime DEFAULT NULL,
  `year` int(11) DEFAULT NULL,
  PRIMARY KEY (`id`)
) ENGINE=InnoDB AUTO_INCREMENT=248 DEFAULT CHARSET=utf8;
/*!40101 SET character_set_client = @saved_cs_client */;

--
-- Dumping data for table `group_student`
--

LOCK TABLES `group_student` WRITE;
/*!40000 ALTER TABLE `group_student` DISABLE KEYS */;
INSERT INTO `group_student` (`id`, `student_no`, `student_id`, `group_allot_id`, `defense_teacher_id`, `opTime`, `year`) VALUES (24,'201400208249',410,4,139,'2017-10-03 13:56:50',2019),(25,'201400208243',409,4,139,'2017-10-03 13:56:54',2019),(26,'201400208236',408,4,139,'2017-10-03 14:07:36',2019),(27,'201400208235',407,4,139,'2017-10-03 14:07:36',2019),(51,'201400208230',285,3,199,'2017-10-03 22:09:17',2019),(52,'201400208133',284,3,NULL,'2017-10-03 22:09:17',2019),(53,'201400208130 ',283,3,NULL,'2017-10-03 22:09:17',2019),(55,'201400208229',406,4,163,'2017-10-03 22:32:25',2019),(56,'201400208227',405,4,163,'2017-10-03 22:32:25',2019),(57,'201400208207',404,4,163,'2017-10-03 22:32:25',2019),(58,'201400208205',403,4,163,'2017-10-03 22:32:25',2019),(59,'201310202003',402,4,201,'2017-10-03 22:32:25',2019),(60,'201400208132',401,4,201,'2017-10-03 22:32:25',2019),(61,'201400208120',400,4,201,'2017-10-03 22:32:25',2019),(62,'201400208111',399,4,201,'2017-10-03 22:32:25',2019),(63,'201400208242',398,4,111,'2017-10-03 22:32:25',2019),(64,'201400208241',397,4,111,'2017-10-03 22:32:25',2019),(65,'201400208240',396,4,111,'2017-10-03 22:32:26',2019),(66,'201400208237',395,4,111,'2017-10-03 22:32:26',2019),(67,'201400208223',394,4,147,'2017-10-03 22:32:26',2019),(68,'201400208124',393,4,147,'2017-10-03 22:32:26',2019),(69,'201400208119',392,4,147,'2017-10-03 22:32:26',2019),(70,'201400208114',391,4,147,'2017-10-03 22:32:26',2019),(71,'201400213054',390,4,NULL,'2017-10-03 22:32:26',2019),(72,'201400213046',389,4,NULL,'2017-10-03 22:32:26',2019),(73,'201400213043',388,4,NULL,'2017-10-03 22:32:26',2019),(74,'201400213038',387,4,NULL,'2017-10-03 22:32:26',2019),(75,'201401902110',386,4,NULL,'2017-10-03 22:32:26',2019),(78,'201400208116',310,6,183,'2017-10-03 22:38:44',2019),(79,'201400208103',309,6,183,'2017-10-03 22:38:44',2019),(80,'201400208233',307,6,158,'2017-10-03 22:38:44',2019),(81,'201400208218',305,6,124,'2017-10-03 22:38:44',2019),(83,'201400208215',303,6,124,'2017-10-03 22:38:45',2019),(84,'201400208211',302,6,124,'2017-10-03 22:38:45',2019),(85,'201400208203',301,6,118,'2017-10-03 22:38:45',2019),(86,'201400208202',300,6,118,'2017-10-03 22:38:45',2019),(87,'201400208108',298,6,118,'2017-10-03 22:38:45',2019),(91,'201400208249',410,5,139,'2017-10-04 18:23:43',2019),(92,'201400208243',409,5,139,'2017-10-04 18:23:43',2019),(93,'201400208236',408,5,139,'2017-10-04 18:23:43',2019),(94,'201400208235',407,5,139,'2017-10-04 18:23:43',2019),(95,'201400208229',406,5,163,'2017-10-04 18:23:43',2019),(96,'201400208227',405,5,163,'2017-10-04 18:23:43',2019),(97,'201400208207',404,5,163,'2017-10-04 18:23:43',2019),(98,'201400208205',403,5,163,'2017-10-04 18:23:43',2019),(99,'201310202003',402,5,201,'2017-10-04 18:23:44',2019),(100,'201400208132',401,5,201,'2017-10-04 18:23:44',2019),(101,'201400208120',400,5,201,'2017-10-04 18:23:44',2019),(102,'201400208111',399,5,201,'2017-10-04 18:23:44',2019),(103,'201400208242',398,5,111,'2017-10-04 18:23:44',2019),(104,'201400208241',397,5,111,'2017-10-04 18:23:44',2019),(105,'201400208240',396,5,111,'2017-10-04 18:23:44',2019),(106,'201400208237',395,5,111,'2017-10-04 18:23:44',2019),(107,'201400208223',394,5,147,'2017-10-04 18:23:44',2019),(108,'201400208124',393,5,147,'2017-10-04 18:23:44',2019),(109,'201400208119',392,5,147,'2017-10-04 18:23:44',2019),(110,'201400208114',391,5,147,'2017-10-04 18:23:44',2019),(111,'201400213054',390,5,NULL,'2017-10-04 18:23:44',2019),(112,'201400208127',312,6,175,'2017-10-07 16:12:57',2019),(113,'201400208123',311,6,183,'2017-10-07 16:12:57',2019),(114,'201400213051',308,6,165,'2017-10-07 16:12:57',2019),(115,'201400208222',306,6,179,'2017-10-07 16:12:57',2019),(116,'201400208217',304,6,179,'2017-10-07 16:12:57',2019),(117,'201400208106',297,6,179,'2017-10-07 16:12:57',2019),(118,'201400208102',296,6,172,'2017-10-07 16:12:57',2019),(119,'201400208228',295,6,172,'2017-10-07 16:12:57',2019),(120,'201400208214',294,6,172,'2017-10-07 16:12:57',2019),(121,'201400208210',293,6,172,'2017-10-07 16:12:57',2019),(122,'201400208144',292,6,118,'2017-10-07 16:12:57',2019),(123,'201400208138',291,6,NULL,'2017-10-07 16:12:57',2019),(124,'201400208122',281,2,NULL,'2017-10-07 16:13:08',2019),(125,'201400208118',280,2,NULL,'2017-10-07 16:13:08',2019),(126,'201400208117',279,2,NULL,'2017-10-07 16:13:08',2019),(127,'201400208110',278,2,NULL,'2017-10-07 16:13:08',2019),(128,'201400208001',277,2,NULL,'2017-10-07 16:13:08',2019),(129,'201400208126',282,3,NULL,'2017-10-07 16:13:18',2019),(130,'201400208232',385,4,NULL,'2017-10-07 16:13:27',2019),(131,'201400208225',384,4,NULL,'2017-10-07 16:13:27',2019),(132,'201400208224',383,4,NULL,'2017-10-07 16:13:28',2019),(133,'201400208221',382,4,NULL,'2017-10-07 16:13:28',2019),(134,'201400208208',381,4,NULL,'2017-10-07 16:13:28',2019),(135,'201400208150',380,4,NULL,'2017-10-07 16:13:28',2019),(136,'201400208131',379,4,NULL,'2017-10-07 16:13:28',2019),(137,'201400208104',378,4,NULL,'2017-10-07 16:13:28',2019),(139,'201400213023',376,4,187,'2017-10-07 16:13:28',2019),(140,'201400213021',375,4,NULL,'2017-10-07 16:13:28',2019),(141,'201400213017',374,4,187,'2017-10-07 16:13:28',2019),(142,'201400213016',373,4,187,'2017-10-07 16:13:28',2019),(143,'201400213042',372,4,NULL,'2017-10-07 16:13:28',2019),(144,'201400208247',371,4,187,'2017-10-07 16:13:28',2019),(145,'201400208139',370,4,196,'2017-10-07 16:13:28',2019),(146,'201400213045',369,4,NULL,'2017-10-07 16:13:28',2019),(147,'201400208128',368,4,196,'2017-10-07 16:13:28',2019),(148,'201400208115',367,4,NULL,'2017-10-07 16:13:28',2019),(149,'201400208107',366,4,NULL,'2017-10-07 16:13:28',2019),(150,'201400213033',365,4,118,'2017-10-07 16:13:29',2019),(151,'201400208135',324,9,196,'2017-11-05 22:02:46',2019),(152,'201400208134',323,9,187,'2017-11-05 22:03:00',2019),(153,'201400208141',325,9,196,'2017-11-05 22:03:07',2019),(154,'201400208142',326,9,196,'2017-11-05 22:03:42',2019),(155,'201400208139',370,9,196,'2017-11-05 22:03:54',2019),(156,'201400208148',327,9,196,'2017-11-05 22:04:20',2019),(157,'201400208128',368,9,196,'2017-11-05 22:04:42',2019),(158,'201400208149',319,10,175,'2017-11-05 22:05:23',2019),(159,'201400208147',318,10,175,'2017-11-05 22:05:43',2019),(160,'201400208146',317,10,175,'2017-11-05 22:05:43',2019),(161,'201400208140',316,10,175,'2017-11-05 22:05:43',2019),(162,'201400208137',315,10,175,'2017-11-05 22:05:43',2019),(163,'201400208136',314,10,175,'2017-11-05 22:05:44',2019),(164,'201400208129',313,10,175,'2017-11-05 22:05:44',2019),(165,'201400208127',312,10,118,'2017-11-05 22:05:44',2019),(166,'201400208123',311,10,183,'2017-11-05 22:05:44',2019),(167,'201400208116',310,10,183,'2017-11-05 22:05:44',2019),(168,'201400208103',309,10,183,'2017-11-05 22:05:57',2019),(169,'201400208124',393,7,NULL,'2017-11-05 22:07:49',2019),(170,'201400208119',392,7,NULL,'2017-11-05 22:07:55',2019),(171,'201400208114',391,7,NULL,'2017-11-05 22:08:11',2019),(172,'201310202003',402,7,NULL,'2017-11-05 22:09:07',2019),(173,'201400208132',401,7,NULL,'2017-11-05 22:09:12',2019),(174,'201400208120',400,7,NULL,'2017-11-05 22:09:17',2019),(175,'201400208111',399,7,NULL,'2017-11-05 22:09:21',2019),(176,'201400208150',380,7,NULL,'2017-11-05 22:09:45',2019),(177,'201400208131',379,7,NULL,'2017-11-05 22:09:50',2019),(178,'201400208104',378,7,NULL,'2017-11-05 22:09:56',2019),(182,'201400201438',338,9,196,'2017-11-06 09:42:02',2019),(183,'201400208234',337,9,187,'2017-11-06 09:42:11',2019),(184,'201400208219',328,9,187,'2017-11-06 09:42:17',2019),(186,'201400208230',285,8,199,'2017-11-06 09:45:44',2019),(187,'201400208239',321,10,183,'2017-11-06 09:47:07',2019),(188,'201400208244',322,10,183,'2017-11-06 09:47:16',2019),(189,'201400208226',320,10,183,'2017-11-06 09:47:24',2019),(190,'201401902110',386,7,NULL,'2017-11-06 09:52:37',2019),(191,'201400208249',410,7,NULL,'2017-11-06 09:52:55',2019),(192,'201400208243',409,7,NULL,'2017-11-06 09:53:02',2019),(193,'201400208236',408,7,NULL,'2017-11-06 09:53:07',2019),(194,'201400208235',407,7,NULL,'2017-11-06 09:53:19',2019),(195,'201400208229',406,7,NULL,'2017-11-06 09:53:24',2019),(196,'201400208227',405,7,NULL,'2017-11-06 09:53:32',2019),(197,'201400208207',404,7,NULL,'2017-11-06 09:53:40',2019),(198,'201400208205',403,7,NULL,'2017-11-06 09:53:46',2019),(199,'201400208242',398,7,NULL,'2017-11-06 09:53:55',2019),(200,'201400208241',397,7,NULL,'2017-11-06 09:53:59',2019),(201,'201400208240',396,7,NULL,'2017-11-06 09:54:19',2019),(202,'201400208237',395,7,NULL,'2017-11-06 09:54:23',2019),(203,'201400208223',394,7,NULL,'2017-11-06 09:54:28',2019),(204,'201400213054',390,7,NULL,'2017-11-06 09:55:17',2019),(205,'201400213046',389,7,NULL,'2017-11-06 09:55:21',2019),(206,'201400213043',388,7,NULL,'2017-11-06 09:55:26',2019),(207,'201400213038',387,7,NULL,'2017-11-06 09:55:32',2019),(208,'201400208232',385,7,NULL,'2017-11-06 09:55:37',2019),(209,'201400208225',384,7,NULL,'2017-11-06 09:55:42',2019),(210,'201400208224',383,7,NULL,'2017-11-06 09:55:48',2019),(211,'201400208221',382,7,NULL,'2017-11-06 09:55:54',2019),(212,'201400208208',381,7,NULL,'2017-11-06 09:56:04',2019),(213,'201400213023',376,9,187,'2017-11-06 09:56:46',2019),(214,'201400213017',374,9,187,'2017-11-06 09:57:04',2019),(215,'201400213016',373,9,187,'2017-11-06 09:57:10',2019),(216,'201400208247',371,9,187,'2017-11-06 09:57:22',2019),(217,'201400213040',377,8,169,'2017-11-06 19:45:19',2019),(218,'201400213029',362,8,159,'2017-11-06 19:45:37',2019),(219,'201400212032',364,10,183,'2017-11-06 19:47:13',2019),(220,'201400213031',363,10,183,'2017-11-06 19:47:28',2019),(221,'201400213033',365,10,175,'2017-11-06 19:47:38',2019),(222,'201400213014',357,10,118,'2017-11-06 19:47:59',2019),(223,'201400213013',356,10,118,'2017-11-06 19:48:08',2019),(224,'201400213015',358,10,118,'2017-11-06 19:48:16',2019),(225,'201400213024',361,10,118,'2017-11-06 19:48:34',2019),(226,'201400213020',360,10,118,'2017-11-06 19:48:47',2019),(227,'201400213019',359,10,118,'2017-11-06 19:49:04',2019),(228,'201400213008',352,10,118,'2017-11-06 19:49:20',2019),(229,'201400213009',353,10,NULL,'2017-11-06 19:49:36',2019),(230,'201400213010',354,10,NULL,'2017-11-06 19:49:44',2019),(231,'201400213025',340,9,187,'2017-11-06 19:50:53',2019),(232,'201400213039',343,9,187,'2017-11-06 19:51:05',2019),(233,'201400213041',344,9,144,'2017-11-06 19:51:16',2019),(234,'201400213049',345,9,144,'2017-11-06 19:51:29',2019),(235,'201400213056',346,9,144,'2017-11-06 19:51:35',2019),(236,'201400203048',333,9,144,'2017-11-06 19:52:14',2019),(237,'201400213055',334,9,144,'2017-11-06 19:52:28',2019),(238,'201400213047',332,9,144,'2017-11-06 19:52:37',2019),(239,'201400213044',331,9,144,'2017-11-06 19:52:57',2019),(240,'201400213027',330,9,144,'2017-11-06 19:53:04',2019),(241,'201400213057',335,9,NULL,'2017-11-06 19:53:13',2019),(242,'201400208130 ',283,9,NULL,'2017-12-09 22:07:08',2019),(243,'201400213026',289,7,NULL,'2017-12-17 21:03:02',2019),(245,'201400208108',511,11,NULL,'2019-07-08 20:51:55',2019),(246,'201400208245',339,11,NULL,'2019-07-08 22:32:39',2019),(247,'201400208115',367,11,NULL,'2019-07-08 22:32:51',2019);
/*!40000 ALTER TABLE `group_student` ENABLE KEYS */;
UNLOCK TABLES;

--
-- Table structure for table `group_teacher`
--

DROP TABLE IF EXISTS `group_teacher`;
/*!40101 SET @saved_cs_client     = @@character_set_client */;
/*!40101 SET character_set_client = utf8 */;
CREATE TABLE `group_teacher` (
  `id` int(11) NOT NULL AUTO_INCREMENT,
  `group_allot_id` int(11) DEFAULT NULL COMMENT '分组Id',
  `teacher_id` int(11) DEFAULT NULL,
  `opTime` datetime DEFAULT NULL,
  `year` int(11) DEFAULT NULL COMMENT '年度',
  `type` varchar(255) DEFAULT NULL COMMENT '0-组长 1-答辩老师 2-记录员',
  PRIMARY KEY (`id`)
) ENGINE=InnoDB AUTO_INCREMENT=53 DEFAULT CHARSET=utf8;
/*!40101 SET character_set_client = @saved_cs_client */;

--
-- Dumping data for table `group_teacher`
--

LOCK TABLES `group_teacher` WRITE;
/*!40000 ALTER TABLE `group_teacher` DISABLE KEYS */;
INSERT INTO `group_teacher` (`id`, `group_allot_id`, `teacher_id`, `opTime`, `year`, `type`) VALUES (37,7,104,'2017-11-05 21:39:23',2019,'0'),(38,7,200,'2017-11-05 21:39:51',2019,'2'),(39,8,159,'2017-11-05 21:40:34',2019,'0'),(40,8,169,'2017-11-05 21:40:46',2019,'1'),(41,8,199,'2017-11-05 21:41:07',2019,'2'),(42,9,144,'2017-11-05 21:42:01',2019,'1'),(43,9,187,'2017-11-05 21:42:31',2019,'0'),(44,9,196,'2017-11-05 21:42:44',2019,'2'),(46,10,118,'2017-11-05 21:44:09',2019,'0'),(47,10,183,'2017-11-05 21:44:22',2019,'1'),(48,10,175,'2017-11-05 21:44:43',2019,'2'),(49,7,113,'2017-11-05 21:45:28',2019,'1'),(50,11,192,'2019-07-08 22:23:22',2019,'0'),(51,11,117,'2019-07-08 22:23:34',2019,'1'),(52,11,190,'2019-07-08 22:23:41',2019,'2');
/*!40000 ALTER TABLE `group_teacher` ENABLE KEYS */;
UNLOCK TABLES;

--
-- Table structure for table `guide_count`
--

DROP TABLE IF EXISTS `guide_count`;
/*!40101 SET @saved_cs_client     = @@character_set_client */;
/*!40101 SET character_set_client = utf8 */;
CREATE TABLE `guide_count` (
  `id` int(11) NOT NULL AUTO_INCREMENT,
  `max_stuNum` int(11) DEFAULT NULL COMMENT '指导老师最多学生人数',
  `already_stuNum` int(11) DEFAULT NULL COMMENT '指导老师已有学生人数',
  `guide_teachId` int(11) DEFAULT NULL COMMENT '指导老师id',
  `year` int(11) DEFAULT NULL COMMENT '年度',
  PRIMARY KEY (`id`)
) ENGINE=InnoDB AUTO_INCREMENT=102 DEFAULT CHARSET=utf8;
/*!40101 SET character_set_client = @saved_cs_client */;

--
-- Dumping data for table `guide_count`
--

LOCK TABLES `guide_count` WRITE;
/*!40000 ALTER TABLE `guide_count` DISABLE KEYS */;
INSERT INTO `guide_count` (`id`, `max_stuNum`, `already_stuNum`, `guide_teachId`, `year`) VALUES (1,20,8,200,2019),(2,20,12,199,2019),(3,20,0,198,2019),(4,20,0,197,2019),(5,20,8,196,2019),(6,20,2,195,2019),(7,20,0,194,2019),(8,20,0,193,2019),(9,20,0,192,2019),(10,20,0,191,2019),(11,20,0,190,2019),(12,20,0,189,2019),(13,20,0,188,2019),(14,20,13,187,2019),(15,20,0,186,2019),(16,20,0,185,2019),(17,20,0,184,2019),(18,20,0,183,2019),(19,20,0,182,2019),(20,20,0,181,2019),(21,20,0,180,2019),(22,20,0,179,2019),(23,20,0,178,2019),(24,20,0,177,2019),(25,20,0,176,2019),(26,20,0,175,2019),(27,20,0,174,2019),(28,20,0,173,2019),(29,20,0,172,2019),(30,20,0,171,2019),(31,20,0,170,2019),(32,20,2,169,2019),(33,20,0,168,2019),(34,20,0,167,2019),(35,20,0,166,2019),(36,20,0,165,2019),(37,20,0,164,2019),(38,20,0,163,2019),(39,20,0,162,2019),(40,20,0,161,2019),(41,20,0,160,2019),(42,20,1,159,2019),(43,20,0,158,2019),(44,20,0,157,2019),(45,20,0,156,2019),(46,20,0,155,2019),(47,20,0,154,2019),(48,20,0,153,2019),(49,20,0,152,2019),(50,20,0,151,2019),(51,20,0,150,2019),(52,20,0,149,2019),(53,20,0,148,2019),(54,20,0,147,2019),(55,20,0,146,2019),(56,20,0,145,2019),(57,20,0,144,2019),(58,20,0,143,2019),(59,20,0,142,2019),(60,20,0,141,2019),(61,20,0,140,2019),(62,20,0,139,2019),(63,20,0,138,2019),(64,20,0,137,2019),(65,20,0,136,2019),(66,20,0,135,2019),(67,20,0,134,2019),(68,20,0,133,2019),(69,20,0,132,2019),(70,20,0,131,2019),(71,20,0,130,2019),(72,20,0,129,2019),(73,20,0,128,2019),(74,20,0,127,2019),(75,20,0,126,2019),(76,20,0,125,2019),(77,20,0,124,2019),(78,20,0,123,2019),(79,20,0,122,2019),(80,20,0,121,2019),(81,20,0,120,2019),(82,20,0,119,2019),(83,20,13,118,2019),(84,20,0,117,2019),(85,20,0,116,2019),(86,20,0,115,2019),(87,20,0,114,2019),(88,20,0,113,2019),(89,20,0,112,2019),(90,20,1,111,2019),(91,20,0,110,2019),(92,20,0,109,2019),(93,20,0,108,2019),(94,20,0,107,2019),(95,20,0,106,2019),(96,20,0,105,2019),(97,20,0,104,2019),(98,20,0,103,2019),(99,20,0,102,2019),(100,20,0,101,2019),(101,12,0,201,2019);
/*!40000 ALTER TABLE `guide_count` ENABLE KEYS */;
UNLOCK TABLES;

--
-- Table structure for table `issue_info`
--

DROP TABLE IF EXISTS `issue_info`;
/*!40101 SET @saved_cs_client     = @@character_set_client */;
/*!40101 SET character_set_client = utf8 */;
CREATE TABLE `issue_info` (
  `issue_id` int(11) NOT NULL AUTO_INCREMENT,
  `stu_id` int(11) DEFAULT NULL COMMENT '学生id',
  `issue_name` varchar(255) DEFAULT NULL COMMENT '课题名称',
  `issue_type` varchar(255) DEFAULT NULL COMMENT '课题名类型',
  `year` int(11) DEFAULT NULL COMMENT '年度',
  `opTime` datetime DEFAULT NULL COMMENT '分配时间',
  PRIMARY KEY (`issue_id`)
) ENGINE=InnoDB AUTO_INCREMENT=156 DEFAULT CHARSET=utf8;
/*!40101 SET character_set_client = @saved_cs_client */;

--
-- Dumping data for table `issue_info`
--

LOCK TABLES `issue_info` WRITE;
/*!40000 ALTER TABLE `issue_info` DISABLE KEYS */;
INSERT INTO `issue_info` (`issue_id`, `stu_id`, `issue_name`, `issue_type`, `year`, `opTime`) VALUES (2,410,'基于Retrofit网络框架的保险销售管理系统','&3&_',2019,NULL),(6,336,'账号管理助手解决方案分析','&1&_',2019,NULL),(8,335,'《王者荣耀》风靡原因分析','&3&_',2019,NULL),(9,334,'基于Android平台的优酷播放器软件分析','&2&_',2019,NULL),(10,333,'装饰公司网站设计与实现','&2&_',2019,NULL),(11,278,'基于微信小程序的校园停车场车位管理系统设计与实现','&3&_',2019,NULL),(12,279,'基于SSH的实验室设备管理系统的设计与实现','&2&_',2019,NULL),(13,282,'基于微信小程序的电脑营销平台的设计与实现','&2&_',2019,NULL),(14,283,'基于SSH框架的电商系统的设计与实现','&3&_',2019,NULL),(15,285,'电商用户数据分析及商品推荐系统的设计与实现','&3&_',2019,NULL),(16,286,'基于微信熊程序开发的小区临时停车位管理系统','&3&_',2019,NULL),(17,287,'关于手机游戏“王者荣耀”的分析','&2&_',2019,NULL),(18,288,'关于语音输入法的分析——以“讯飞输入法”为例','&2&_',2019,NULL),(19,289,'打车应用软件的分析——以“滴滴出行APP”为例','&2&_',2019,NULL),(20,290,'盒马鲜生APP的分析','&2&_',2019,NULL),(21,293,'基于网络爬虫的旅游景点舆情分析系统的设计与实现','&3&_',2019,NULL),(22,294,'POC漏洞验证框架的设计与实现','&3&_',2019,NULL),(23,295,'基于PYTHON的子域名挖掘程序','&3&_',2019,NULL),(24,347,'基于微信公众平台的“你租我借”服务系统的设计与实现','&3&_',2019,NULL),(25,303,'基于微信小程序的农特产电商平台设计与实现','&3&_',2019,NULL),(26,304,'基于微信公众平台的梧州旅游商务系统设计与实现','&3&_',2019,NULL),(27,305,'基于WIFI的智能心情灯的设计与实现','&3&_',2019,NULL),(28,306,'公务车辆管理系统PC端设计与实现','&3&_',2019,NULL),(29,307,'基于微信公众平台的校园电动车租赁系统','&3&_',2019,NULL),(30,308,'驾考理论考试APP的分析','&2&_',2019,NULL),(31,362,'关于外面软件分析——以美团商家版APP为例','&2&_',2019,NULL),(32,326,'基于云架构的斗图工厂的设计与实现','&3&_',2019,NULL),(34,329,'闲鱼二手交易软件分析','&2&_',2019,NULL),(35,330,'基于微商系统的分析','&2&_',2019,NULL),(36,331,'关于轻松筹APP平台运营模式的分析','&2&_',2019,NULL),(37,332,'人力资源管理系统的需求分析','&2&_',2019,NULL),(38,338,'高校实验平台的图书管理与知识分享系统的设计与实现','&3&_',2019,NULL),(39,340,'公务车辆管理系统的设计与实现','&2&_',2019,NULL),(40,342,'网上预约挂号系统的设计与实现','&2&_',2019,NULL),(41,343,'实施公交查询系统的研究与实现','&2&_',2019,NULL),(42,344,'智能公交系统的设计与实现','&2&_',2019,NULL),(43,345,'基于RFID的仓储系统的设计与实现','&2&_',2019,NULL),(44,346,'校园一卡通管理系统的研究与实现','&2&_',2019,NULL),(45,368,'\'个人房屋出租管理系统的设计与实现','&3&_',2019,NULL),(46,370,'高校志愿者管理平台的设计与实现','&3&_',2019,NULL),(47,371,'基于SSH小学生在线答疑平台的设计与实现','&3&_',2019,NULL),(48,372,'改进的Apriori算法在教学质量分析中的应用研究','&2&_',2019,NULL),(49,373,'《旅游酒店预订》APP界面的设计与实现','&2&_',2019,NULL),(50,374,'红色警戒2游戏攻略大全','&2&_',2019,NULL),(51,357,'宠物APP中的界面设计与用户研究','&2&_',2019,NULL),(52,358,'4G时代下基于Android平台的图书管理系统的设计与实现','&2&_',2019,NULL),(53,359,'电子竞技游戏的分析与研究——以英雄联盟为例','&2&_',2019,NULL),(54,350,'基于微信小程序的酒店预订平台的设计与实现','&2&_',2019,NULL),(55,309,'基于XMPP协议的消息推送技术在学而优家教网的研究与应用','&3&_',2019,NULL),(56,310,'智能药材柜监管平台的设计与实现','&3&_',2019,NULL),(57,311,'智能二维码微信营销平台性能优化处理的研究与应用','&3&_',2019,NULL),(58,312,'贵港市港北区党建管理平台设计与实现','&3&_',2019,NULL),(59,313,'基于spring security安全框架的研究与应用——以梧州学院党建系统为例','&3&_',2019,NULL),(60,314,'基于OTP技术在学而优家教网的研究与应用','&3&_',2019,NULL),(61,315,'“互联网+居家养老”——智慧养老信息平台的设计与实现','&3&_',2019,NULL),(62,316,'扶贫项目与资金综合管理系统平台的设计与实现','&3&_',2019,NULL),(63,317,'基于二维码技术的实验室设备管理系统的研究与实现','&3&_',2019,NULL),(64,319,'基于“微课”的课程教学辅助系统的设计与实现','&3&_',2019,NULL),(65,320,'贵港市港北区志鉴工作平台的设计与实现','&3&_',2019,NULL),(66,321,'基于微信公众平台的社团活动管理系统的设计与实现','&3&_',2019,NULL),(67,366,'微信公众号新生注册平台设计与实现','&3&_',2019,NULL),(68,379,'购物上传“微企购”设计与实现','&3&_',2019,NULL),(69,380,'基于微信平台餐厅点餐系统的设计与实现','&3&_',2019,NULL),(70,382,'医疗器械管理系统的设计与实现','&3&_',2019,NULL),(71,383,'基于WEB的高校宿舍管理系统的设计与实现','&3&_',2019,NULL),(72,384,'基于微信小程序的图书管理系统','&3&_',2019,NULL),(73,386,'基于虚拟现实技术的三维图书馆漫游的设计与实现','&3&_',2019,NULL),(74,385,'基于spring boot的博客系统的设计与实现','&3&_',2019,NULL),(75,387,'网上订餐管理系统的分析','&3&_',2019,NULL),(76,388,'电子商务英语软件的分析——以“拼多多APP”为例','&2&_',2019,NULL),(77,389,'超级课程表软件分析','&2&_',2019,NULL),(78,390,'跨平台只能助手软件分析——以“微软小娜”为例','&2&_',2019,NULL),(79,391,'基于按照的策略游戏“王国崛起”设计与实现','&3&_',2019,NULL),(80,392,'梧州学院二手商品交易平台的设计与实现','&3&_',2019,NULL),(81,393,'居民小区物业管理系统的设计与实现','&3&_',2019,NULL),(82,394,'广西灵山荔枝文化旅游节微信公众号的设计与实现','&3&_',2019,NULL),(83,395,'离线计算技术在基于WIFI探针的商业分析平台中的研究与应用','&3&_',2019,NULL),(84,396,'驾校学员管理信息系统设计与实现','&3&_',2019,NULL),(85,397,'捕鱼达人2D游戏的设计与实现','&3&_',2019,NULL),(86,398,'离线计算技术在基于WIFI探针的商业分析平台中的研究与应用','&3&_',2019,NULL),(87,400,'基于SSH框架的活动场地租借管理系统','&3&_',2019,NULL),(88,401,'基于SSH框架技术高校新闻发布系统的设计与实现','&3&_',2019,NULL),(89,402,'通用型机关单位食堂点餐系统的设计与实现','&3&_',2019,NULL),(90,403,'MVP+RXJava+Retrofit框架的网上购物商城的设计与实现','&3&_',2019,NULL),(91,404,'基于spring boot技术的校园闲置物品交易系统设计与实现','&3&_',2019,NULL),(92,405,'汽车租赁系统','&3&_',2019,NULL),(93,407,'基于HTML5的校园环保宣传网站的设计与实现','&3&_',2019,NULL),(94,408,'基于SSM的农村土地管理系统的设计与实现','&3&_',2019,NULL),(95,409,'基于HTML5+Vue.js的校园服装租赁平台的设计与实现','&3&_',2019,NULL),(136,324,'梧州学院毕业设计选题管理平台的设计与实现','&3&_',2019,NULL),(137,510,'公务车辆管理系统微信公众号端设计与实现','&3&_',2019,NULL),(138,513,'基于微信公众平台的绿色食品外面设计与实现','&3&_',2019,NULL),(139,323,'毕业设计（论文）管理的设计与实现','&3&_',2019,NULL),(140,325,'广西梧州食品药品检验所检验报告系统的设计与实现','&1&_',2019,NULL),(141,327,'广西电力职业学院后勤管理系统设计与实现','&3&_',2019,NULL),(142,469,'智能水表管理系统的设计与实现----移动客户端的实现','&5&_',2019,NULL),(143,462,'智能水表管理系统的设计与实现----感知层的数据传输','&5&_',2019,NULL),(144,468,'智能水表管理系统的设计与实现----数据服务器与上位机的实现','&3&_',2019,NULL),(145,463,'智能水表管理系统的设计与实现----网关端的实现','&5&_',2019,NULL),(146,465,'多功能智能安全锁的设计','&5&_',2019,NULL),(147,467,'运动目标识别的智能视频监控系统设计和实现','&3&_',2019,NULL),(148,471,'基于物联网技术的家庭防盗报警系统的设计与实现','&3&_',2019,NULL),(149,698,'基于微信端的体检管理平台 的设计与实现    \r\n','&1&_',2019,NULL),(150,291,'基于Unity3D引擎的虚拟室内漫游的设计与实现','&1&_',2019,NULL),(151,318,'基于SSH框架的通用市级创建文明城市网上申报系统的设计与实现','&1&_',2019,NULL),(152,280,'庞运兴课题数据','&2&_',2019,NULL),(153,512,'缓存高可用','&2&_',2019,NULL),(154,377,'公共地点人流量监控平台','&3&_',2019,NULL),(155,511,'苏金发课题','&2&_',2019,NULL);
/*!40000 ALTER TABLE `issue_info` ENABLE KEYS */;
UNLOCK TABLES;

--
-- Table structure for table `open_report`
--

DROP TABLE IF EXISTS `open_report`;
/*!40101 SET @saved_cs_client     = @@character_set_client */;
/*!40101 SET character_set_client = utf8 */;
CREATE TABLE `open_report` (
  `report_id` int(11) NOT NULL AUTO_INCREMENT,
  `background` longtext COMMENT '课题研究的背景及意义',
  `report_content` longtext COMMENT '毕业论文研究内容、拟解决的主要问题',
  `report_method` longtext COMMENT '论文研究方法、步骤及措施',
  `report_document` longtext COMMENT '主要参考文献',
  `stu_id` int(11) DEFAULT NULL COMMENT '学生ID',
  `teacher_id` int(11) DEFAULT NULL COMMENT '老师ID',
  `year` int(11) DEFAULT NULL COMMENT '年度',
  `reply_link` varchar(255) DEFAULT NULL COMMENT '是否通过答辩环节：00-否 01-是',
  PRIMARY KEY (`report_id`)
) ENGINE=InnoDB AUTO_INCREMENT=66 DEFAULT CHARSET=utf8;
/*!40101 SET character_set_client = @saved_cs_client */;

--
-- Dumping data for table `open_report`
--

LOCK TABLES `open_report` WRITE;
/*!40000 ALTER TABLE `open_report` DISABLE KEYS */;
INSERT INTO `open_report` (`report_id`, `background`, `report_content`, `report_method`, `report_document`, `stu_id`, `teacher_id`, `year`, `reply_link`) VALUES (1,'<p>sdaf&nbsp;</p>','','<p>asfd&nbsp;</p>','<p>af&nbsp;</p>',336,118,2019,'01'),(2,'<p style=\"margin-left:0;text-indent:0;line-height:24px\"><span style=\"font-size:16px\">一、</span><span style=\"font-size:16px;font-family:宋体\">背景</span></p><p style=\"text-indent:32px;line-height:24px\"><span style=\"font-size:16px;font-family:宋体\">据调查，目前梧州学院毕业设计论文文档的管理上存在以下问题</span><span style=\"font-size:16px\">:反反复复反反复复烦烦烦</span></p><p style=\"text-indent:32px;line-height:24px\"><span style=\"font-size:16px\">1</span><span style=\"font-size:16px;font-family: 宋体\">、毕业设计文档格式不规范</span></p><p style=\"text-indent:32px;line-height:24px\"><span style=\"font-size:16px;font-family:宋体\">毕业设计过程中涉及到相当多的文档，如任务书、开题报告、评阅评阅、评阅分数，小组答辩过程记录、毕业论文、查重报告、承诺书等等，这些由学生或老师填写，填写时字体规范、教师姓名、教师职称等等都存在相当多的错误，即使上交归档后仍然无法全部得到改正。</span></p><p style=\"text-indent:32px;line-height:24px\"><span style=\"font-size:16px\">2</span><span style=\"font-size:16px;font-family: 宋体\">、毕业论文无法自动归档</span></p><p style=\"text-indent:32px;line-height:24px\"><span style=\"font-size:16px;font-family:宋体\">毕业设计完成后，无法或者较难统计毕业设计课题类型比例、成绩等级分类、教师工作量统计等相关统计；</span></p><p style=\"line-height:24px\"><span style=\"font-size:16px\">&nbsp;&nbsp;&nbsp; </span><span style=\"font-size:16px;font-family:宋体\">因此，毕业设计管理系统的设计有助于解决我院在毕业设计过程中存在的问题，能有效解决毕业设计过程管理以及毕业设计材料归档。</span></p><p style=\"margin-left:0;text-indent:0;line-height:24px\"><span style=\"font-size:16px\">二、</span><span style=\"font-size:16px;font-family:宋体\">意义</span></p><p style=\"line-height:24px\"><span style=\"font-size:16px\">&nbsp;&nbsp; </span><span style=\"font-size:16px;font-family:宋体\">通过对该系统的设计，将极大程度解决我院毕业设计过程管理的问题，具体意义如下：</span></p><p style=\"line-height:24px\"><span style=\"font-size:16px\">&nbsp;&nbsp;&nbsp; 1</span><span style=\"font-size:16px;font-family:宋体\">、规范我院毕业设计管理</span></p><p style=\"text-indent:32px;line-height:24px\"><span style=\"font-size:16px;font-family:宋体\">通过该课题的设计与实施，将毕业设计管理过程信息化，极大减少了毕业设计管理的工作难度，使得每个学生的毕业设计过程清晰明了，毕业设计档案清楚完整。</span></p><p style=\"text-indent:32px;line-height:24px\"><span style=\"font-size:16px\">2</span><span style=\"font-size:16px;font-family: 宋体\">、减轻毕业设计指导教师的工作压力</span></p><p style=\"text-indent:32px;line-height:24px\"><span style=\"font-size:16px;font-family:宋体\">该课题通过信息化手段规范了毕业设计过程中的各个环节，并规定每个环节的完成截止时间，并环环相扣，规范了学生毕业设计完成过程，论文评阅等环节能在系统中直接评阅，系统保持学生毕业设计完整档案，极大减轻毕业设计指导教师压力。</span></p><p style=\"text-indent:32px;line-height:24px\"><span style=\"font-size:16px\">3</span><span style=\"font-size:16px;font-family: 宋体\">、规范学生毕业设计行为</span></p><p style=\"text-indent:32px;line-height:24px\"><span style=\"font-size:16px;font-family:宋体\">学生在毕业设计过程中，因教师工作压力大，学生毕业设计过程不认真和不关注，导致毕业设计过程中学生懒散行为时有发生，通过该系统实施，规范每个毕业设计环节的工作任务和与教师的关联关系，规范学生毕业设计行为。</span></p><p><span style=\"font-size:16px;font-family:宋体\">综上，随着我院学生人数的增加，毕业设计管理系统设计极为必要，也极为紧迫。</span></p><p><br/></p>','<p style=\"margin-left:0;text-indent:0;line-height:24px\"><span style=\"font-size:16px\">一、</span><span style=\"font-size:16px;font-family:宋体\">研究内容</span><span style=\"font-size:16px\"><br/> &nbsp; &nbsp;&nbsp;</span><span style=\"font-size:16px;font-family:宋体\">本课题以毕业设计管理平台项目为研究背景，针对毕业设计论文格式不规范、毕业论文无法自动归档的问题，研究</span><span style=\"font-size:16px;font-family:宋体\">FreeMarker</span><span style=\"font-size:16px;font-family:宋体\">技术在毕业设计管理平台中应用</span><span style=\"font-size:16px;font-family:宋体\">，主要研究的内容是：</span></p><p style=\"text-indent:32px;line-height:24px\"><span style=\"font-size:16px;font-family:宋体\">1</span><span style=\"font-size:16px;font-family:宋体\">、引入FreeMarker模板引擎，应用在毕业设计过程文档管理，并研究其通用性，设计并实现；</span></p><p style=\"text-indent:32px;line-height:24px\"><span style=\"font-size:16px;font-family:宋体\">2</span><span style=\"font-size:16px;font-family:宋体\">、自动对毕业设计过程文档格式规范，并能利用FreeMarker模板引擎设计过程文档的标准格式和模板；</span></p><p style=\"text-indent:32px;line-height:24px\"><span style=\"font-size:16px;font-family:宋体\">3</span><span style=\"font-size:16px;font-family:宋体\">、自动生成毕业设计过程文档，批量导出、批量压缩和批量下载；</span></p><p style=\"text-indent:32px;line-height:24px\"><span style=\"font-size:16px;font-family:宋体\">4</span><span style=\"font-size:16px;font-family:宋体\">、研究毕业设计过程控制，包括开题报告答辩记录、毕业设计过程记录、毕业论文评阅记录、毕业论文规范审查记录、毕业论文指导老师评阅记录、答辩过程记录、小组答辩记录、大组答辩记录以及最终成绩自动生成；</span></p><p style=\"text-indent:32px;line-height:24px\"><span style=\"font-size:16px;font-family:宋体\">5</span><span style=\"font-size:16px;font-family:宋体\">、水印技术，在导出的文档中自动加入水印。</span></p><p style=\"margin-left:0;text-indent:0;line-height:24px\"><span style=\"font-size:16px\">二、</span><span style=\"font-size:16px;font-family:宋体\">拟解决的主要问题</span></p><p style=\"text-indent:32px;line-height:24px\"><span style=\"font-size:16px;font-family:宋体\">1</span><span style=\"font-size:16px;font-family:宋体\">、研究和对比文档模板引擎，应用FreeMarker模板引擎于毕业设计管理平台；</span></p><p style=\"text-indent:32px;line-height:24px\"><span style=\"font-size:16px;font-family:宋体\">2</span><span style=\"font-size:16px;font-family:宋体\">、毕业论文的格式规范模板定义和设置以及毕业论文word/PDF格式导出模板管理；</span></p><p style=\"text-indent:32px;line-height:24px\"><span style=\"font-size:16px;font-family:宋体\">3</span><span style=\"font-size:16px;font-family:宋体\">、毕业论文过程控制与管理，资料的上传与关联关系管理；</span></p><p style=\"text-indent:32px;line-height:24px\"><span style=\"font-size:16px;font-family:宋体\">4</span><span style=\"font-size:16px;font-family:宋体\">、毕业论文过程文档的自动生成、批量下载及批量导出。</span></p><p><br/></p>','<p style=\"margin-left:0;text-indent:0;line-height:24px\"><span style=\"font-size: 16px;font-family: 宋体\">一、</span><span style=\"font-size: 16px;font-family: 宋体\">研究方法</span></p><p style=\"text-indent: 32px;line-height: 125%\"><span style=\"font-size:16px;line-height:125%;font-family:宋体\">通过实地调研、网络、文献资料、图书等方式深入了解课题，根据满足梧州学院毕业设计过程管理要求并参照国内外现有的系统进行分析并学习，参考各类期刊或论文对这方面的研究，综合分析总结，确定课题主要功能及所使用框架及技术，并深入学习，对每个功能每项技术逐一实现和运用，从实践中发现问题并不断测试校验，</span><span style=\"font-size:16px;line-height:125%;font-family:宋体\">并加以修改和完善</span><span style=\"font-size:16px;line-height:125%;font-family:宋体\">系统。</span></p><p style=\"line-height:110%\"><span style=\"font-size: 16px;line-height: 110%;font-family: 宋体\">二、</span><span style=\"font-size: 16px;line-height:110%;font-family:宋体\">研究步骤及措施</span></p><p style=\"line-height:24px\"><span style=\"font-size: 16px;font-family: 宋体\">&nbsp;&nbsp; 1.</span><span style=\"font-size: 16px;font-family: 宋体\">通过查阅资料、方案和相关文献，初步了解课题的开发方向和研究现状。 </span></p><p style=\"line-height:24px\"><span style=\"font-size: 16px;font-family: 宋体\">&nbsp;&nbsp; 2.</span><span style=\"font-size: 16px;font-family: 宋体\">搜索国内国外相关毕业设计管理系统进行参考。</span></p><p style=\"line-height:24px\"><span style=\"font-size: 16px;font-family: 宋体\">&nbsp;&nbsp; 3.</span><span style=\"font-size:16px;font-family:宋体\">对课题研究进行可行性分析，确定研究课题。</span></p><p style=\"line-height:24px\"><span style=\"font-size:16px;font-family:宋体\">&nbsp;&nbsp; 4.</span><span style=\"font-size: 16px;font-family: 宋体\">对研究的课题进行需求分析，确定课题主要功能，初步画出功能模块图。</span></p><p style=\"line-height:24px\"><span style=\"font-size: 16px;font-family: 宋体\">&nbsp;&nbsp; 5.</span><span style=\"font-size: 16px;font-family: 宋体\">对系统的每一个模块进行详细设计。</span></p><p style=\"line-height:24px\"><span style=\"font-size: 16px;font-family: 宋体\">&nbsp;&nbsp; 6.</span><span style=\"font-size: 16px;font-family: 宋体\">完成相关功能的代码编写，实现主要功能 。</span></p><p><span style=\"font-size: 16px;font-family: 宋体\">&nbsp;&nbsp; 7.</span><span style=\"font-size: 16px;font-family: 宋体\">经过反复测试修改，完善系统的各个细节，并完成论文。</span></p><p><br/></p>','<p style=\"line-height: 125%\"><span style=\"font-size:16px;line-height:125%;font-family:宋体\">[1]</span><span style=\"font-size:16px;line-height:125%;font-family:宋体\">王声光.基于J2EE工作流的作文续写系统的设计与实现[D].上海:华东师范大学，2012.</span></p><p style=\"line-height:125%\"><span style=\"font-size: 16px;line-height:125%;font-family:宋体\">[2]</span><span style=\"font-size:16px;line-height:125%;font-family:宋体\">冀振燕.系统分析设计与应用案列[M].北京：人民邮电出版社,2003.</span></p><p style=\"line-height:125%\"><span style=\"font-size: 16px;line-height:125%;font-family:宋体\">[3]</span><span style=\"font-size:16px;line-height:125%;font-family:宋体\">孙玉宝.高校毕业设计存在问题及对策研究[J].现代企业教育，2014.</span></p><p style=\"line-height:125%\"><span style=\"font-size: 16px;line-height:125%;font-family:宋体\">[4]</span><span style=\"font-size:16px;line-height:125%;font-family:宋体\">施阳</span><span style=\"font-size:16px;line-height:125%\">,</span><span style=\"font-size:16px;line-height:125%;font-family:宋体\">张海燕</span><span style=\"font-size:16px;line-height:125%\">,</span><span style=\"font-size:16px;line-height:125%;font-family:宋体\">戴德伟</span><span style=\"font-size:16px;line-height:125%\">. </span><span style=\"font-size:16px;line-height:125%;font-family:宋体\">基于</span><span style=\"font-size:16px;line-height:125%\">JavaEE</span><span style=\"font-size: 16px;line-height:125%;font-family:宋体\">的毕业设计管理系统设计与实现</span><span style=\"font-size:16px;line-height:125%\">[J]. </span><span style=\"font-size: 16px;line-height:125%;font-family:宋体\">软件导刊</span><span style=\"font-size:16px;line-height:125%\">,2015,14(02):86-88.</span></p><p style=\"margin-left: 32px\"><span style=\"font-size:16px;font-family:宋体\">[5]</span><span style=\"font-size:16px;font-family:宋体\">赵亚楠,董晶. 模板技术在内容管理系统中的应用与实现[J]. 计算机工程与设计,2012,33(10):3848-3852+3857. </span></p><p style=\"margin-left: 32px\"><span style=\"font-size:16px;font-family:宋体\">[6]</span><span style=\"font-size:16px;font-family:宋体\">喻斌. 内容管理系统中模板技术的研究与应用[D].南昌大学,2007.</span></p><p style=\"line-height:150%\"><span style=\"font-size: 16px;line-height:150%;font-family:宋体\">[7]</span><span style=\"font-size:16px;line-height:150%;font-family:宋体\">姚进林. 基于OOXML的Word文档服务研究与实现[D].南京理工大学,2014.</span></p><p style=\"line-height:150%\"><span style=\"font-size: 16px;line-height:150%;font-family:宋体\">[8]</span><span style=\"font-size:16px;line-height:150%;font-family:宋体\">扈小燕,刘培洵,刘力强. 将Word文档自动转换成PDF格式的编程实现[J]. 计算机与现代化,2012,(02):187-189+193. [2017-09-13].</span></p><p style=\"line-height:150%\"><span style=\"font-size: 16px;line-height:150%;font-family:宋体\">[9]</span><span style=\"font-size:16px;line-height:150%;font-family:宋体\">杨翠茹. 基于Word文档的信息隐藏系统研究与实现[D].华北电力大学（北京）,2011.</span></p><p><span style=\"font-size:16px;font-family:宋体\">[10]</span><span style=\"font-size:16px;font-family:宋体\">孙聚. 基于FreeMarker引擎的代码生成工具的设计与实现[D].哈尔滨工业大学,2015.</span></p><p><br/></p>',323,118,2019,'01'),(3,'<p style=\"margin-top:auto;margin-bottom:auto;line-height:125%\"><strong>&nbsp;</strong><span style=\";line-height:125%;font-family:宋体\">研究的背景：现如今，微信已然成为国内最大的移动即时通讯软件之一。2016年9月下旬所发布的微信“小程序成为了互联网行业的新兴产业。在日常生活中，人们的通讯、支付、以及各种的社交活动都离不开微信，因此，这些庞大的用户基础造就了小程序的可拓展性与实用性。</span></p><p style=\"margin-top:auto;margin-bottom:auto;line-height:125%\"><span style=\";line-height: 125%;font-family:宋体\">&nbsp;&nbsp;&nbsp;&nbsp; </span><span style=\";line-height:125%;font-family:宋体\">研究的动态及意义：随着人们的生活水平质量的提升，对于自身的健康管理也愈发的重视，因此体检成了人们对于自身健康管理的首选方式。 然而在大多数的单位和学校的体检，都存在着一定繁琐的体检问题，因此针对单位以及学校的体检活动，我们可以在学校或者单位的公众号上加入体检信息管理的小程序，以帮助在校学生、教职工以及单位员工在体检时在相应的流程上得到一定的保证。</span></p><p><br/></p>','<p class=\"MsoListParagraph\" style=\"margin-left:60px\">一．<span style=\";font-family:宋体\">研究的内容：</span></p><p style=\"text-indent:28px\"><span style=\";font-family:宋体\">本课题主要是研究设计出基于微信平台的微信小程序开发，主要目的是通过微信这个平台，在一定程度上可以方便于在职员工或者学生的对于自己的健康管理，且在微信小程序的开发不涉及IOS、Android的系统限制，因此在一定程度上减少对于开发的困扰，微信小程序主要运用微信所提供的api端口，运用JavaScript、html、css的前端开发技术和微信小程序自带的Mina框架</span></p><p style=\"margin-left:32px\"><span style=\";font-family:宋体\">&nbsp;</span></p><p style=\"text-indent:28px;line-height:24px\"><span style=\";font-family:宋体\">1.</span><span style=\";font-family:宋体\">该体检预约平台是基于微信小程序平台，适用于学校和公司单位，主要功能包括了体检预约、扫码排队、预约挂号人数查询、显示实时排队人数、查询体检报告、预约延迟、预约的体检项目选择、体检健康信息小知识发布</span></p><p style=\"text-indent:28px;line-height:24px\"><span style=\";font-family:宋体\">2</span><span style=\";font-family:宋体\">．微信小程序后台的主要功能有：学生与教职工（单位）信息的管理、用户的登入管理、体检信息管理、预约日期管理、体检项目信息管理。</span></p><p style=\"text-indent:28px;line-height:24px\">&nbsp;</p><p style=\"line-height:24px\">&nbsp;&nbsp;&nbsp; <span style=\";font-family:宋体\">二．拟解决的问题</span></p><p class=\"MsoListParagraph\" style=\"margin-left:56px;line-height:24px\">1.<span style=\"font-variant-numeric: normal;font-stretch: normal;font-size: 9px;line-height: normal;font-family: &#39;Times New Roman&#39;\">&nbsp;&nbsp;&nbsp;&nbsp;&nbsp;&nbsp; </span><span style=\";font-family:宋体\">用户预约时间安排、以及预约成功后的延迟日期的问题</span></p><p class=\"MsoListParagraph\" style=\"margin-left:56px;line-height:24px\">2.<span style=\"font-variant-numeric: normal;font-stretch: normal;font-size: 9px;line-height: normal;font-family: &#39;Times New Roman&#39;\">&nbsp;&nbsp;&nbsp;&nbsp;&nbsp;&nbsp; </span><span style=\";font-family:宋体\">微信小程序的数据存储以及开发相关的问题</span></p><p class=\"MsoListParagraph\" style=\"margin-left:56px;line-height:24px\">3.<span style=\"font-variant-numeric: normal;font-stretch: normal;font-size: 9px;line-height: normal;font-family: &#39;Times New Roman&#39;\">&nbsp;&nbsp;&nbsp;&nbsp;&nbsp;&nbsp; </span><span style=\";font-family:宋体\">体检报告的上传与查询</span></p><p class=\"MsoListParagraph\" style=\"margin-left:56px;line-height:24px\">4.<span style=\"font-variant-numeric: normal;font-stretch: normal;font-size: 9px;line-height: normal;font-family: &#39;Times New Roman&#39;\">&nbsp;&nbsp;&nbsp;&nbsp;&nbsp;&nbsp; </span><span style=\";font-family:宋体\">如何更好的设计使小程序具有方便、易用的软件应用服务</span></p><p class=\"MsoListParagraph\" style=\"margin-left:56px;line-height:24px\">5.<span style=\"font-variant-numeric: normal;font-stretch: normal;font-size: 9px;line-height: normal;font-family: &#39;Times New Roman&#39;\">&nbsp;&nbsp;&nbsp;&nbsp;&nbsp;&nbsp; </span><span style=\";font-family:宋体\">体检信息的管理后台系统与微信端的连接</span></p><p class=\"MsoListParagraph\" style=\"margin-left:56px;line-height:24px\">6.<span style=\"font-variant-numeric: normal;font-stretch: normal;font-size: 9px;line-height: normal;font-family: &#39;Times New Roman&#39;\">&nbsp;&nbsp;&nbsp;&nbsp;&nbsp;&nbsp; </span><span style=\";font-family:宋体\">应用的安全性问题（涉及个人隐私）</span></p><p><br/></p>','<p style=\"line-height:24px\"><span style=\";font-family:宋体\">一．研究方法</span></p><p style=\"text-indent:29px;line-height:24px\"><span style=\";font-family:宋体\">1.</span><span style=\";font-family:宋体\">文献的研究：查找相关的文献资料，为该系统的设计提供相应的理论知识</span></p><p style=\"text-indent:29px;line-height:24px\"><span style=\";font-family:宋体\">2.</span><span style=\";font-family:宋体\">动手设计：尽自己的能力把该程序开发出发，完成课题研究的内容</span></p><p style=\"text-indent:29px;line-height:24px\"><span style=\";font-family:宋体\">3.</span><span style=\";font-family:宋体\">软件的测试：测试已完成的作品，并加以修改和完善。</span></p><p style=\"text-indent:29px;line-height:24px\"><span style=\";font-family:宋体\">&nbsp;</span></p><p style=\"line-height:24px\"><span style=\";font-family:宋体\">二．研究步骤与措施：</span></p><p style=\"text-indent:29px;line-height:24px\"><span style=\";font-family:宋体\">1.</span><span style=\";font-family:宋体\">通过阅读相应得开发文献与资料，得到一套比较完整的开发理论知识和设计方法。</span></p><p style=\"text-indent:29px;line-height:24px\"><span style=\";font-family:宋体\">2.</span><span style=\";font-family:宋体\">对于小程序的详细设计与功能需求进行分析，完成相关功能的大纲，并确定系统的基本功能</span></p><p style=\"text-indent:29px;line-height:24px\"><span style=\";font-family:宋体\">3.</span><span style=\";font-family:宋体\">完成相关程序功能的代码编写，优化并逐步完善系统的内容</span></p><p style=\"text-indent:29px;line-height:24px\"><span style=\";font-family:宋体\">4.</span><span style=\";font-family:宋体\">对于完成的程序进行测试修改，最终完成系统的设计与实现，并完成论文</span></p><p><br/></p>','<p style=\"line-height:150%\"><span style=\";line-height:150%;font-family:宋体\">[1]</span><span style=\";line-height:150%;font-family:宋体\">刘玉佳.微信“小程序”开发的系统实现及前景分析[J].</span><span style=\";line-height:150%;font-family:宋体;color:#222222;background:#F6F7FB\"> 2017-01-15</span></p><p style=\"line-height:150%\"><span style=\";line-height:150%;font-family:宋体\">[2]</span><span style=\";line-height:150%;font-family:宋体\">张义.<span style=\"color:#231815\">出入境体检管理系统的设计与实施[D].北京邮电大学,2012</span></span></p><p style=\"line-height:150%\"><span style=\";line-height:150%;font-family:宋体;color:#231815\">[3]</span><span style=\";line-height: 150%;font-family:宋体;color:#231815\">庞晓丽.基于JavaScript的微信理财产品销售系统的设计与实现[D].吉林大学，2016</span></p><p style=\"line-height:150%\"><span style=\";line-height:150%;font-family:宋体;color:#231815\">[4]</span><span style=\";line-height: 150%;font-family:宋体;color:#231815\">刘厚.</span><span style=\";line-height: 150%;font-family:宋体;color:#231815\">微信公众互动平台的设计与实现</span><span style=\";line-height:150%;font-family:&#39;微软雅黑&#39;,sans-serif;color:#231815\">[</span><span style=\";line-height:150%;font-family:宋体;color:#231815\">D</span><span style=\";line-height:150%;font-family:&#39;微软雅黑&#39;,sans-serif;color:#231815\">].</span><span style=\";line-height:150%;font-family:宋体;color:#231815\">湖南大学，</span><span style=\";line-height:150%;font-family:&#39;微软雅黑&#39;,sans-serif;color:#231815\">2016</span></p><p><span style=\"font-size:14px;font-family:宋体;color:#231815\">[5]</span><span style=\"font-size:14px;font-family:宋体;color:#231815\">张勇.基于J2EE高校信息管理系统的设计与实现[D].电子科技大学,2009</span></p><p><br/></p>',698,200,2019,'01'),(4,'<p><br/></p><p style=\"margin-top:auto;margin-bottom:auto;line-height:125%\"><span style=\"font-size:16px;line-height:125%;font-family: 宋体\">背景：</span></p><p style=\"margin-top:auto;margin-bottom:auto;text-indent:24px;line-height:125%\"><span style=\"font-size:16px;line-height:125%;font-family:宋体\">1</span><span style=\"font-size:16px;line-height:125%;font-family:宋体\">、随着社会发展交通方式多样化，私人车辆越来越多，校园车辆也随之增多，小车，摩托车，自行车等一系列车辆进入校园，停车成为学校急需解决的严重问题，校道乱停乱摆形象严重影响校容校貌，还不利于管理，或管理程序繁琐，需要投入大量人力物力，而且效果并不明显。在校教职员工和学生车辆得不到车位停放影响教职员工的工作和学生的学习生活，外来车辆进入校园随地停车影响管理，一系列问题需要找到快捷方便的方法解决。</span></p><p style=\"margin-top:auto;margin-bottom:auto;text-indent:24px;line-height:125%\"><span style=\"font-size:16px;line-height:125%;font-family:宋体\">&nbsp;2</span><span style=\"font-size: 16px;line-height:125%;font-family:宋体\">、微信小程序是现在热门的话题，它简单快捷深得人心。它是一种不需要下载安装就可以使用的应用，实现了应用的“触手可及”，用户只需要扫一扫或搜一搜即可打开的应用。应用微信小程序扫一扫可以简单快捷的在校园停车场选择车位，让在校教职员和在校学生工方便停车，也方便管理外来车辆。</span></p><p style=\"margin-top:auto;margin-bottom:auto;line-height:125%\"><span style=\"font-size:16px;line-height:125%;font-family: 宋体\">意义：</span></p><p style=\"margin-top:auto;margin-bottom:auto;margin-left:51px;line-height:125%\"><span style=\"font-size:16px;line-height:125%;font-family:宋体\">1、</span><span style=\"font-size:16px;line-height:125%;font-family:宋体\">通过利用该系统可以提高校园停车场停车位的利用，方便教职员工和学生停放车辆，也方便管理外来车辆。</span></p><p style=\"margin-top:auto;margin-bottom:auto;margin-left:51px;line-height:125%\"><span style=\"font-size:16px;line-height:125%;font-family:宋体\">2、</span><span style=\"font-size:16px;line-height:125%;font-family:宋体\">可以方便校园停车场管理员对校园车辆的有效管理，提高管理的效率，减少多余的工作量。</span></p><p style=\"margin-top:auto;margin-bottom:auto;margin-left:51px;line-height:125%\"><span style=\"font-size:16px;line-height:125%;font-family:宋体\">3、</span><span style=\"font-size:16px;line-height:125%;font-family:宋体\">有效管理校园车辆乱停乱摆现象，避免校园交通拥挤，导致交通混乱问题。</span></p><p><span style=\"font-size:16px;font-family:宋体\">通过开发和设计该系统有效提高个人能力，对个人以后从事相关方工作积累一些有用的经验。</span></p><p><br/></p>','<p><span style=\"font-size:16px;font-family:宋体\">主要内容：</span></p><p style=\"text-indent:32px\"><span style=\"font-size:16px;font-family:宋体\">用户可打开微信提前预约停车位，车位分为三类，汽车，摩托车电动车，自行车，每个学校门口都贴上二维码，用户开车进入校园时打开微信扫一扫二维码，即可弹出应用程序界面，界面显示用户已经预约的车位具体位置和从现在到达停车位的最简路线。</span></p><p style=\"text-indent:32px\"><span style=\"font-size:16px;font-family:宋体\">如用户没有提前预约可在学校门口扫描二维码系统显示空车位给用户选择空的停车位停车。用户点击即可选中车位，如果多个用户同时选中同一个车位系统按谁优势大谁优先，选中后显示车位的号码，随后系统给用户选择出一条最方便快捷的路线使用户可以方便停车，当用户回来开车离开时需要快速找到车辆，用户只需要输入停车位号码搜索即可出现最快捷的路线找到自己的车，路线指定了，只需要按界面显示的标识即可找到车辆。</span></p><p style=\"text-indent:32px\"><span style=\"font-size:16px;font-family:宋体\">用户进入停车场车位时系统开始进行合理收费，当用户开车到出口处扫描二维码即停止收费，系统自动计算停车时间段所需费用，从而从用户账户余额扣取费用。</span></p><p style=\"line-height:24px\"><span style=\"font-size:16px;font-family:宋体\">&nbsp;</span></p><p style=\"line-height:24px\"><span style=\"font-size:16px;font-family:宋体\">解决的问题：</span></p><p style=\"margin-left:24px;text-indent:8px;line-height:24px\"><span style=\"font-size:16px;font-family:宋体\">1</span><span style=\"font-size:16px;font-family:宋体\">、预约：&nbsp; </span></p><p style=\"text-indent:88px;line-height:24px\"><span style=\"font-size:16px;font-family:宋体\">用户提前预约车位方便用户停车。</span></p><p style=\"text-indent:88px;line-height:24px\"><span style=\"font-size:16px;font-family:宋体\">显示预约详情。</span></p><p style=\"text-indent:32px;line-height:24px\"><span style=\"font-size:16px;font-family:宋体\">2</span><span style=\"font-size:16px;font-family:宋体\">、车辆乱停问题：</span></p><p style=\"text-indent:32px;line-height:24px\"><span style=\"font-size:16px;font-family:宋体\">&nbsp;&nbsp;&nbsp;&nbsp;&nbsp;&nbsp; </span><span style=\"font-size:16px;font-family:宋体\">强占车位现象。</span></p><p style=\"text-indent:32px;line-height:24px\"><span style=\"font-size:16px;font-family:宋体\">&nbsp;&nbsp;&nbsp;&nbsp;&nbsp;&nbsp; </span><span style=\"font-size:16px;font-family:宋体\">校道乱停问题。</span></p><p style=\"text-indent:32px;line-height:24px\"><span style=\"font-size:16px;font-family:宋体\">3</span><span style=\"font-size:16px;font-family:宋体\">、停车场信息：</span></p><p style=\"margin-left:88px;line-height:24px\"><span style=\"font-size:16px;font-family:宋体\">每个校园停车场出入口二维码的信息不一样。</span></p><p style=\"margin-left:56px;text-indent:32px;line-height:24px\"><span style=\"font-size: 16px;font-family:宋体\">停车场可以有多层，停车位的设计不一样。</span></p><p style=\"margin-left:51px;line-height: 24px\"><span style=\"font-size:16px;font-family:宋体\">4、</span><span style=\"font-size:16px;font-family:宋体\">车辆类型：</span></p><p style=\"margin-left:51px;text-indent:32px;line-height: 24px\"><span style=\"font-size:16px;font-family: 宋体\">汽车停放的停车场。</span></p><p style=\"margin-left:51px;text-indent:32px;line-height: 24px\"><span style=\"font-size:16px;font-family: 宋体\">摩托车电动车停放位置。</span></p><p style=\"margin-left:51px;text-indent:32px;line-height: 24px\"><span style=\"font-size:16px;font-family: 宋体\">自行车停放地点。</span></p><p style=\"text-indent:32px;line-height:24px\"><span style=\"font-size:16px;font-family:宋体\">5</span><span style=\"font-size:16px;font-family:宋体\">、车位选择情况：</span></p><p style=\"text-indent:88px;line-height:24px\"><span style=\"font-size:16px;font-family:宋体\">多人选中同一个车位时谁优 先得到车位。</span></p><p style=\"text-indent:88px;line-height:24px\"><span style=\"font-size:16px;font-family:宋体\">若只有一个人选择车位则可选择车位</span></p><p style=\"text-indent:32px;line-height:24px\"><span style=\"font-size:16px;font-family:宋体\">6</span><span style=\"font-size:16px;font-family:宋体\">、停车场标识</span></p><p style=\"margin-left:56px;text-indent:32px;line-height:24px\"><span style=\"font-size: 16px;font-family:宋体\">停车场平面图导入变更设计。</span></p><p style=\"margin-left:56px;text-indent:32px;line-height:24px\"><span style=\"font-size: 16px;font-family:宋体\">寻车路线指导标识变更。</span></p><p style=\"text-indent:32px;line-height:24px\"><span style=\"font-size:16px;font-family:宋体\">7</span><span style=\"font-size:16px;font-family:宋体\">、费用问题</span></p><p style=\"margin-left:56px;text-indent:32px;line-height:24px\"><span style=\"font-size: 16px;font-family:宋体\">费用计算</span></p><p style=\"margin-left:56px;text-indent:32px;line-height:24px\"><span style=\"font-size: 16px;font-family:宋体\">在校教职员工，学生和外来人员车辆停放费用问题。</span></p><p style=\"margin-left:56px;text-indent:32px;line-height:24px\"><span style=\"font-size: 16px;font-family:宋体\">账户余额不足如何收取费用。</span></p><p><br/></p>','<p style=\"margin-left:24px;line-height: 24px\"><span style=\"font-size:16px;font-family:宋体\">1、</span><span style=\"font-size:16px;font-family:宋体\">阅读相关资料，查找相关文献作为参考。</span></p><p style=\"margin-left:24px;line-height: 24px\"><span style=\"font-size:16px;font-family:宋体\">2、</span><span style=\"font-size:16px;font-family:宋体\">通过学习了解相关技术。</span></p><p style=\"margin-left:24px;line-height: 24px\"><span style=\"font-size:16px;font-family:宋体\">3、</span><span style=\"font-size:16px;font-family:宋体\">对系统和沦为的可行性进行评估。</span></p><p style=\"margin-left:24px;line-height: 24px\"><span style=\"font-size:16px;font-family:宋体\">4、</span><span style=\"font-size:16px;font-family:宋体\">编写相关文档。</span></p><p style=\"margin-left:24px;line-height: 24px\"><span style=\"font-size:16px;font-family:宋体\">5、</span><span style=\"font-size:16px;font-family:宋体\">对系统进行编码。</span></p><p style=\"margin-left:24px;line-height: 24px\"><span style=\"font-size:16px;font-family:宋体\">6、</span><span style=\"font-size:16px;font-family:宋体\">完成相关编码后对其进行运行测试，解决有关问题。</span></p><p style=\"margin-left:24px;line-height: 24px\"><span style=\"font-size:16px;font-family:宋体\">7、</span><span style=\"font-size:16px;font-family:宋体\">整理论文，进行总结。</span></p><p><br/></p>','<p style=\"white-space: normal;\"><span style=\"font-family: 宋体;\">[1]</span><span style=\"font-family: 宋体;\">王思为.企业用户停车服务管理信息系统设计与分析[D].2015-03-01</span></p><p style=\"white-space: normal;\"><span style=\"font-family: 宋体;\">[2]</span><span style=\"font-family: 宋体;\">王克平.大型停车场车位引导系统的设计[J].2017-01-25</span></p><p style=\"margin-left: 24px; white-space: normal; line-height: 24px;\"><span style=\"line-height: 24px; font-family: 宋体; color: rgb(35, 24, 21);\">[3]</span><span style=\"line-height: 24px; font-family: 宋体; color: rgb(35, 24, 21);\">郭禹.邹常丰.丁柏群.基于手机APP的智能停车场系统研究</span><span style=\"line-height: 24px; font-family: 宋体;\">&nbsp;[J].2017-05-15</span></p><p style=\"white-space: normal;\"><span style=\"font-family: 宋体;\">[4]</span><span style=\"font-family: 宋体;\">黄志聪.医疗设备租借管理信息系统的开发与应用[J].2013-11-25</span></p><p style=\"margin-left: 24px; white-space: normal;\"><span style=\"font-family: 宋体;\">[5]</span><span style=\"font-family: 宋体;\">朱玉强.微信小程序在图书馆移动服务中的应实践-以排架游戏为&nbsp;&nbsp;&nbsp;&nbsp;&nbsp;&nbsp;&nbsp;&nbsp;&nbsp;&nbsp; 例[J].2017-03-06</span></p><p style=\"white-space: normal;\"><span style=\"font-family: 宋体;\">[6]</span><span style=\"font-family: 宋体;\">刘红卫.微信小程序应用探析[J].2016-02-03</span></p><p style=\"white-space: normal;\"><span style=\"font-family: 宋体;\">[7]</span><span style=\"font-family: 宋体;\">吕田.智能停车场管理系统的设计与实现[D].2016-05-20</span></p><p style=\"white-space: normal;\"><span style=\"font-family: 宋体;\">[8]</span><span style=\"font-family: 宋体;\">孙晶.基于GPS的停车场车位导航系统设计[D].2016-06-01</span></p><p style=\"white-space: normal;\"><span style=\"font-family: 宋体;\">[9]</span><span style=\"font-family: 宋体;\">安荣荣，赵妍妍，覃健.某停车楼停车场管理系统设计浅析.2015-09-25</span></p><p><br/></p>',278,175,2019,'01'),(5,'<p style=\"text-indent:28px;line-height:24px\"><strong><span style=\";font-family:宋体\">研究背景：</span></strong></p><p style=\"text-indent:28px;line-height:24px\"><span style=\";font-family:宋体\">二十世纪初，一个现代化的实验室设备系统在正常运行中总是面对大量的使用者，仪器以及两者相互作用产生的借用仪器。人工管理既浪费人力物力财力，又容易导致各种错误的发生。为了方便实验室管理，需要开发一个更好更高效的软件来管理。实验室设备管理系统，是为了实现实验室管理而设计的，它也是现在各个部门的一个重要环节。</span></p><p style=\"text-indent:28px;line-height:24px\"><span style=\";font-family:宋体\">实验室是所有高校、研究机构必不可少的基本构成单位。特别是高校，实验室的设备管理需要一套稳定、高效的管理办法。目前市面上也有很多类似的设备管理系统，但都各有各自的优缺点，所以本系统在创作时期尽量收集好相应的信息，完成一个与时俱进的设备管理系统。</span></p><p style=\"text-indent:28px;line-height:24px\"><strong><span style=\";font-family:宋体\">研究意义：</span></strong></p><p><span style=\"font-size:14px;font-family:宋体\">因为现在各个高等院校内教学设备众多但自动管理水平相对过低，很多高校管理设备都采用在设备购进以后将设备的基本情况和相关信息登记存档，存档以后档案基本就没人记录与维护。工作人员需要使用设备时申请借用与维修报废处理时非常麻烦。所以，实验室设备管理系统将管理任务分成小块，落实到个人并能随时查询设备当前情况和历史情况，以灵活、通用为主要设计思想，开发适合于学校设备管理的信息系统。使用本系统之后，将会提高学校的办公效率和设备可靠性，减少工作人员的劳动强度，减少办公耗材，提高学校的现代化管理水平。作这个课题是为了方便学校的教学设备进行统计及管理工作，减少每天需要涉及到的相关工作量，尽可能的提高工作效率，可以节省人力物力的浪费，也可以给带来一些开发项目的经验。</span></p><p><br/></p>','<p style=\"text-indent:21px;line-height:24px\"><strong><span style=\";font-family:宋体\">研究内容</span></strong><strong><span style=\"font-size:16px;font-family: 宋体\">：</span></strong></p><p style=\"text-indent:32px;line-height:24px\"><span style=\"font-size:16px;font-family:宋体\">本系统的目标是能够对实验室的实验设备使用的一些基本情况进行统计、添加、修改和删除，增添高校院系以及所属实验室，根据设备分类进行规划统计，根据设备的损坏情况进行图表统计。工作人员可以通过系统查看设备情况，向管理人员申请借用，维修设备等功能。</span></p><p style=\"margin-left:56px;line-height: 24px\"><span style=\"font-size:16px\">1.<span style=\"font-variant-numeric: normal;font-stretch: normal;font-size: 9px;line-height: normal;font-family: &#39;Times New Roman&#39;\">&nbsp;&nbsp;&nbsp;&nbsp;&nbsp; </span></span><span style=\"font-size:16px;font-family:宋体\">用户输入验证码进行注册登录；</span></p><p style=\"margin-left:56px;line-height: 24px\"><span style=\"font-size:16px\">2.<span style=\"font-variant-numeric: normal;font-stretch: normal;font-size: 9px;line-height: normal;font-family: &#39;Times New Roman&#39;\">&nbsp;&nbsp;&nbsp;&nbsp;&nbsp; </span></span><span style=\"font-size:16px;font-family:宋体\">用户输入关键字查询院系，实验室与设备；</span></p><p style=\"margin-left:56px;line-height: 24px\"><span style=\"font-size:16px\">3.<span style=\"font-variant-numeric: normal;font-stretch: normal;font-size: 9px;line-height: normal;font-family: &#39;Times New Roman&#39;\">&nbsp;&nbsp;&nbsp;&nbsp;&nbsp; </span></span><span style=\"font-size:16px;font-family:宋体\">用户对设备借用，维修，报废处理等申请，需标明理由与日期；</span></p><p style=\"margin-left:56px;line-height: 24px\"><span style=\"font-size:16px\">4.<span style=\"font-variant-numeric: normal;font-stretch: normal;font-size: 9px;line-height: normal;font-family: &#39;Times New Roman&#39;\">&nbsp;&nbsp;&nbsp;&nbsp;&nbsp; </span></span><span style=\"font-size:16px;font-family:宋体\">管理员查询设备借用，维修，报废等操作日志；</span></p><p style=\"margin-left:56px;line-height: 24px\"><span style=\"font-size:16px\">5.<span style=\"font-variant-numeric: normal;font-stretch: normal;font-size: 9px;line-height: normal;font-family: &#39;Times New Roman&#39;\">&nbsp;&nbsp;&nbsp;&nbsp;&nbsp; </span></span><span style=\"font-size:16px;font-family:宋体\">管理人员管理用户信息；</span></p><p style=\"margin-left:56px;line-height: 24px\"><span style=\"font-size:16px\">6.<span style=\"font-variant-numeric: normal;font-stretch: normal;font-size: 9px;line-height: normal;font-family: &#39;Times New Roman&#39;\">&nbsp;&nbsp;&nbsp;&nbsp;&nbsp; </span></span><span style=\"font-size:16px;font-family:宋体\">管理员添加设备分类，院系以及实验室；</span></p><p style=\"margin-left:56px;line-height: 24px\"><span style=\"font-size:16px\">7.<span style=\"font-variant-numeric: normal;font-stretch: normal;font-size: 9px;line-height: normal;font-family: &#39;Times New Roman&#39;\">&nbsp;&nbsp;&nbsp;&nbsp;&nbsp; </span></span><span style=\"font-size:16px;font-family:宋体\">管理人员添加设备，设备添加要求输入产地，日期，型号等信息；</span></p><p style=\"margin-left:56px;line-height: 24px\"><span style=\"font-size:16px\">8.<span style=\"font-variant-numeric: normal;font-stretch: normal;font-size: 9px;line-height: normal;font-family: &#39;Times New Roman&#39;\">&nbsp;&nbsp;&nbsp;&nbsp;&nbsp; </span></span><span style=\"font-size:16px;font-family:宋体\">管理人员处理用户对设备的借用，维修，报废；</span></p><p style=\"margin-left:56px;line-height: 24px\"><span style=\"font-size:16px\">9.<span style=\"font-variant-numeric: normal;font-stretch: normal;font-size: 9px;line-height: normal;font-family: &#39;Times New Roman&#39;\">&nbsp;&nbsp;&nbsp;&nbsp;&nbsp; </span></span><span style=\"font-size:16px;font-family:宋体\">管理人员对实验室设备数据的备份与恢复；</span></p><p style=\"margin-left:56px;line-height: 24px\"><span style=\"font-size:16px\">10.<span style=\"font-variant-numeric: normal;font-stretch: normal;font-size: 9px;line-height: normal;font-family: &#39;Times New Roman&#39;\">&nbsp; </span></span><span style=\"font-size:16px;font-family:宋体\">用户与管理人员都查看设备状态与分类的条形统计图表；</span></p><p style=\"margin-left:32px;line-height:24px\"><strong><span style=\";font-family:宋体\">拟解决的主要问题</span></strong></p><p style=\"margin-left:56px;line-height: 24px\"><span style=\"font-size:16px\">1.<span style=\"font-variant-numeric: normal;font-stretch: normal;font-size: 9px;line-height: normal;font-family: &#39;Times New Roman&#39;\">&nbsp;&nbsp;&nbsp;&nbsp;&nbsp; </span></span><span style=\"font-size:16px\">struts+spring+hibernate</span><span style=\"font-size:16px;font-family:宋体\">技术的实现</span></p><p style=\"margin-left:56px;line-height: 24px\"><span style=\"font-size:16px\">2.<span style=\"font-variant-numeric: normal;font-stretch: normal;font-size: 9px;line-height: normal;font-family: &#39;Times New Roman&#39;\">&nbsp;&nbsp;&nbsp;&nbsp;&nbsp; </span></span><span style=\"font-size:16px;font-family:宋体\">登录时随机验证码的技术实现</span></p><p style=\"margin-left:56px;line-height: 24px\"><span style=\"font-size:16px\">3.<span style=\"font-variant-numeric: normal;font-stretch: normal;font-size: 9px;line-height: normal;font-family: &#39;Times New Roman&#39;\">&nbsp;&nbsp;&nbsp;&nbsp;&nbsp; </span></span><span style=\"font-size:16px;font-family:宋体\">关键字查询技术的实现</span></p><p style=\"margin-left:56px;line-height: 24px\"><span style=\"font-size:16px\">4.<span style=\"font-variant-numeric: normal;font-stretch: normal;font-size: 9px;line-height: normal;font-family: &#39;Times New Roman&#39;\">&nbsp;&nbsp;&nbsp;&nbsp;&nbsp; </span></span><span style=\"font-size:16px;font-family:宋体\">系统的安全设计问题</span></p><p style=\"margin-left:56px;line-height: 24px\"><span style=\"font-size:16px\">5.<span style=\"font-variant-numeric: normal;font-stretch: normal;font-size: 9px;line-height: normal;font-family: &#39;Times New Roman&#39;\">&nbsp;&nbsp;&nbsp;&nbsp;&nbsp; </span></span><span style=\"font-size:16px;font-family:宋体\">查询统计生成统计条形图</span></p><p style=\"margin-left:56px;line-height: 24px\"><span style=\"font-size:16px\">6.<span style=\"font-variant-numeric: normal;font-stretch: normal;font-size: 9px;line-height: normal;font-family: &#39;Times New Roman&#39;\">&nbsp;&nbsp;&nbsp;&nbsp;&nbsp; </span></span><span style=\"font-size:16px;font-family:宋体\">数据的备份与恢复的实现</span></p><p><br/></p>','<p style=\"line-height:24px\"><span style=\";font-family:宋体\">一、研究方法</span></p><p style=\"line-height:24px\">1<span style=\";font-family:宋体\">．查找有关文献资料，为该系统的设计提供更多的理论根据。</span></p><p style=\"line-height:24px\">2<span style=\";font-family:宋体\">．尽自己能力动手设计，并完成研究内容。</span></p><p style=\"line-height:24px\">3. <span style=\";font-family:宋体\">测试完成的作品，并加以修改和完善。</span></p><p style=\"line-height:24px\"><span style=\";font-family:宋体\">二、研究步骤及措施</span></p><p style=\"line-height:24px\">1<span style=\";font-family:宋体\">．通过阅读大量的文献与资料，得到一些相应的理论知识和设计方法。</span></p><p style=\"line-height:24px\">2<span style=\";font-family:宋体\">．进行详细设计及功能分析，完成相关功能模块图，确定系统的基本功能。</span></p><p style=\"line-height:24px\">3<span style=\";font-family:宋体\">．完成相关功能的代码编写，融合美工及布局，逐步完善系统内容。</span></p><p style=\"line-height:24px\">4<span style=\";font-family:宋体\">．经过反复的测试修改，完成系统设计与实现，最终完成论文。</span></p><p><br/></p>','<p style=\"text-indent:8px;line-height:24px\"><span style=\"font-size:16px;font-family:宋体\">[1]Reto Meier.Android 4</span><span style=\"font-size:16px;font-family:宋体\">高级编程(第三版)[M].清华大学出版社,2013.4</span></p><p style=\"text-indent:8px;line-height:24px\"><span style=\"font-size:16px;font-family:宋体\">[2]</span><span style=\"font-size:16px;font-family:宋体\">胡元发. 基于J2EE架构的SSH组合框架的设计与应用[D].苏州大学.2009</span></p><p style=\"line-height:24px\"><span style=\"font-size:16px;font-family:宋体\">［3］ 王珊，萨师煊.数据库系统概论（第4版）.北京：高等教育出版社，2006</span></p><p style=\"line-height:150%\"><span style=\"font-size:16px;line-height:150%;font-family:宋体\">［4］</span><span style=\";line-height:150%;font-family:宋体\">尼春雨，舒雄.Visual Basic基础与案例开发详解.北京：清华大学出版社，2009</span></p><p style=\"line-height:150%\"><span style=\"font-size:16px;line-height:150%;font-family:宋体\">［5］</span><span style=\";line-height:150%;font-family:宋体\">张国梁. 基于Struts和Hibernate的J2EE Web应用的研究与实现[D].华东师范大学,2006</span></p><p style=\"line-height:150%\"><span style=\";line-height:150%;font-family:宋体\">[6]</span><span style=\";line-height:150%;font-family:宋体\">刘志东，马龙.数字化城市管理信息系统设计[D].电子工业出版社.2010.9</span></p><p style=\"line-height:150%\"><span style=\";line-height:150%;font-family:宋体\">[7]</span><span style=\";line-height:150%;font-family:宋体\">贾梦瑶，基于WEB的开放式实验室管理系统的设计与实现[D]. 电子科技大学.2014.3.25</span></p><p><span style=\"font-size:14px;font-family:宋体\">[8]</span><span style=\"font-size:14px;font-family:宋体\">王高亮.基于MyEclipse的实验室设备管理系统设计[D].</span> <span style=\"font-size:14px;font-family:宋体\">现代计算机(专业版).2012.04.05</span></p><p><br/></p>',279,175,2019,'01'),(6,'<p class=\"MsoListParagraph\" style=\"margin-left:64px;line-height:125%\"><span style=\"font-size:16px;line-height:125%\">一、</span><span style=\"font-size:16px;line-height:125%;font-family:宋体\">研究背景</span></p><p style=\"text-indent: 32px\"><span style=\"font-size: 16px;font-family:宋体\">随着互联网技术不断的提升，许多应用软件都被相应的开发出来，很多传统行业也开始转变其销售模式，由最初的线下销售转为互联网展示及销售一体化。<br/> &nbsp;&nbsp;&nbsp; 本项目基于广西壮传食品有限公司利用电商实现产品销售最大化而开发，该公司主营蛋黄酥、水晶粽等绿色健康食品，从原料生产到加工及销售一体化。但是，目前该公司在没有利用互联网销售时面临如下问题：<br/> 1、销售量小<br/> 2、品牌知名度不高<br/> 3、产品售后反馈不及时<br/> 4、推广地域特色文化受到约束<br/> &nbsp;&nbsp;&nbsp; 为了公司的发展，针对以上问题特开发此电商平台。</span></p><p style=\"line-height:125%\"><span style=\"font-size: 16px;line-height:125%\">&nbsp;&nbsp; </span><span style=\"font-size:16px;line-height:125%;font-family:宋体\">二、课题意义</span></p><p style=\"text-indent: 32px\"><span style=\"font-size: 16px;font-family:宋体\">该系统的搭建可以帮助企业树立品牌形象，从而帮助企业商家提升销量，在销售方面服务水平也有所提升，能够追溯历史订单等，同时降低了销售服务的人力成本；保留历史账单的功能也有助于加强消费者的消费体验，还能进行用户消费行为分析；可以及时收到客户的反馈从而改良公司产品；伴着品牌知名度的提高，地域特色文化也将得以大面积的推广。<br/> &nbsp;&nbsp;随着面临问题的解决，企业规模，种植基地也将不断扩大，不管是种植业还是生产流水线都为当地农民提供了大量的就职岗位，助力扶贫。</span></p><p><br/></p>','<p style=\"text-indent:32px;line-height:125%\"><span style=\"font-size:16px;line-height:125%;font-family:宋体\">一、研究内容</span></p><p style=\"text-indent:32px;line-height:125%\"><span style=\"font-size: 16px;line-height: 125%;font-family: 宋体\">本课题开发基于</span><span style=\"font-size: 16px;line-height: 125%\">SSH</span><span style=\"font-size: 16px;line-height: 125%;font-family: 宋体\">框架的电商系统，</span><span style=\"font-size:16px;line-height:125%;font-family:宋体\">首先需要对</span><span style=\"font-size:16px;line-height:125%\">SSH</span><span style=\"font-size: 16px;line-height:125%;font-family:宋体\">框架进行资料收集和学习研究，其次对各个模块进行详细的分析，该系统使用</span><span style=\"font-size:16px;line-height:125%\">Java</span><span style=\"font-size:16px;line-height:125%;font-family:宋体\">语言编写程序，服务器端使用</span><span style=\"font-size:16px;line-height:125%\">Tomcat</span><span style=\"font-size:16px;line-height:125%;font-family:宋体\">。数据库服务器使用</span><span style=\"font-size:16px;line-height:125%\">MySQL</span><span style=\"font-size:16px;line-height:125%;font-family:宋体\">。</span></p><p style=\"text-indent:32px;line-height:125%\"><span style=\"font-size:16px;line-height:125%;font-family:宋体\">二、拟解决的主要问题：</span><span style=\"font-size:16px;line-height:125%\"> </span></p><p style=\"margin-left:0;text-indent:0\"><span style=\"line-height: 150%\">1.</span><span style=\"line-height: 150%\">商品导航</span></p><p><span style=\"line-height: 150%\">这个是客户最直接也是最多交互的模块。首先要结合网站业务目标，做出符合网站内容的基本结构。其次就是根据用户的使用体验和感受来设计网页，最后注意的就是避免重复的分类。</span></p><p style=\"margin-left:0;text-indent:0\"><span style=\"line-height: 150%\">2.</span><span style=\"line-height: 150%\">商品搜索</span></p><p style=\"text-indent:0\"><span style=\"line-height: 150%\">&nbsp; </span><span style=\"line-height: 150%\">用户通过在搜索框输入想查询商品的名称，点击搜索按钮及显示用户所查询的商品。</span></p><p style=\"margin-left:0;text-indent:0\"><span style=\"line-height: 150%\">3.</span><span style=\"line-height: 150%\">购物车</span></p><p><span style=\"line-height: 150%\">负责暂存客户选购的商品</span></p><p style=\"margin-left:0;text-indent:0\"><span style=\"line-height: 150%\">4.</span><span style=\"line-height: 150%\">用户登录与注册</span></p><p style=\"margin-left:0;text-indent:0\"><span style=\"line-height: 150%\">5.</span><span style=\"line-height: 150%\">商品目录管理</span></p><p><span style=\"line-height: 150%\">将商品以树形结构组织起来</span></p><p style=\"margin-left:0;text-indent:0\"><span style=\"line-height: 150%\">6.</span><span style=\"line-height: 150%\">商品管理</span></p><p><span style=\"line-height: 150%\">商品信息维护，商品上架下架，商品评论等。</span></p><p style=\"margin-left:0;text-indent:0\"><span style=\"line-height: 150%\">7.</span><span style=\"line-height: 150%\">价格管理</span></p><p><span style=\"line-height: 150%\">对商品进行定价调价的操作</span></p><p style=\"margin-left:0;text-indent:0\"><span style=\"line-height: 150%\">8.</span><span style=\"line-height: 150%\">订单管理</span></p><p style=\"text-indent:16px\"><span style=\"line-height: 150%\">可以编辑、取消订单、 拆分订单、添加商品、移除商品、确认可备货等，也可对因促销规则发生变化引起的价格变化进行调整。订单处理完可发起退货、换货流程支付。</span></p><p style=\"text-indent:16px\"><span style=\"line-height: 150%\">9.</span><span style=\"line-height: 150%\">支付管理： </span></p><p><span style=\"line-height: 150%\">用于订单支付信息的查看和手工支付两种功能。手工支付订单，常用于“款到发货”类型的订单，可理解为对款到发货这类订单的一种补登行为。结算功能也是常用来对“货到付款”这一类型订单支付后的数据进行对帐。</span></p><p style=\"text-indent:0\"><span style=\"line-height: 150%\">10.</span><span style=\"line-height: 150%\">促销活动</span></p><p><span style=\"line-height: 150%\">分为目录促销、购物车促销和 优惠券促销三类，可以随意定义不同的促销规则，满足日常促销活动：购物折扣、购物赠送积分、购物赠送优惠券、购物免运输费、特价商品、特定会员购买特定商品、折上折、买二送一等。</span></p><p style=\"text-indent:0\"><span style=\"line-height: 150%\">11.</span><span style=\"line-height: 150%\">客服模块</span></p><p><span style=\"line-height: 150%\">退换货处理以及响应客户的各种咨询。</span></p><p style=\"margin-left:0;text-indent:0\">12.系统管理</p><p><span style=\"font-size:14px;font-family: &#39;Times New Roman&#39;,serif\">&nbsp;</span><span style=\"font-size:14px;font-family:宋体\">这个模块是系统的基础模块，包含角色管理，权限管理，登录日志这几个子模块。</span></p><p><br/></p>','<p style=\"text-indent:32px;line-height:125%\"><span style=\"font-size:16px;line-height:125%;font-family:宋体\">一、研究方法</span></p><p style=\"text-indent:32px;line-height:125%\"><span style=\"font-size:16px;line-height:125%;font-family: 宋体\">根据所得的需求对系统进行详细的分析，查找与本系统相关的文献与期刊，借鉴已有的成熟的电商系统，了解其发展现状及成果</span><span style=\"font-family:宋体\">。</span></p><p style=\"text-indent:32px;line-height:125%\"><span style=\"font-size:16px;line-height:125%;font-family:宋体\">二、研究步骤及措施</span></p><p><span style=\"font-size:16px;font-family:宋体\">1.</span><span style=\"font-size:16px;font-family:宋体\">了解相关系统的发展情况，收集资料和文献。<br/> 2.根据需求对系统进行总体设计。<br/> 3.深入分析，对各个模块做出详细设计。<br/> 4.完成相关代码的编写。<br/> 5.反复测试，解决出现的问题。完成系统设计与实现，最终完成毕业论文</span><span style=\"font-size:16px;font-family:宋体\">。</span></p><p><br/></p>','<p><span style=\"font-size:16px;font-family:宋体\">[1]</span><span style=\"font-size: 16px;font-family:宋体\">陈辉,赵洪升,张艳春.Struts+Spring+Hibernate框架的整合实现[J].河南大学学报(自然科学版),2010,40(06):642-645.[2017-09-13].DOI：10.15991/j.cnki.411100.2010.06.020<br/> [2]李雷孝,刘晓军,刘利民,包力.基于SSH整合框架的科研项目管理系统的设计与实现[J].内蒙古农业大学学报(自然科学版),2012,33(01):210-214.[2017-09-13].DOI：10.16853/j.cnki.1009-3575.2012.01.046<br/> [3]王希望,孟祥书,王福顺.基于SSH架构的Web系统的开发方法[J].河北农业大学学报(农林教育版),2010,12(04):538-541.[2017-09-13].<br/> [4]梁弼.SSH框架整合技术研究及应用[J].西安文理学院学报(自然科学版),2011,14(03):16-19.[2017-09-13].<br/> [5]温源.移动互联网软件产品的“UI”设计研究[D].山东大学,2013.<br/> [6]顾文佳.UI设计中用户交互体验的视觉思维[D].中国美术学院,2012.<br/> [7]王培荣.当前网上购物存在的问题及对策思考[J].中国商贸,2012,(13):132-133.[2017-09-13].<br/> [8]刘虹.企业电子商务平台的分析与设计[D].西南石油大学,2006.<br/> [9]张永祥.电子商务系统平台模型的研究与实现[D].电子科技大学,2016.</span></p><p><span style=\"font-size:16px;font-family:宋体\">[10]Ames F.Kurose keith W.Ross.Computer Networking[M].</span><span style=\"font-size:16px;font-family: 宋体\">北京：机械工业出版社。2012：169.</span></p><p><span style=\"font-size:16px;font-family:宋体\">[11]James Goodwill.Mastering Jakarta struts[J].Wdey Publishing Inc.,2006(8):23-25</span></p><p><span style=\"font-size:16px;font-family:宋体\">[12]</span><span style=\"font-size:16px;font-family: 宋体\">陈春雨,王福成,解国粱.基于JS技术的电子商品管理系统设计及实现[J].无线互联科技,2017,(16):65-66.[2017-09-15].</span></p><p><br/></p>',283,175,2019,'01'),(7,'<p style=\"margin-top:auto;margin-bottom:auto;line-height:125%\"><span style=\";line-height:125%;font-family:宋体\">一、研究背景</span></p><p style=\"text-indent:28px;line-height:125%\"><span style=\";line-height:125%;font-family:宋体\">随着房地产行业的快速发展，从早期的实地看房，到现在的三维网上虚拟看房。根据房地产产业的自身特点，非常适合与虚拟现实技术（VR）相结合，虚拟漫游系统是虚拟现实技术较为重要的一部分，而Unity3D是目前最专业的虚拟现实系统的引擎，用它来开发虚拟场景，用户反馈效果更佳。</span></p><p style=\"text-indent:28px;line-height:125%\"><span style=\";line-height: 125%;font-family:宋体\">Unity3D</span><span style=\";line-height:125%;font-family:宋体\">引擎是由荷兰的Unity Technologies公司开发的一个让玩家轻松创建诸如三维视频游戏、建筑可视化、实时三维动画等类型互动内容的多平台的综合型游戏开发工具，是一个全面整合的专业游戏引擎。作为一款跨平台的游戏引擎，在目前是三维漫游领域的主流软件，能够支持多种软件导入的三维模型，包括Auto cad、Photoshop、3ds max等，并支持模型的自动导入，动画、纹理自动转化成3D模型。Unity类似于Director,Blender game engine, Virtools 或 Torque Game Builder等利用交互的图型化开发环境为首要方式的软件。支持的平台包括PC、Mac、Linux、Web、iOS、Android、Xbox360、PlayStation3等大部分主流平台。Unity3D引擎在游戏开发方面的运用较多，也可以用来开发、应用、虚拟现实、产品展示宣传等项目。在技术上与传统的纯代码开发相比较，Unity具有高度优化的图形渲染管道，无论2D游戏还是3D游戏，均可达到美轮美奂的画面效果。它支持所有主要的文件格式引入，内建NVIDIA PhysX物理引擎，支持JavaScript、C#和Boo三种脚本语言，拥有强大的寻路系统、Shuriken粒子系统、光影烘焙系统、改进的遮挡拆切和LOD系统等。现在很多的商业游戏及虚拟现实产品都采用Unity3D引擎来开发。</span></p><p style=\"line-height:125%\"><span style=\";line-height:125%;font-family:宋体\">&nbsp;&nbsp; </span><span style=\";line-height:125%;font-family:宋体\">美国的卡马克的《重返德军总部3D》是第一部3D第一人称射击游戏,由其开发的 Doom引擎也成为最早3D游戏。Unity3D引擎在国内起步相对来说比较迟，目前已在3D游戏及房地产等行业有所发展。随着iOS、Android手机的大量普及和3D网络游戏的兴起，Unity3D因其强大的功能，良好的移植性，在手机和网络平台得到了广泛的应用和传播。虚拟漫游是虚拟现实技术理论的一个重要的实践与应用，目前在房地产产业上有着很广泛的应用。虚拟现实</span><span style=\";line-height:125%;font-family:宋体\">技术是通过计算机模拟生成的</span><span style=\";line-height:125%\">3D</span><span style=\";line-height:125%;font-family:宋体\">虚拟环境，利用各种传感器、三维虚拟场景及音视频来模拟人体的听觉、视觉、触觉等感觉器官，使观众能够切身体验到</span><span style=\";line-height:125%\">3D</span><span style=\";line-height:125%;font-family:宋体\">虚拟场景的真实性，即达到身临其境的效果。</span><span style=\";line-height:125%\">&nbsp;<span style=\"font-size: 14px; font-family: &quot;Times New Roman&quot;, serif;\">&nbsp;</span><span style=\"font-size: 14px; font-family: 宋体;\">虚拟现实的出现并快速发展，无疑为建筑设计领域开拓一个创新的艺术及技术相结合的广阔空间。早期，房地产行业的展示方式只局限于二维的平面图，随着“互联网</span><span style=\"font-size: 14px; font-family: &quot;Times New Roman&quot;, serif;\">+</span><span style=\"font-size: 14px; font-family: 宋体;\">”的提出，传统的平面图、沙盘及样板间等已经远远不能满足消费者的需求。而虚拟现实技术的出现，打破了以往众多的表现模式，它不仅仅是产品演示的媒介，更是一个设计工具。设计者可以将他们的构思及想法设计变成可见的，带消费者们“走进”自己的设计空间里，身临其境的观看未来住宅的结构。与沙盘模型、样品房相比，三维游戏场景交互、</span><span style=\"font-size: 14px; font-family: &quot;Times New Roman&quot;, serif;\">720</span><span style=\"font-size: 14px; font-family: 宋体;\">度实景看房等将带给用户更强的真实感，这种先进的营销模式很大程度上为开发商和投资者节约了投资成本和时间。三维模型是利用真实数据在计算机上以相对合理的比例产生的虚拟模型和场景，目前三维建模软件较常用的是</span><span style=\"font-size: 14px; font-family: &quot;Times New Roman&quot;, serif;\">3ds max</span><span style=\"font-size: 14px; font-family: 宋体;\">等。在</span><span style=\"font-size: 14px; font-family: &quot;Times New Roman&quot;, serif;\">3ds max</span><span style=\"font-size: 14px; font-family: 宋体;\">中搭建好</span><span style=\"font-size: 14px; font-family: &quot;Times New Roman&quot;, serif;\">3D</span><span style=\"font-size: 14px; font-family: 宋体;\">模型及相应的装饰，为了达到多样化的效果，在建立模型场景后需要运用</span><span style=\"font-size: 14px; font-family: &quot;Times New Roman&quot;, serif;\">Unity3D</span><span style=\"font-size: 14px; font-family: 宋体;\">等游戏引擎进行交互设计，从而实现鼠标键盘控制人物角色在三维虚拟空间中的交互漫游。这种通过实时交互的方式进行的虚拟漫游，极大地满足了购房者对未来住宅的全方位体验，在宣传上起到极好的效果，有效提高了房产行业宣传的竞争力。</span>&nbsp;</span></p><p><br/></p>','<p><br/></p><p><span style=\";font-family:宋体\">一、研究内容</span></p><p style=\"text-indent:28px\"><span style=\";font-family:宋体\">本文以北海南湾私人别墅为例,就当前的建模技术、虚拟漫游技术等进行综合分析。在准备该系统之前进行了相关的需求分析，确定室内空间的风格、设计场景模型及在漫游时可能的交互行为，然后收集建模所需的数据信息，利用3ds max建模技术搭建该别墅的室内空间并对室内环境进行渲染优化，通过Unity3D进行三维数据引擎设计，将室内虚拟场景导入等步骤来实现三维动态的虚拟漫游。整个系统的设计所需的软件有：AutoCAD，3ds max，Photoshop，Unity3D等。本文研究的重点主要是室内虚拟环境在3ds max中的设计与实现、虚拟漫游在Unity3D中的设计与实现。</span></p><p><span style=\";font-family:宋体\">二、拟解决的主要问题</span></p><p style=\"margin-left:58px\"><span style=\";font-family:宋体\">1.<span style=\"font-variant-numeric: normal;font-stretch: normal;font-size: 9px;line-height: normal;font-family: &#39;Times New Roman&#39;\">&nbsp; </span></span><span style=\";font-family:宋体\">如何对虚拟空间风格及贴图的把控</span></p><p><span style=\"font-size:14px;font-family:宋体\">如何对场景模型进行优化处理</span></p><p><br/></p>','<p style=\"line-height:24px\"><span style=\";font-family:宋体\">一、研究方法</span></p><p style=\"text-indent:28px;line-height:125%\"><span style=\";line-height:125%;font-family:宋体\">主要研究方法是查阅相关文献，熟悉3Ds Max与Unity 3D开发环境，掌握常见3D建模方法， Unity3D引擎的功能应用和Unity3D插件的使用，掌握JavaScript和C#的脚本语言的代码编写。最终完成游戏开发的制作及运行发布来完成本次研究。</span></p><p style=\"line-height:24px\"><span style=\";font-family:宋体\">二、研究步骤</span></p><p style=\"margin-left:59px;line-height: 24px\"><span style=\";font-family:宋体\">1.<span style=\"font-variant-numeric: normal;font-stretch: normal;font-size: 9px;line-height: normal;font-family: &#39;Times New Roman&#39;\">&nbsp;&nbsp; </span></span><span style=\";font-family:宋体\">对系统进行需求分析，计划进度；</span></p><p style=\"margin-left:59px;line-height: 24px\"><span style=\"font-size:16px;font-family:宋体\">2.<span style=\"font-variant-numeric: normal;font-stretch: normal;font-size: 9px;line-height: normal;font-family: &#39;Times New Roman&#39;\">&nbsp;&nbsp; </span></span><span style=\";font-family:宋体\">收集所需的数据信息，搭建室内虚拟环境；</span></p><p style=\"margin-left:59px;line-height: 24px\"><span style=\";font-family:宋体\">3.<span style=\"font-variant-numeric: normal;font-stretch: normal;font-size: 9px;line-height: normal;font-family: &#39;Times New Roman&#39;\">&nbsp;&nbsp; </span></span><span style=\";font-family:宋体\">贴图的选择与渲染优化；</span></p><p style=\"margin-left:59px;line-height: 24px\"><span style=\";font-family:宋体\">4.<span style=\"font-variant-numeric: normal;font-stretch: normal;font-size: 9px;line-height: normal;font-family: &#39;Times New Roman&#39;\">&nbsp;&nbsp; </span></span><span style=\";font-family:宋体\">用三维引擎对室内虚拟空间进行漫游设计；</span></p><p style=\"margin-left:59px;line-height: 24px\"><span style=\";font-family:宋体\">5.<span style=\"font-variant-numeric: normal;font-stretch: normal;font-size: 9px;line-height: normal;font-family: &#39;Times New Roman&#39;\">&nbsp;&nbsp; </span></span><span style=\";font-family:宋体\">运行，调试。</span></p><p style=\"line-height:24px\"><span style=\";font-family:宋体\">三、研究措施</span></p><p><span style=\"font-size:14px;font-family:宋体\">阅读相关资料及文献，学习和掌握3Ds Max及Unity3D引擎的使用。了解目前建筑漫游的研究现状，然后构思出自己对场景空间的规划和总体思路，深入学习脚本代码的编写。并通过与指导老师、同学探讨合作，解决在开发该系统所遇到的技术难点，循循渐进，保质保量地完成系统的开发设计、实验测试及论文</span><span style=\"font-size:16px;font-family:宋体\">。</span></p><p><br/></p>','<p style=\"line-height:150%\"><span style=\";line-height:150%;font-family:宋体\">[1]</span> <span style=\"font-size: 12px;line-height: 150%;font-family: 宋体;background: white\">吴睿</span><span style=\"font-size: 12px;line-height: 150%;font-family: Arial, sans-serif;background: white\">. </span><span style=\"font-size: 12px;line-height: 150%;font-family: 宋体;background: white\">基于</span><span style=\"font-size: 12px;line-height: 150%;font-family: Arial, sans-serif;background: white\">Unity3D</span><span style=\"font-size: 12px;line-height: 150%;font-family: 宋体;background: white\">的交互式房产网站的设计与实现</span><span style=\"font-size: 12px;line-height: 150%;font-family: Arial, sans-serif;background: white\">[D]. </span><span style=\"font-size: 12px;line-height: 150%;font-family: 宋体;background: white\">大连理工大学</span><span style=\"font-size: 12px;line-height: 150%;font-family: Arial, sans-serif;background: white\">, 2015.</span></p><p style=\"line-height:150%\"><span style=\";line-height:150%;font-family:宋体\">[2]</span> <span style=\"font-size: 12px;line-height: 150%;font-family: 宋体;background: white\">严林</span><span style=\"font-size: 12px;line-height: 150%;font-family: Arial, sans-serif;background: white\">. </span><span style=\"font-size: 12px;line-height: 150%;font-family: 宋体;background: white\">虚拟现实在室内设计中的应用</span><span style=\"font-size: 12px;line-height: 150%;font-family: Arial, sans-serif;background: white\">[D]. </span><span style=\"font-size: 12px;line-height: 150%;font-family: 宋体;background: white\">武汉科技大学</span><span style=\"font-size: 12px;line-height: 150%;font-family: Arial, sans-serif;background: white\">, 2010.</span></p><p style=\"line-height:150%\"><span style=\";line-height:150%;font-family:宋体\">[3] </span><span style=\"font-size: 12px;line-height: 150%;font-family: 宋体;background: white\">贺苗元</span><span style=\"font-size: 12px;line-height: 150%;font-family: Arial, sans-serif;background: white\">. </span><span style=\"font-size: 12px;line-height: 150%;font-family: 宋体;background: white\">基于</span><span style=\"font-size: 12px;line-height: 150%;font-family: Arial, sans-serif;background: white\">Unity3D</span><span style=\"font-size: 12px;line-height: 150%;font-family: 宋体;background: white\">引擎的虚拟室内漫游的研究设计与应用实现</span><span style=\"font-size: 12px;line-height: 150%;font-family: Arial, sans-serif;background: white\">[D]. </span><span style=\"font-size: 12px;line-height: 150%;font-family: 宋体;background: white\">内蒙古大学</span><span style=\"font-size: 12px;line-height: 150%;font-family: Arial, sans-serif;background: white\">, 2015.</span></p><p style=\"line-height:150%\"><span style=\";line-height:150%;font-family:宋体\">[4] </span><span style=\"font-size: 12px;line-height: 150%;font-family: Arial, sans-serif;background: white\">Liu L, Yin G X, Sha K, et al. Analysis of the Virtual System of Sports Scene Based on Virtual Reality Technology[J]. Applied Mechanics &amp; Materials, 2014, 651-653:1523-1526.</span></p><p style=\"line-height:150%\"><span style=\";line-height:150%;font-family:宋体\">[5]</span> <span style=\"font-size:12px;line-height:150%;font-family:宋体;color:#333333;background:white\">刘光然</span><span style=\"font-size: 12px;line-height: 150%;font-family: 宋体;background: white\">，虚拟现实技术</span><span style=\"font-size: 12px;line-height: 150%;font-family: Arial, sans-serif;background: white\">[M]</span><span style=\"font-size: 12px;line-height: 150%;font-family: 宋体;background: white\">，北京：清华大学出版社，</span><span style=\"font-size: 12px;line-height: 150%;font-family: Arial, sans-serif;background: white\">2011.</span></p><p style=\"line-height:150%\"><span style=\";line-height:150%;font-family:宋体\">[6]</span> <span style=\"font-size: 12px;line-height: 150%;font-family: 宋体;background: white\">干建松</span><span style=\"font-size: 12px;line-height: 150%;font-family: Arial, sans-serif;background: white\">. </span><span style=\"font-size: 12px;line-height: 150%;font-family: 宋体;background: white\">基于</span><span style=\"font-size: 12px;line-height: 150%;font-family: Arial, sans-serif;background: white\">Unity3d</span><span style=\"font-size: 12px;line-height: 150%;font-family: 宋体;background: white\">的室内漫游仿真系统</span><span style=\"font-size: 12px;line-height: 150%;font-family: Arial, sans-serif;background: white\">[J]. </span><span style=\"font-size: 12px;line-height: 150%;font-family: 宋体;background: white\">淮阴师范学院学报</span><span style=\"font-size: 12px;line-height: 150%;font-family: Arial, sans-serif;background: white\">(</span><span style=\"font-size: 12px;line-height: 150%;font-family: 宋体;background: white\">自然科学版</span><span style=\"font-size: 12px;line-height: 150%;font-family: Arial, sans-serif;background: white\">), 2011, 10(6):515-518.</span></p><p style=\"line-height:150%\"><span style=\";line-height:150%;font-family:宋体\">[7]</span> <span style=\"font-size: 12px;line-height: 150%;font-family: 宋体;background: white\">程萍</span><span style=\"font-size: 12px;line-height: 150%;font-family: Arial, sans-serif;background: white\">, </span><span style=\"font-size: 12px;line-height: 150%;font-family: 宋体;background: white\">宋春华</span><span style=\"font-size: 12px;line-height: 150%;font-family: Arial, sans-serif;background: white\">. </span><span style=\"font-size: 12px;line-height: 150%;font-family: 宋体;background: white\">基于</span><span style=\"font-size: 12px;line-height: 150%;font-family: Arial, sans-serif;background: white\">Unity3D</span><span style=\"font-size: 12px;line-height: 150%;font-family: 宋体;background: white\">引擎的</span><span style=\"font-size: 12px;line-height: 150%;font-family: Arial, sans-serif;background: white\">3D</span><span style=\"font-size: 12px;line-height: 150%;font-family: 宋体;background: white\">漫游系统</span><span style=\"font-size: 12px;line-height: 150%;font-family: Arial, sans-serif;background: white\">[J]. </span><span style=\"font-size: 12px;line-height: 150%;font-family: 宋体;background: white\">成都纺织高等专科学校学报</span><span style=\"font-size: 12px;line-height: 150%;font-family: Arial, sans-serif;background: white\">, 2014, 31(4):24-28.</span></p><p style=\"line-height:150%\"><span style=\";line-height:150%;font-family:宋体\">[8]</span><span style=\"font-size: 12px;line-height: 150%;font-family: Arial, sans-serif;background: white\"> Xu P L, Su Y M. Design and Implementation of Landscape System for East and West Huashi Street in Beijing Based on Virtual Reality Technology[J]. Applied Mechanics &amp; Materials, 2013, 263-266:1849-1852.</span></p><p><span style=\";font-family:宋体\">[9]</span> <span style=\"font-size:12px;font-family:宋体;color:#333333;background:white\">宣雨松</span><span style=\"font-size: 12px;font-family: 宋体;background: white\">，</span><span style=\"font-size: 12px;font-family: Arial, sans-serif;background: white\">Unity 3D</span><span style=\"font-size: 12px;font-family: 宋体;background: white\">游戏开发</span><span style=\"font-size: 12px;font-family: Arial, sans-serif;background: white\">[M]</span><span style=\"font-size: 12px;font-family: 宋体;background: white\">，北京：人民邮电出版社，</span><span style=\"font-size: 12px;font-family: Arial, sans-serif;background: white\">2012.</span></p><p style=\"line-height:150%\"><span style=\";line-height:150%;font-family:宋体\">[10]</span> <span style=\"font-size: 12px;line-height: 150%;font-family: 宋体;background: white\">韩桂明</span><span style=\"font-size: 12px;line-height: 150%;font-family: Arial, sans-serif;background: white\">, </span><span style=\"font-size: 12px;line-height: 150%;font-family: 宋体;background: white\">周凌</span><span style=\"font-size: 12px;line-height: 150%;font-family: Arial, sans-serif;background: white\">, </span><span style=\"font-size: 12px;line-height: 150%;font-family: 宋体;background: white\">赵志鹏</span><span style=\"font-size: 12px;line-height: 150%;font-family: Arial, sans-serif;background: white\">. </span><span style=\"font-size: 12px;line-height: 150%;font-family: 宋体;background: white\">基于</span><span style=\"font-size: 12px;line-height: 150%;font-family: Arial, sans-serif;background: white\">Unity3D</span><span style=\"font-size: 12px;line-height: 150%;font-family: 宋体;background: white\">的房间仿真技术</span><span style=\"font-size: 12px;line-height: 150%;font-family: Arial, sans-serif;background: white\">[J]. </span><span style=\"font-size: 12px;line-height: 150%;font-family: 宋体;background: white\">电子测试</span><span style=\"font-size: 12px;line-height: 150%;font-family: Arial, sans-serif;background: white\">, 2014(11):49-51.</span></p><p style=\"line-height:150%\"><span style=\";line-height:150%;font-family:宋体\">[11]</span> <span style=\"font-size: 12px;line-height: 150%;font-family: 宋体;background: white\">喻臻钰</span><span style=\"font-size: 12px;line-height: 150%;font-family: Arial, sans-serif;background: white\">, </span><span style=\"font-size: 12px;line-height: 150%;font-family: 宋体;background: white\">杨昆</span><span style=\"font-size: 12px;line-height: 150%;font-family: Arial, sans-serif;background: white\">. </span><span style=\"font-size: 12px;line-height: 150%;font-family: 宋体;background: white\">基于</span><span style=\"font-size: 12px;line-height: 150%;font-family: Arial, sans-serif;background: white\">3ds Max</span><span style=\"font-size: 12px;line-height: 150%;font-family: 宋体;background: white\">与</span><span style=\"font-size: 12px;line-height: 150%;font-family: Arial, sans-serif;background: white\">Unity 3D</span><span style=\"font-size: 12px;line-height: 150%;font-family: 宋体;background: white\">的三维虚拟校园系统的设计与实现</span><span style=\"font-size: 12px;line-height: 150%;font-family: Arial, sans-serif;background: white\">[J]. </span><span style=\"font-size: 12px;line-height: 150%;font-family: 宋体;background: white\">电脑知识与技术</span><span style=\"font-size: 12px;line-height: 150%;font-family: Arial, sans-serif;background: white\">, 2016, 12(3):218-221.</span></p><p style=\"line-height:150%\"><span style=\";line-height:150%;font-family:宋体\">[12]</span> <span style=\"font-size: 12px;line-height: 150%;font-family: 宋体;background: white\">章菲</span><span style=\"font-size: 12px;line-height: 150%;font-family: Arial, sans-serif;background: white\">, </span><span style=\"font-size: 12px;line-height: 150%;font-family: 宋体;background: white\">徐燕</span><span style=\"font-size: 12px;line-height: 150%;font-family: Arial, sans-serif;background: white\">, </span><span style=\"font-size: 12px;line-height: 150%;font-family: 宋体;background: white\">许淑华</span><span style=\"font-size: 12px;line-height: 150%;font-family: Arial, sans-serif;background: white\">. </span><span style=\"font-size: 12px;line-height: 150%;font-family: 宋体;background: white\">基于</span><span style=\"font-size: 12px;line-height: 150%;font-family: Arial, sans-serif;background: white\">Unity 3D</span><span style=\"font-size: 12px;line-height: 150%;font-family: 宋体;background: white\">的室内装修商城的设计与实现</span><span style=\"font-size: 12px;line-height: 150%;font-family: Arial, sans-serif;background: white\">[J]. </span><span style=\"font-size: 12px;line-height: 150%;font-family: 宋体;background: white\">计算机时代</span><span style=\"font-size: 12px;line-height: 150%;font-family: Arial, sans-serif;background: white\">, 2016(01):52-55.</span></p><p style=\"line-height:150%\"><span style=\";line-height:150%;font-family:宋体\">[13]</span> <span style=\"font-size: 12px;line-height: 150%;font-family: 宋体;background: white\">周灵</span><span style=\"font-size: 12px;line-height: 150%;font-family: Arial, sans-serif;background: white\">, </span><span style=\"font-size: 12px;line-height: 150%;font-family: 宋体;background: white\">周晓梅</span><span style=\"font-size: 12px;line-height: 150%;font-family: Arial, sans-serif;background: white\">, </span><span style=\"font-size: 12px;line-height: 150%;font-family: 宋体;background: white\">郝婧</span><span style=\"font-size: 12px;line-height: 150%;font-family: Arial, sans-serif;background: white\">. </span><span style=\"font-size: 12px;line-height: 150%;font-family: 宋体;background: white\">一种基于</span><span style=\"font-size: 12px;line-height: 150%;font-family: Arial, sans-serif;background: white\">Unity 3D</span><span style=\"font-size: 12px;line-height: 150%;font-family: 宋体;background: white\">的场景交互漫游</span><span style=\"font-size: 12px;line-height: 150%;font-family: Arial, sans-serif;background: white\">[J]. </span><span style=\"font-size: 12px;line-height: 150%;font-family: 宋体;background: white\">电子世界</span><span style=\"font-size: 12px;line-height: 150%;font-family: Arial, sans-serif;background: white\">, 2016(12):70-71.</span></p><p style=\"line-height:150%\"><span style=\";line-height:150%;font-family:宋体\">[14]</span> <span style=\"font-size: 12px;line-height: 150%;font-family: 宋体;background: white\">赵青</span><span style=\"font-size: 12px;line-height: 150%;font-family: Arial, sans-serif;background: white\">, </span><span style=\"font-size: 12px;line-height: 150%;font-family: 宋体;background: white\">李欣亮</span><span style=\"font-size: 12px;line-height: 150%;font-family: Arial, sans-serif;background: white\">. </span><span style=\"font-size: 12px;line-height: 150%;font-family: 宋体;background: white\">基于</span><span style=\"font-size: 12px;line-height: 150%;font-family: Arial, sans-serif;background: white\">3DSMAX</span><span style=\"font-size: 12px;line-height: 150%;font-family: 宋体;background: white\">的虚拟现实建模技术研究</span><span style=\"font-size: 12px;line-height: 150%;font-family: Arial, sans-serif;background: white\">[J]. </span><span style=\"font-size: 12px;line-height: 150%;font-family: 宋体;background: white\">电子技术与软件工程</span><span style=\"font-size: 12px;line-height: 150%;font-family: Arial, sans-serif;background: white\">, 2016(2):84-85.</span></p><p style=\"line-height:150%\"><span style=\";line-height:150%;font-family:宋体\">[15]</span><span style=\"font-size: 12px;line-height: 150%;font-family: Arial, sans-serif;background: white\"> Feng Y. The Application of Virtual Reality Technology in Industrial Design[J]. Advanced Materials Research, 2014, 926-930:1759-1762.</span></p><p style=\"line-height:150%\"><span style=\";line-height:150%;font-family:宋体\">[16]</span> <span style=\"font-size: 12px;line-height: 150%;font-family: 宋体;background: white\">王箫音</span><span style=\"font-size: 12px;line-height: 150%;font-family: Arial, sans-serif;background: white\">. </span><span style=\"font-size: 12px;line-height: 150%;font-family: 宋体;background: white\">数字展示交互设计初探</span><span style=\"font-size: 12px;line-height: 150%;font-family: Arial, sans-serif;background: white\">——</span><span style=\"font-size: 12px;line-height: 150%;font-family: 宋体;background: white\">以常州博物馆、规划馆为例</span><span style=\"font-size: 12px;line-height: 150%;font-family: Arial, sans-serif;background: white\">[J]. </span><span style=\"font-size: 12px;line-height: 150%;font-family: 宋体;background: white\">艺术科技</span><span style=\"font-size: 12px;line-height: 150%;font-family: Arial, sans-serif;background: white\">, 2015(07):40-40.</span></p><p style=\"line-height:150%\"><span style=\";line-height:150%;font-family:宋体\">[17]</span> <span style=\"font-size:12px;line-height:150%;font-family:宋体;color:#333333;background:white\">周晓成、张煜鑫、冷荣亮</span><span style=\"font-size: 12px;line-height: 150%;font-family: 宋体;background: white\">，</span><span style=\"font-size:12px;line-height:150%;font-family:宋体;color:#333333;background:white\">虚拟现实交互设计</span><span style=\"font-size: 12px;line-height: 150%;font-family: Arial, sans-serif;background: white\">[M]</span><span style=\"font-size: 12px;line-height: 150%;font-family: 宋体;background: white\">，北京：</span><span style=\"font-size:12px;line-height:150%;font-family:宋体;color:#333333;background:white\">化学工业出版社</span><span style=\"font-size: 12px;line-height: 150%;font-family: 宋体;background: white\">，</span><span style=\"font-size: 12px;line-height: 150%;font-family: Arial, sans-serif;background: white\">2016.</span></p><p style=\"line-height:150%\"><span style=\";line-height:150%;font-family:宋体\">[18]</span> <span style=\"font-size: 12px;line-height: 150%;font-family: 宋体;background: white\">肖建良</span><span style=\"font-size: 12px;line-height: 150%;font-family: Arial, sans-serif;background: white\">, </span><span style=\"font-size: 12px;line-height: 150%;font-family: 宋体;background: white\">张程</span><span style=\"font-size: 12px;line-height: 150%;font-family: Arial, sans-serif;background: white\">, </span><span style=\"font-size: 12px;line-height: 150%;font-family: 宋体;background: white\">李阳</span><span style=\"font-size: 12px;line-height: 150%;font-family: Arial, sans-serif;background: white\">. </span><span style=\"font-size: 12px;line-height: 150%;font-family: 宋体;background: white\">基于</span><span style=\"font-size: 12px;line-height: 150%;font-family: Arial, sans-serif;background: white\">Unity3D</span><span style=\"font-size: 12px;line-height: 150%;font-family: 宋体;background: white\">的室内漫游系统</span><span style=\"font-size: 12px;line-height: 150%;font-family: Arial, sans-serif;background: white\">[J]. </span><span style=\"font-size: 12px;line-height: 150%;font-family: 宋体;background: white\">电子设计工程</span><span style=\"font-size: 12px;line-height: 150%;font-family: Arial, sans-serif;background: white\">, 2016, 24(19):54-56.</span></p><p><br/></p>',291,195,2019,'01'),(8,'<p><strong><span style=\"font-size:16px;font-family:宋体\">本课题研究的背景及意义</span></strong><strong><span style=\"font-size:16px;font-family:宋体\">：</span></strong></p><p style=\"text-indent:32px\"><a><strong><span style=\"font-size:16px;font-family:宋体\">（一）课题背景</span></strong></a></p><p style=\"text-indent:32px;line-height:125%\"><span style=\"font-size:16px;line-height:125%;font-family: 宋体\">在“望子成龙，望女成凤”的思想下，父母往往异常关注子女的学习成绩、在校表现和学校及老师的评价，更有甚者以此作为标准评判子女是否优秀。在这种高压下，父母或者学生已不满足于学校一对多的教育方式，希望以学校教育为主，家教为辅，双管齐下，找到让孩子提高学习成绩的有效方法。而大学生作为家教行业的新兴资源，并迅速发展，这其中除了家长及其子女的拉力作用外，大学生本身也具有自愿成为家教兼职的推力。</span></p><p style=\"text-indent:32px;line-height:125%\"><span style=\"font-size:16px;line-height:125%;font-family: 宋体\">家教市场如火如荼，但家教行业现状不容乐观，呈现出了“多、乱、杂”的局面。主要的问题如下所示：</span></p><p style=\"text-indent:32px;line-height:125%\"><span style=\"font-size:16px;line-height:125%;font-family:宋体\">1.</span><span style=\"font-size:16px;line-height:125%;font-family:宋体\">大学生家教市场信息闭塞，大学生寻找家教兼职途径单一。</span></p><p style=\"text-indent:32px;line-height:125%\"><span style=\"font-size:16px;line-height:125%;font-family:宋体\">2.</span><span style=\"font-size:16px;line-height:125%;font-family:宋体\">大学生家教教学质量良莠不齐，缺乏有效评价机制。</span></p><p style=\"text-indent:32px;line-height:125%\"><span style=\"font-size:16px;line-height:125%;font-family:宋体\">3.</span><span style=\"font-size:16px;line-height:125%;font-family:宋体\">学生家长信用缺乏监管，大学生权益难以有效保障。</span></p><p style=\"text-indent:32px;line-height:125%\"><span style=\"font-size:16px;line-height:125%;font-family:宋体\">4.</span><span style=\"font-size:16px;line-height:125%;font-family:宋体\">大学生轻易相信陌生人，个人信息容易泄露。</span></p><p style=\"text-indent:32px;line-height:125%\"><span style=\"font-size:16px;line-height:125%;font-family:宋体\">5.</span><span style=\"font-size:16px;line-height:125%;font-family:宋体\">大学生家教市场不乏“黑中介”，大学生面临财产安全问题。</span></p><p style=\"text-indent:32px\"><strong><span style=\"font-size:16px;font-family:宋体\">（二）课题意义</span></strong></p><p style=\"text-indent:32px;line-height:125%\"><span style=\"font-size:16px;line-height:125%;font-family: 宋体\">构建学而优家教网，即创建一个属于大学生自己的家教信息共享平台，通过家长与大学生之间的信息共享，可以大大提高家教市场的匹配效率。此外，通过学员库、教员库的实时数据显示及双方的评价机制，可以有效的对家长和大学生双方进行口碑监督，从而促进大学生家教市场的良性发展。这样既保障了大学生的兼职权益，又能为家长提供一个公开透明，数据化、可视化的家教市场。</span></p><p><br/></p>','<p><strong><span style=\"font-size:16px;font-family:宋体\">研究内容：</span></strong></p><p style=\"text-indent:32px;line-height:125%\"><span style=\"font-size:16px;line-height:125%;font-family: 宋体\">本课题研究内容分为以下5个方面。</span></p><p style=\"margin-left:56px;line-height: 125%\"><span style=\"font-size:16px;line-height:125%;font-family:宋体\">1.<span style=\"font-variant-numeric: normal;font-stretch: normal;font-size: 9px;line-height: normal;font-family: &#39;Times New Roman&#39;\">&nbsp; </span></span><span style=\"font-size:16px;line-height:125%;font-family:宋体\">研究目前大学生家教市场和过程中的问题以及这些问题的相关性；</span></p><p style=\"margin-left:56px;line-height: 125%\"><span style=\"font-size:16px;line-height:125%;font-family:宋体\">2.<span style=\"font-variant-numeric: normal;font-stretch: normal;font-size: 9px;line-height: normal;font-family: &#39;Times New Roman&#39;\">&nbsp; </span></span><span style=\"font-size:16px;line-height:125%;font-family:宋体\">根据分析的问题探讨一种适合目前大学生家教的管理流程；</span></p><p style=\"margin-left:56px;line-height: 125%\"><span style=\"font-size:16px;line-height:125%;font-family:宋体\">3.<span style=\"font-variant-numeric: normal;font-stretch: normal;font-size: 9px;line-height: normal;font-family: &#39;Times New Roman&#39;\">&nbsp; </span></span><span style=\"font-size:16px;line-height:125%;font-family:宋体\">根据研究的管理流程设计家教信息平台；</span></p><p style=\"margin-left:56px;line-height: 125%\"><span style=\"font-size:16px;line-height:125%;font-family:宋体\">4.<span style=\"font-variant-numeric: normal;font-stretch: normal;font-size: 9px;line-height: normal;font-family: &#39;Times New Roman&#39;\">&nbsp; </span></span><span style=\"font-size:16px;line-height:125%;font-family:宋体\">讨论家教信息平台中的XMPP协议，比较现有流行的几种消息推送方式和方法，并研究其特点和各自优势；</span></p><p style=\"margin-left:56px;line-height: 125%\"><span style=\"font-size:16px;line-height:125%;font-family:宋体\">5.<span style=\"font-variant-numeric: normal;font-stretch: normal;font-size: 9px;line-height: normal;font-family: &#39;Times New Roman&#39;\">&nbsp; </span></span><span style=\"font-size:16px;line-height:125%;font-family:宋体\">将适合家教平台的XMPP消息推送机制应用到该平台。</span></p><p style=\"margin-left:56px;line-height: 125%\"><span style=\"font-size:16px;line-height:125%;font-family:宋体\">6.<span style=\"font-variant-numeric: normal;font-stretch: normal;font-size: 9px;line-height: normal;font-family: &#39;Times New Roman&#39;\">&nbsp; </span></span><span style=\"font-size:16px;line-height:125%;font-family:宋体\">家教老师的注册登记。</span></p><p style=\"margin-left:56px;line-height: 125%\"><span style=\"font-size:16px;line-height:125%;font-family:宋体\">7.<span style=\"font-variant-numeric: normal;font-stretch: normal;font-size: 9px;line-height: normal;font-family: &#39;Times New Roman&#39;\">&nbsp; </span></span><span style=\"font-size:16px;line-height:125%;font-family:宋体\">家长发布家教需求。</span></p><p style=\"margin-left:56px;line-height: 125%\"><span style=\"font-size:16px;line-height:125%;font-family:宋体\">8.<span style=\"font-variant-numeric: normal;font-stretch: normal;font-size: 9px;line-height: normal;font-family: &#39;Times New Roman&#39;\">&nbsp; </span></span><span style=\"font-size:16px;line-height:125%;font-family:宋体\">家教地点LBS定位。</span></p><p style=\"margin-left:56px;line-height: 125%\"><span style=\"font-size:16px;line-height:125%;font-family:宋体\">9.<span style=\"font-variant-numeric: normal;font-stretch: normal;font-size: 9px;line-height: normal;font-family: &#39;Times New Roman&#39;\">&nbsp; </span></span><span style=\"font-size:16px;line-height:125%;font-family:宋体\">教员库、学员库的筛选管理。</span></p><p><span style=\"font-size:16px;font-family:宋体\">&nbsp;</span></p><p><strong><span style=\"font-size:16px;font-family:宋体\">拟解决的主要问题：</span></strong></p><p style=\"text-indent:32px;line-height:125%\"><span style=\"font-size:16px;line-height:125%;font-family: 宋体\">拟解决的主要问题主要分为以下5点：</span></p><p style=\"margin-left:56px;line-height: 125%\"><span style=\"font-size:16px;line-height:125%;font-family:宋体\">1.<span style=\"font-variant-numeric: normal;font-stretch: normal;font-size: 9px;line-height: normal;font-family: &#39;Times New Roman&#39;\">&nbsp; </span></span><span style=\"font-size:16px;line-height:125%;font-family:宋体\">分析和讨论目前大学生家教所面临的问题和困境并根据所调研的内容构建合适的管理流程；</span></p><p style=\"margin-left:56px;line-height: 125%\"><span style=\"font-size:16px;line-height:125%;font-family:宋体\">2.<span style=\"font-variant-numeric: normal;font-stretch: normal;font-size: 9px;line-height: normal;font-family: &#39;Times New Roman&#39;\">&nbsp; </span></span><span style=\"font-size:16px;line-height:125%;font-family:宋体\">根据管理流程构架学而优家教网信息管理平台。</span></p><p style=\"margin-left:56px;line-height: 125%\"><span style=\"font-size:16px;line-height:125%;font-family:宋体\">3.<span style=\"font-variant-numeric: normal;font-stretch: normal;font-size: 9px;line-height: normal;font-family: &#39;Times New Roman&#39;\">&nbsp; </span></span><span style=\"font-size:16px;line-height:125%;font-family:宋体\">结合信息管理平台开发移动端</span></p><p style=\"margin-left:56px;line-height: 125%\"><span style=\"font-size:16px;line-height:125%;font-family:宋体\">4.<span style=\"font-variant-numeric: normal;font-stretch: normal;font-size: 9px;line-height: normal;font-family: &#39;Times New Roman&#39;\">&nbsp; </span></span><span style=\"font-size:16px;line-height:125%;font-family:宋体\">将XMPP消息推送协议应用到平台中。</span></p><p style=\"margin-left:56px;line-height: 125%\"><span style=\"font-size:16px;line-height:125%;font-family:宋体\">5.<span style=\"font-variant-numeric: normal;font-stretch: normal;font-size: 9px;line-height: normal;font-family: &#39;Times New Roman&#39;\">&nbsp; </span></span><span style=\"font-size:16px;line-height:125%;font-family:宋体\">在平台中结合LBS定位、家教需求双方的双向选择、家教管理流程实现以及相关信息发布等功能的实现。</span></p><p><br/></p>','<p style=\"text-indent:32px;line-height:125%\"><span style=\"font-size:16px;line-height:125%;font-family:宋体\">1.</span><span style=\"font-size:16px;line-height:125%;font-family:宋体\">收集相关XMPP协议的文献资料，为构建系统主要模块做资料参考。</span></p><p style=\"text-indent:32px;line-height:125%\"><span style=\"font-size:16px;line-height:125%;font-family:宋体\">2.</span><span style=\"font-size:16px;line-height:125%;font-family:宋体\">进行系统的后台信息管理的设计与开发。</span></p><p style=\"text-indent:32px;line-height:125%\"><span style=\"font-size:16px;line-height:125%;font-family:宋体\">3.</span><span style=\"font-size:16px;line-height:125%;font-family:宋体\">动手设计并实现前台业务功能。</span></p><p style=\"text-indent:32px;line-height:125%\"><span style=\"font-size:16px;line-height:125%;font-family:宋体\">3.</span><span style=\"font-size:16px;line-height:125%;font-family:宋体\">测试前台各项功能及后台信息管理功能，并加以修改和完善，完成研究内容。</span></p><p style=\"line-height:125%\"><span style=\"font-size: 16px;line-height:125%;font-family:宋体\">&nbsp;</span></p><p><strong><span style=\"font-size:16px;font-family:宋体\">步骤及措施：</span></strong></p><p style=\"margin-left:48px;line-height:125%\"><span style=\"font-size:16px;line-height:125%;font-family:宋体\">1.</span><span style=\"font-size:16px;line-height:125%;font-family:宋体\">阅读相关资料，了解相关技术信息，进行论文可行性的评估。</span></p><p style=\"text-indent:32px;line-height:125%\"><span style=\"font-size:16px;line-height:125%;font-family:宋体\">2.</span><span style=\"font-size:16px;line-height:125%;font-family:宋体\">确定研究课题，拟写开题报告及论文大纲。</span></p><p style=\"margin-left:48px;line-height:125%\"><span style=\"font-size:16px;line-height:125%;font-family:宋体\">3.</span><span style=\"font-size:16px;line-height:125%;font-family:宋体\">仔细分析实时消息推送技术在的现代应用信息系统中的应用前景和实用价值，并开始整理论文。</span></p><p style=\"text-indent:32px;line-height:125%\"><span style=\"font-size:16px;line-height:125%;font-family:宋体\">3.</span><span style=\"font-size:16px;line-height:125%;font-family:宋体\">进行系统详细设计以及数据库设计。</span></p><p style=\"text-indent:32px;line-height:125%\"><span style=\"font-size:16px;line-height:125%;font-family:宋体\">4.</span><span style=\"font-size:16px;line-height:125%;font-family:宋体\">根据设计文档编码实现系统业务的逻辑功能。</span></p><p style=\"text-indent:32px;line-height:125%\"><span style=\"font-size:16px;line-height:125%;font-family:宋体\">5.</span><span style=\"font-size:16px;line-height:125%;font-family:宋体\">对系统进行测试和优化，整理系统相关文档，完成论文。</span></p><p><br/></p>','<p><span style=\";font-family:宋体\">[1]</span><span style=\";font-family: 宋体\">王勇. 基于Openfire的演出直播系统的设计与实现[D].苏州大学,2016.</span></p><p><span style=\";font-family:宋体\">[2]</span><span style=\";font-family: 宋体\">颜欢. XMPP协议的安全性分析及其应用研究[D].西安电子科技大学,2012.</span></p><p><span style=\";font-family:宋体\">[3]</span><span style=\";font-family: 宋体\">王春超. 基于J2EE架构的SSH组合框架的研究[D].长春理工大学,2010.</span></p><p><span style=\"font-size:14px;font-family:宋体\">[4]</span><span style=\"font-size:14px;font-family:宋体\">付莎. 基于XMPP协议企业级IM的研究与实现[D].西南交通大学,2009.</span></p><p><br/></p>',309,111,2019,'01'),(9,'<p class=\"MsoListParagraph\" style=\"margin-left:64px;line-height:125%\"><span style=\"font-size:16px;line-height:125%\">一、</span><span style=\"font-size:16px;line-height:125%;font-family:宋体\">研究背景</span></p><p style=\"text-indent:32px;line-height:125%\"><span style=\"font-size:16px;line-height:125%;font-family:宋体\">课题来源于广西梧州中恒集团股份有限公司现有的智能二维码微信营销平台，此平台已于</span><span style=\"font-size:16px;line-height:125%\">2016</span><span style=\"font-size:16px;line-height:125%;font-family:宋体\">年</span><span style=\"font-size:16px;line-height:125%\">6</span><span style=\"font-size:16px;line-height:125%;font-family:宋体\">月上线使用，目前主要是实现功能的添加和维护。但是至今此平台的数据已达到了</span><span style=\"font-size:16px;line-height:125%\">10G</span><span style=\"font-size:16px;line-height:125%;font-family:宋体\">，数据增长如此之快，随着信息的剧增，平台性能已满足不了用户的需求。平台响应用户的一个查询请求的时间超过了</span><span style=\"font-size:16px;line-height:125%\">20</span><span style=\"font-size:16px;line-height:125%;font-family:宋体\">秒，这远远超出了正常系统的响应时间。因此，优化此平台的性能和提高查询速度显得尤为重要。课题拟通过优化该平台提出一种通用的类似平台的优化方法以使其能快速应用到其他平台的优化。</span></p><p style=\"line-height:125%\"><span style=\"font-size: 16px;line-height:125%\">&nbsp;&nbsp; </span><span style=\"font-size:16px;line-height:125%;font-family:宋体\">二、课题意义</span></p><p style=\"text-indent:32px;line-height:125%\"><span style=\"font-size:16px;line-height:125%;font-family: 宋体\">二维码技术在近年来得到了广泛的应用，二维码已嵌入到现代生活的各个方面，扫码支付、扫码共享单车、扫码加好友等等。在二维码应用中，梧州学院为梧州中恒集团开发了一个二维码应用于产品抽奖、打印和管理的信息系统。但是在应用过程中由于中恒集团的产品销售渠道多、销售量巨大，从而积累了大量的产品二维码处理，经过一年的销售后，二维码数据在系统中已经达到亿数量级，由此带来的问题如下：</span></p><p class=\"MsoListParagraph\" style=\"margin-left:56px;line-height:125%\"><span style=\"font-size:16px;line-height:125%;font-family:宋体\">1、</span><span style=\"font-size:16px;line-height:125%;font-family:宋体\">抽奖过程缓慢</span></p><p style=\"text-indent:32px;line-height:125%\"><span style=\"font-size:16px;line-height:125%;font-family: 宋体\">客户在购买产品并扫码二维码后，等待过程较长，一年前二维码数量较少时扫码后即可返回抽奖结果至今由于数据量过大，返回结果在20s左右，极大的影响了客户购买产品后的扫码信心；</span></p><p class=\"MsoListParagraph\" style=\"margin-left:56px;line-height:125%\"><span style=\"font-size:16px;line-height:125%;font-family:宋体\">2、</span><span style=\"font-size:16px;line-height:125%;font-family:宋体\">服务器过载</span></p><p style=\"text-indent:24px;line-height:125%\"><span style=\"font-size:16px;line-height:125%;font-family: 宋体\">随着移动互联网的高速发展与信息量的急速增长，应用平台将产生海量的数据，这样我们的系统就将面临着服务器的负载使得系统无法响应，造成假死这一问题，更容易直接使系统停止工作，这样不仅不能提高工作效率，反而延长了工作时间，更可能给企业带来不可估拟的经济损失。</span></p><p style=\"text-indent:24px;line-height:125%\"><span style=\"font-size:16px;line-height:125%;font-family:宋体\">&nbsp;</span></p><p class=\"MsoListParagraph\" style=\"margin-left:56px;line-height:125%\"><span style=\"font-size:16px;line-height:125%;font-family:宋体\">3、</span><span style=\"font-size:16px;line-height:125%;font-family:宋体\">数据并发量大</span></p><p style=\"text-indent:24px;line-height:125%\"><span style=\"font-size:16px;line-height:125%;font-family: 宋体\">依托微信平台搭建起实时动态智能化大数据的营销服务平台，包括对二维码值的大批量生成、导出、生效、失效、报废处理。因此，高并发和大数据处理的</span> <span style=\"font-size:16px;line-height:125%;font-family:宋体\">需求显得格外重要。随着企业生产规模的扩大和消费者对营销产品认知度的提升，平台的使用率会爆炸性</span> <span style=\"font-size:16px;line-height:125%;font-family:宋体\">地增长。如一次性生成导出几十万甚至上千万的二维码值，多个客户端同时对二维码值进行生效失效处理。</span></p><p><span style=\"font-size:16px;font-family:宋体\">综上，对于二维码的管理以及生成二维码和二维码对应的应用系统性能优化是所有采用二维码进行营销的所有公司都必须考虑的问题。本课题以二维码为切入点，优化处理二维码管理系统为核心，提出一种较为通用的优化方式和优化过程来达到对以二维码为核心的管理信息系统速度优化的目的。</span></p><p><br/></p>','<p style=\"text-indent:32px;line-height:125%\"><span style=\"font-size:16px;line-height:125%;font-family:宋体\">一、研究内容</span></p><p style=\"text-indent:32px;line-height:125%\"><span style=\"font-size:16px;line-height:125%;font-family:宋体\">本课题主要以</span><span style=\"font-size:16px;line-height:125%;font-family: 宋体\">智能二维码微信营销平台作为研究对象，充分讨论</span> <span style=\"font-size:16px;line-height:125%;font-family:宋体;color:#333333;background:white\">redis</span><span style=\"font-size:16px;line-height:125%;font-family:宋体;color:#333333;background:white\">缓存技术、查询语句优化、高效索引技术、算法结构优化等相关优化技术应用到目标系统，并讨论优化前后的性能指标变化，模拟测试其性能指标并形成结论。并讨论上述优化策略的通用性问题，研究是否能找到快速应用优化策略应用到其他系统</span><span style=\"font-size:15px;line-height:125%;font-family:宋体;color:#333333;background:white\">。</span></p><p style=\"text-indent:32px;line-height:125%\"><span style=\"font-size:16px;line-height:125%;font-family:宋体\">二、拟解决的主要问题：</span></p><p style=\"text-indent:32px;line-height:125%\"><span style=\"font-size:16px;line-height:125%\">1.</span><span style=\"font-size:16px;line-height:125%;font-family:宋体\">深入了解目前流行的系统优化方法，结合该平台的需求，建立一套优秀的优化策略。</span><span style=\"font-size:16px;line-height:125%\"><ins datetime=\"2017-09-13T14:03\"></ins></span></p><p style=\"text-indent:32px;line-height:125%\"><span style=\"font-size:16px;line-height:125%\">2</span><span style=\"font-size:16px;line-height:125%;font-family:宋体\">研究</span><span style=\"font-size:16px;line-height:125%\">sql</span><span style=\"font-size:16px;line-height:125%;font-family:宋体\">语句优化技术，并应用到目标系统，分析总结</span><span style=\"font-size:16px;line-height:125%\">sql</span><span style=\"font-size:16px;line-height:125%;font-family:宋体\">优化技术的特点和策略；</span></p><p style=\"text-indent:32px;line-height:125%\"><span style=\"font-size:16px;line-height:125%\">3</span><span style=\"font-size:16px;line-height:125%;font-family:宋体\">研究</span><span style=\"font-size:16px;line-height:125%\">redis</span><span style=\"font-size:16px;line-height:125%;font-family:宋体\">缓存技术，并应用到目标系统，分析总结该技术的特点以及针对特定软件的具体效果，分析使用该技术前后的性能指标变化并总结相关经验和设计方式；</span></p><p style=\"text-indent:32px;line-height:125%\"><span style=\"font-size:16px;line-height:125%\">4</span><span style=\"font-size:16px;line-height:125%;font-family:宋体\">研究数据库连接池技术，讨论多种数据库连接池技术的优劣并总结各类连接技术应用场景并分析其对性能的影响；</span></p><p style=\"text-indent:32px;line-height:125%\"><span style=\"font-size:16px;line-height:125%\">5</span><span style=\"font-size:16px;line-height:125%;font-family:宋体\">研究数据库索引技术，并分析和讨论数据库建立索引的基本原则，索引</span></p><p style=\"line-height:125%\"><span style=\"font-size:16px;line-height:125%;font-family:宋体\">字段选择的方式和建立索引前后对系统性能的影响</span></p><p style=\"text-indent:32px;line-height:125%\"><span style=\"font-size:16px;line-height:125%\">6</span><span style=\"font-size:16px;line-height:125%;font-family:宋体\">算法优化技术，研究本系统涉及的核心算法的优化策略，并应用在目标系统；</span></p><p style=\"text-indent:32px;line-height:125%\"><span style=\"font-size:16px;line-height:125%\">7</span><span style=\"font-size:16px;line-height:125%;font-family:宋体\">研究上述策略的通用性，并能使其快速应用到其他系统的方式和方法，总结这些方法；</span></p><p><br/></p>','<p style=\"text-indent:32px;line-height:125%\"><span style=\"font-size:16px;line-height:125%;font-family:宋体\">一、研究方法</span></p><p style=\"text-indent:32px;line-height:125%\"><span style=\"font-size:16px;line-height:125%;font-family: 宋体\">查阅</span><span style=\"font-size:16px;line-height: 125%;font-family:宋体\">系统性能优化</span><span style=\"font-size:16px;line-height:125%;font-family:宋体\">相关的文献资料，研究当前优秀的优化技术与方法，为优化系统资料参考。结合平台涉及的技术与需求制定优化策略，逐步运用到该平台中，提高系统性能，提升查询速度。</span></p><p style=\"text-indent:32px;line-height:125%\"><span style=\"font-size:16px;line-height:125%;font-family:宋体\">二、研究步骤及措施</span></p><p style=\"text-indent:32px;line-height:125%\"><span style=\"font-size:16px;line-height:125%;font-family:宋体\">1.</span><span style=\"font-size:16px;line-height:125%;font-family:宋体\">查找并收集相关资料与文献，了解目前国内外研究现状。</span></p><p style=\"text-indent:32px;line-height:125%\"><span style=\"font-size:16px;line-height:125%;font-family:宋体\">2.</span><span style=\"font-size:16px;line-height:125%;font-family:宋体\">研究sql语句优化技术、</span><span style=\"font-size:15px;line-height:125%;font-family:&#39;Arial&#39;,sans-serif;color:#333333;background:white\">redis</span><span style=\"font-size:15px;line-height:125%;font-family:宋体;color:#333333;background:white\">技术、索引技术、数据连接池技术</span><span style=\"font-size:16px;line-height:125%;font-family:宋体\">。</span></p><p style=\"text-indent:32px;line-height:125%\"><span style=\"font-size:16px;line-height:125%;font-family:宋体\">3.</span><span style=\"font-size:16px;line-height:125%;font-family:宋体\">对研究课题进行可行性分析，确定课题。</span></p><p style=\"text-indent:32px;line-height:125%\"><span style=\"font-size:16px;line-height:125%;font-family:宋体\">4.</span><span style=\"font-size:16px;line-height:125%;font-family:宋体\">拟写开题报告及论文大纲。</span></p><p style=\"text-indent:32px;line-height:125%\"><span style=\"font-size:16px;line-height:125%;font-family:宋体\">5.</span><span style=\"font-size:16px;line-height:125%;font-family:宋体\">根据系统需求设计优化策略并完成相关文档。</span></p><p style=\"text-indent:32px;line-height:125%\"><span style=\"font-size:16px;line-height:125%;font-family:宋体\">6.</span><span style=\"font-size:16px;line-height:125%;font-family:宋体\">根据设计文档实现系统优化。</span></p><p><span style=\"font-size:16px;font-family:宋体\">7.</span><span style=\"font-size:16px;font-family: 宋体\">对系统进行测试，整理系统相关文档，完成论文。</span></p><p><br/></p>','<p><span style=\"font-size:12px;font-family:宋体;color:#333333\">[1]</span><span style=\"font-size: 12px;font-family:宋体;color:#333333\">李凯. 煤炭销售票管理系统的数据库优化与实现[D].电子科技大学,2014.</span></p><p><span style=\"font-size:12px;font-family:宋体;color:#333333\">[2]</span><span style=\"font-size:12px;font-family:宋体;color:#333333\">王照清. 大数据环境下数据查询优化技术应用研究[D].北方工业大学,2016.</span></p><p><span style=\"font-size:12px;font-family:宋体;color:#333333\">[3]</span><span style=\"font-size:12px;font-family:宋体;color:#333333\">孙坚. 医院管理信息系统优化的研究与实现[D].黑龙江大学,2012.</span></p><p><span style=\"font-size:12px;font-family:宋体;color:#333333;background:white\">[4]</span><span style=\"font-size:12px;font-family:宋体;color:#333333;background:white\">周建韡. 电商系统数据库设计及数据访问优化技术研究[D].东华大学,2015.</span></p><p style=\"line-height:125%\"><span style=\"font-size: 12px;line-height:125%;font-family:宋体;color:#333333;background:white\">[5]</span><span style=\"font-size:12px;line-height:125%;font-family:宋体;color:#333333;background:white\">金海丰. 船舶与海洋工程管理信息系统数据库优化研究[D].天津大学,2012.</span></p><p style=\"line-height:150%\"><span style=\"font-size: 12px;line-height:150%;font-family:宋体;color:#333333;background:white\">[6]</span><span style=\"font-size:12px;line-height:150%;font-family:宋体;color:#333333;background:white\">单菲. 基于MySQL的无线抄表供暖数据库系统的设计与优化[D].山东大学,2014.</span></p><p><span style=\"font-size:12px;font-family:&#39;Arial&#39;,sans-serif;color:#333333;background:white\">[7]</span><span style=\"font-size:12px;font-family:宋体;color:#333333;background:white\">杨熙</span><span style=\"font-size:12px;font-family:&#39;Arial&#39;,sans-serif;color:#333333;background: white\">. </span><span style=\"font-size:12px;font-family:宋体;color:#333333;background:white\">基于多池架构数据库连接池的研究与设计</span><span style=\"font-size: 12px;font-family:&#39;Arial&#39;,sans-serif;color:#333333;background:white\">[D].</span><span style=\"font-size:12px;font-family:宋体;color:#333333;background:white\">哈尔滨工程大学</span><span style=\"font-size:12px;font-family:&#39;Arial&#39;,sans-serif;color:#333333;background:white\">,2012.</span></p><p><span style=\"font-size:12px;font-family:&#39;Arial&#39;,sans-serif;color:#333333;background:white\">[8]</span><span style=\"font-size:12px;font-family:宋体;color:#333333;background:white\">靳莹</span><span style=\"font-size:12px;font-family:&#39;Arial&#39;,sans-serif;color:#333333;background: white\">. </span><span style=\"font-size:12px;font-family:宋体;color:#333333;background:white\">基于缓存技术的内容管理系统研究</span><span style=\"font-size:12px;font-family:&#39;Arial&#39;,sans-serif;color:#333333;background:white\">[D].</span><span style=\"font-size:12px;font-family:宋体;color:#333333;background:white\">吉林大学</span><span style=\"font-size:12px;font-family:&#39;Arial&#39;,sans-serif;color:#333333;background:white\">,2014.</span></p><p><span style=\"font-size:12px;font-family:&#39;Arial&#39;,sans-serif;color:#333333\">[9]</span><span style=\"font-size:12px;font-family:宋体;color:#333333\">朱春莹</span><span style=\"font-size:12px;font-family:&#39;Arial&#39;,sans-serif;color:#333333\">. </span><span style=\"font-size:12px;font-family:宋体;color:#333333\">面向大数据查询的索引技术研究</span><span style=\"font-size: 12px;font-family:&#39;Arial&#39;,sans-serif;color:#333333\">[D].</span><span style=\"font-size:12px;font-family:宋体;color:#333333\">山东大学</span><span style=\"font-size:12px;font-family:&#39;Arial&#39;,sans-serif;color:#333333\">,2016.</span></p><p><span style=\"font-size:12px;font-family:&#39;Arial&#39;,sans-serif;color:#333333\">[10]Yong Qiang Zhang,Wen Ming Li. Research and Design of the High-Performance Cluster Architecture Based on the MySQL and NoSQL[J]. Advanced Materials Research,2012,1677(460):.</span></p><p><br/></p>',311,111,2019,'01'),(10,'<p style=\"margin-top:auto;margin-bottom:auto;text-indent:32px\"><span style=\";line-height:125%;font-family:宋体\"></span></p><p style=\"margin-top:auto;margin-bottom:auto;text-indent:13px\"><strong><span style=\"font-family:宋体\">（一）课题背景</span></strong></p><p style=\"margin-top:auto;margin-bottom:auto;text-indent:32px\"><span style=\";line-height:125%;font-family:宋体\">目前党员信息管理方式是以手工管理的方式为主，由于信息量比较大，各个党员的相关信息分布分散在党的基层内，收集各个党员的信息往往单靠以往的人工收集，这样势必会造成工作难度和工作成本剧增的问题。所以不能仅靠这种方式进行管理和组织。按照党员信息管理的流程，由于其工作管理机制与现有的政务管理工作有极大的不同，目前的电子政务主要是针对门户网站进行的管理工作，与其透明化管理不同，党务工作有一定的保密制度，不是所有的信息都需要被公开，因此，党务工作的内部管理部分和外部公开管理部分是区别开的，目前的工作管理水平已经不能跟上现代的工作节奏，实际工作的需求范围也越来越大，党务管理工作也需要被尽快提上日程进行开发。</span></p><p style=\"margin-top:auto;margin-bottom:auto;text-indent:13px\"><strong><span style=\"font-family:宋体\">（二）意义</span></strong></p><p><span style=\"font-size: 16px;line-height: 125%;font-family: 宋体\">党建信息管理平台建设，是党务信息化建设在党务工作中一个需要探索的新领域，这有助于推进党建工作的信息化改革，提高和保持党的先进性有一定的推动作用。本系统有效的解决了对党员信息的管理，日常工作的组织协调，党务信息的交流、党员学习任务的监督，党员线上缴纳党费，提高管理部门的工作效率。</span></p><p style=\"margin-top:auto;margin-bottom:auto;text-indent:32px\"><span style=\";line-height:125%;font-family:宋体\"></span><br/></p><p><br/></p>','<p style=\"margin-top:auto;margin-bottom:auto;text-indent:32px\"><strong><span style=\"font-family:宋体\">（一）论文研究内容：</span></strong></p><p style=\"text-indent:34px\"><span style=\"font-family: 宋体\">本课题研究的内容是设计与实现一款适合党委组织部可以有效的管理党员信息平台。本系统由后台管理，网站首页以及手机端三部分构成。</span></p><p style=\"text-indent:34px\"><span style=\"font-family: 宋体\">第一、后台管理系统功能如下：</span></p><p style=\"text-indent:34px\">1<span style=\"font-family: 宋体\">党员中心模块，县党委可以方便快捷的综合管理各党支部以及添加党支部和与之对应的重要职务，让党支部里的重要职务得到有效的监控。</span></p><p style=\"text-indent:34px\">2.<span style=\"font-family: 宋体\">个人中心管理模块，针对党员的操作，如对各种材料的上交，查看党员自己学习统计情况，党员的缴费情况以及在线缴费，党员基本信息的修改。</span></p><p style=\"text-indent:34px\">3.<span style=\"font-family: 宋体\">内容管理，县党委以及各党支部对新闻，视频，通知和党规党章的发布并一键发布到网站首页和手机端首页。</span></p><p style=\"text-indent:34px\">4.<span style=\"font-family: 宋体\">审核管理，党支部对党员基本数据的修改进行审核，以保证党员数据的真实性和完整性。</span></p><p style=\"text-indent:34px\">5.<span style=\"font-family: 宋体\">党费管理，党支部对党员缴费记录进行综合管理和对党支部进行党费报表统计，对金额的支持与收入对账。</span></p><p style=\"text-indent:34px\">6.<span style=\"font-family: 宋体\">数据管理，系统针对党员在线学习进行学习统计，以及跟踪，记录党员学习任务完成的进度。</span></p><p style=\"text-indent:34px\">7.<span style=\"font-family: 宋体\">系统管理，系统管理员对系统基本设置与管理。</span></p><p style=\"text-indent:34px\"><span style=\"font-family: 宋体\">第二、手机浏览器端功能如下：</span></p><p style=\"text-indent:34px\">1.<span style=\"font-family: 宋体\">缴费记录，查询类型有未交费，已缴费，已过期。</span></p><p style=\"text-indent:34px\">2.<span style=\"font-family: 宋体\">学习专栏，党员对新闻，视频，党规党章的学习。</span></p><p style=\"text-indent:34px\">3.<span style=\"font-family: 宋体\">在线缴费，党员可以进行网上缴纳党费。</span></p><p style=\"text-indent:34px\">4.<span style=\"font-family: 宋体\">党员信息修改，党员可以对自己的个人信息进行修改。</span></p><p style=\"text-indent:34px\">&nbsp;</p><p style=\"text-indent:32px\"><span style=\"font-family:宋体\"><br/> </span><strong><span style=\"font-family:宋体\">（二）拟解决的主要问题：</span></strong></p><p style=\"margin-left:0;text-indent:32px\"><span style=\"font-family:宋体\">1．</span><span style=\"font-family:宋体\">spring security</span><span style=\"font-family:宋体\">安全框架的构建</span></p><p style=\"margin-left:0;text-indent:32px\"><span style=\"font-family:宋体\">2．</span><span style=\"font-family:宋体\">RSA</span><span style=\"font-family:宋体\">和MD5加密技术</span></p><p style=\"margin-left:0;text-indent:32px\"><span style=\"font-family:宋体\">3．</span><span style=\"font-family:宋体\">口令验证技术</span></p><p><span style=\"font-size:16px;line-height:125%;font-family:宋体\">html5+</span><span style=\"font-size:16px;line-height:125%;font-family:宋体\">微信混合编程技术</span></p><p><br/></p>','<p style=\"text-indent:32px\"><span style=\"font-family:宋体\">论文研究方法：本文采用理论分析和代码实现相结合的方法，通过网络或书籍等方式深入了解所选课题，确定课题涉及的原理知识及技术，并深入学习。通过编写小程序Demo或小型项目，对每一项技术进行验证及运用，从实践中发现问题学习知识，并做好学习笔记。</span></p><p style=\"text-indent:32px\"><span style=\"font-family:宋体\">步骤及措施：</span></p><p style=\"margin-left:0;text-indent:32px\"><span style=\"font-family:宋体\">1．</span><span style=\"font-family:宋体\">认真查找资料、方案和查阅相关文献，初步了解课题的开发方向和研究现状。</span></p><p style=\"margin-left:0;text-indent:32px\"><span style=\"font-family:宋体\">2．</span><span style=\"font-family:宋体\">认真学习和整理课题所要用到的技术和框架，并做好各项技术的学习笔记。</span></p><p style=\"margin-left:0;text-indent:32px\"><span style=\"font-family:宋体\">3．</span><span style=\"font-family:宋体\">编写小程序或小型项目，对各项技术进行验证及学习，并做好笔记。</span></p><p style=\"margin-left:0;text-indent:32px\"><span style=\"font-family:宋体\">4．</span><span style=\"font-family:宋体\">确定研究课题，确定课题运用技术和实现工具，构思课题大体框架。</span></p><p style=\"margin-left:0;text-indent:32px\"><span style=\"font-family:宋体\">5．</span><span style=\"font-family:宋体\">上网查找已有应用，对其结构、功能、实现技术进行剖析，总结其优缺点，以此作为借鉴。</span></p><p style=\"margin-left:0;text-indent:32px\"><span style=\"font-family:宋体\">6．</span><span style=\"font-family:宋体\">对系统进行可行性分析。</span></p><p style=\"margin-left:0;text-indent:32px\"><span style=\"font-family:宋体\">7．</span><span style=\"font-family:宋体\">对系统进行需求分析。</span></p><p style=\"margin-left:0;text-indent:32px\"><span style=\"font-family:宋体\">8．</span><span style=\"font-family:宋体\">对系统进行总体设计，并完善论文</span></p><p style=\"margin-left:0;text-indent:32px\"><span style=\"font-family:宋体\">9．</span><span style=\"font-family:宋体\">对系统进行编码，并对技术应用进行进一步的学习。</span></p><p><span style=\"font-size:16px;line-height:125%;font-family:宋体\">对系统进行测试，并完成测试文档。</span></p><p><br/></p>','<p style=\"margin-left: 60px;line-height: normal\"><span style=\"font-family:宋体\">[1] </span><span style=\";font-family:宋体\">李欣.RSA公钥密码算法的能量分析攻击与防御研究[D].电子科技大学,2006.</span></p><p style=\"text-indent: 32px\"><span style=\"font-family:宋体\">[2] </span><span style=\";line-height:125%;font-family:宋体\">赵国良.昆明市党建项目化管理研究[D].云南大学,2014.</span></p><p style=\"margin-left: 64px;line-height: normal\"><span style=\"font-family:宋体\">[3] </span><span style=\";font-family:宋体\">古加孜亚·我汗. 基于J2EE平台的党建管理系统设计与实现[D].厦门大学,2013.</span></p><p style=\"margin-left: 64px;line-height: normal\"><span style=\"font-family:宋体\">[4] </span><span style=\"font-family:宋体\">陈虹. 高校党建管理系统[D].南昌大学,2009.</span></p><p style=\"margin-left: 64px;line-height: normal\"><span style=\"font-family:宋体\">[5] </span><span style=\"font-family:宋体\">张英捷,刘万军.Spring AOP技术在J2EE系统安全性验证中的应用研究[J]. 计算机工程与科学,2008,(08):137-138+149.</span></p><p><br/></p>',312,111,2019,'01'),(11,'<p style=\"margin-left:38px\"><span style=\"font-size:16px;font-family: 宋体\">1.</span><span style=\"font-size:16px;font-family: 宋体\">背景&nbsp; </span></p><p style=\"margin-left:28px;text-indent:32px;line-height:125%\"><span style=\"font-size:16px;line-height:125%;font-family:宋体\">按照梧州学院所有专业课程教学计划，除计算机类专业外，其他所有专业都必须修《计算机文化基础》课程，我校一共有</span><span style=\"font-size:16px;line-height:125%\">4507</span><span style=\"font-size:16px;line-height:125%;font-family:宋体\">新生，但计算机文化基础课程教师仅</span><span style=\"font-size:16px;line-height:125%\">8</span><span style=\"font-size:16px;line-height:125%;font-family:宋体\">人，师资严重不足。并且现在的大学新生接触计算机时间较早，在上大学之前部分学生已经对计算机文化基础课程中大部分内容已熟知。所以在师资不足的情况下满足课程教学唯一的方式是让部分学生通过</span><span style=\"font-size:16px;line-height:125%\">“</span><span style=\"font-size:16px;line-height:125%;font-family:宋体\">微课</span><span style=\"font-size:16px;line-height:125%\">”</span><span style=\"font-size:16px;line-height:125%;font-family:宋体\">辅助教学工具完成计算机文化基础课程的学习，以缓解师资不足的压力以及更好的让已熟知该课程的学生解放更多的学习时间。</span></p><p style=\"margin-left:28px;text-indent:32px;line-height:125%\"><span style=\"font-size:16px;line-height:125%\">&nbsp;</span></p><p style=\"margin-left:38px;line-height:125%\"><span style=\"font-size:16px;line-height: 125%\">2.</span><span style=\"font-size:16px;line-height:125%;font-family:宋体\">意义</span></p><p style=\"margin-left:9px;line-height: 125%\"><span style=\"font-size:16px;line-height:125%;font-family:宋体\">（</span><span style=\"font-size:16px;line-height:125%\">1</span><span style=\"font-size:16px;line-height:125%;font-family:宋体\">）可以缓解师资不足的压力、辅助教师提高教学质量以及更好的让已熟知该课程的学生解放更多的学习时间。</span></p><p style=\"margin-left:9px;line-height:125%\"><span style=\"font-size:16px;line-height:125%;font-family:宋体\">（</span><span style=\"font-size:16px;line-height: 125%\">2</span><span style=\"font-size:16px;line-height:125%;font-family:宋体\">）可以照顾各专业不同的需求。例如，对不同专业，教师可以在某些内容作深浅不同的教学，或者在教学内容方面作不同的侧重。</span></p><p style=\"margin-left:9px;line-height:125%\"><span style=\"font-size:16px;line-height:125%;font-family:宋体\">（</span><span style=\"font-size:16px;line-height: 125%\">3</span><span style=\"font-size:16px;line-height:125%;font-family:宋体\">）可以满足学生的自主学习需求。通过在教学平台学习，学生可以自主掌握自己的学习进度。在学习交流方面来讲，微课平台，为学习者提供交互，实现信息上的双向交流，不仅能激发学习动机，也能促进学习者进一步构建知识。</span></p><p><br/></p>','<p style=\"margin-left:38px;line-height:125%\"><span style=\"font-size:16px;line-height: 125%\">1.</span><span style=\"font-size:16px;line-height:125%;font-family:宋体\">研究内容</span></p><p style=\"margin-left:19px;line-height:125%\"><a><span style=\"font-size:16px;line-height:125%;font-family: 宋体\">本课题主要是研究并设计出梧州学院计算机文化基础课程“微课”辅助教学工具——“虚拟课堂”，数据库后台采用</span></a><span style=\"font-size:16px;line-height:125%\">MySQL </span><span style=\"font-size:16px;line-height:125%;font-family:宋体\">数据库，在使用</span><span style=\"font-size:16px;line-height:125%\">JavaEE</span><span style=\"font-size:16px;line-height:125%;font-family:宋体\">平台的基础上，使用</span><span style=\"font-size:16px;line-height:125%\">Struts+Spring+Hebinate</span><span style=\"font-size:16px;line-height:125%;font-family:宋体\">搭建基础框架构建的一个关于计算机文化基础课程的辅助学习平台，方便教师更好的授课以及学生更好的学习。</span></p><p style=\"margin-left:9px;line-height:125%\"><span style=\"font-size:16px;line-height:125%;font-family:宋体\">（</span><span style=\"font-size:16px;line-height:125%\">1</span><span style=\"font-size:16px;line-height:125%;font-family:宋体\">）本平台是基于互联网的在线辅助教学平台，面向梧州学院计算机文化基础课程的师生，主要的教学资料为微课，辅助学习资料为</span><span style=\"font-size:16px;line-height:125%\">ppt</span><span style=\"font-size:16px;line-height:125%;font-family:宋体\">，素材等。</span></p><p style=\"margin-left:9px;line-height:125%\"><span style=\"font-size:16px;line-height:125%;font-family:宋体\">（</span><span style=\"font-size:16px;line-height:125%\">2</span><span style=\"font-size:16px;line-height:125%;font-family:宋体\">）本平台的主要功能有：用户登录，在线学习，查看学习任务，下载学习资料，在线测验，上传和下载课堂作业，查看学习成绩，在线问答。</span></p><p style=\"margin-left:9px;line-height:125%\"><span style=\"font-size:16px;line-height:125%;font-family:宋体\">（</span><span style=\"font-size:16px;line-height:125%\">3</span><span style=\"font-size:16px;line-height:125%;font-family:宋体\">）后台服务器功能：用户管理、题目管理、公告管理、留言管理、视频管理、目录管理、课堂作业管理、成绩管理、班级管理、权限管理。</span></p><p style=\"margin-left:38px;line-height:125%\"><span style=\"font-size:16px;line-height: 125%\">2.</span><span style=\"font-size:16px;line-height:125%;font-family:宋体\">拟解决的主要问题</span></p><p style=\"margin-left:38px;line-height:125%\"><span style=\"font-size:16px;line-height:125%;font-family:宋体\">（</span><span style=\"font-size:16px;line-height: 125%\">1</span><span style=\"font-size:16px;line-height:125%;font-family:宋体\">）在线问答过程中敏感词的过滤；</span></p><p style=\"margin-left:38px;line-height:125%\"><span style=\"font-size:16px;line-height:125%;font-family:宋体\">（</span><span style=\"font-size:16px;line-height: 125%\">2</span><span style=\"font-size:16px;line-height:125%;font-family:宋体\">）学习资料的存储扩容；</span></p><p style=\"margin-left:38px;line-height:125%\"><span style=\"font-size:16px;line-height:125%;font-family:宋体\">（</span><span style=\"font-size:16px;line-height: 125%\">3</span><span style=\"font-size:16px;line-height:125%;font-family:宋体\">）学习视频流畅的上传、播放和下载。</span></p><p><br/></p>','<p style=\"margin-left:38px;line-height:125%\"><span style=\"font-size:16px;line-height: 125%\">1.</span><span style=\"font-size:16px;line-height:125%;font-family:宋体\">研究方法</span></p><p style=\"margin-left:38px;line-height:125%\"><span style=\"font-size:16px;line-height:125%;font-family:宋体\">（</span><span style=\"font-size:16px;line-height: 125%\">1</span><span style=\"font-size:16px;line-height:125%;font-family:宋体\">）文献研究法：查找有关文献资料，为该系统的设计提供更多的理论根据。</span></p><p style=\"margin-left:38px;line-height:125%\"><span style=\"font-size:16px;line-height:125%;font-family:宋体\">（</span><span style=\"font-size:16px;line-height: 125%\">2</span><span style=\"font-size:16px;line-height:125%;font-family:宋体\">）行动研究法：尽自己能力动手设计，并完成研究内容。</span></p><p style=\"margin-left:38px;line-height:125%\"><span style=\"font-size:16px;line-height:125%;font-family:宋体\">（</span><span style=\"font-size:16px;line-height: 125%\">3</span><span style=\"font-size:16px;line-height:125%;font-family:宋体\">）测试研究法：测试完成的作品，并加以修改和完善。</span></p><p style=\"margin-left:38px;line-height:125%\"><span style=\"font-size:16px;line-height: 125%\">2.</span><span style=\"font-size:16px;line-height:125%;font-family:宋体\">研究步骤及措施</span></p><p style=\"margin-left:38px;line-height:125%\"><span style=\"font-size:16px;line-height:125%;font-family:宋体\">（</span><span style=\"font-size:16px;line-height: 125%\">1</span><span style=\"font-size:16px;line-height:125%;font-family:宋体\">）通过阅读大量的文献与资料，得到一些相应的理论知识和设计方法。</span></p><p style=\"margin-left:38px;line-height:125%\"><span style=\"font-size:16px;line-height:125%;font-family:宋体\">（</span><span style=\"font-size:16px;line-height: 125%\">2</span><span style=\"font-size:16px;line-height:125%;font-family:宋体\">）进行详细设计及功能分析，完成相关功能模块图，确定系统的基本功能。</span></p><p style=\"margin-left:38px;line-height:125%\"><span style=\"font-size:16px;line-height:125%;font-family:宋体\">（</span><span style=\"font-size:16px;line-height: 125%\">3</span><span style=\"font-size:16px;line-height:125%;font-family:宋体\">）完成相关功能的代码编写，融合美工及布局，逐步完善系统内容。</span></p><p style=\"margin-left:38px;line-height:125%\"><span style=\"font-size:16px;line-height:125%;font-family:宋体\">（</span><span style=\"font-size:16px;line-height: 125%\">4</span><span style=\"font-size:16px;line-height:125%;font-family:宋体\">）经过反复的测试修改，完成系统设计与实现，最终完成论文。</span></p><p><br/></p>','<p style=\"line-height:150%\"><span style=\";line-height:150%;font-family:宋体;color:#333333;background:white\">[1]</span><span style=\";line-height: 150%;font-family:宋体;color:#333333;background:white\">王竹立. 微课勿重走“课内整合”老路——对微课应用的再思考[J]. 远程教育杂志,2014,32(05):34-40</span></p><p style=\"line-height:150%\"><span style=\";line-height:150%;font-family:宋体\">[2]</span> <span style=\";line-height:150%;font-family:宋体;color:#333333;background:white\">杨右森. 高职高专微课平台的开发与实现[D].华南理工大学,2015.</span></p><p style=\"line-height:150%\"><span style=\";line-height:150%;font-family:宋体;color:#333333;background:white\">[3]</span> <span style=\";line-height:150%;font-family:宋体\">李娇. “互联网+”时代高校微课教学模式探讨[J]. 中国成人教育, 2017(05):89-92.</span></p><p style=\"line-height:150%\"><span style=\";line-height:150%;font-family:宋体\">[4]</span> <span style=\";line-height:150%;font-family:宋体;color:#333333;background:white\">施光美. 基于知识地图的微课移动平台研究[D].云南大学,2016.</span></p><p style=\"line-height:150%\"><span style=\";line-height:150%;font-family:宋体;color:#333333;background:white\">[5] </span><span style=\";line-height: 150%;font-family:宋体;color:#333333;background:white\">颜源. 《C语言程序设计》微课教学平台的分类化学习策略研究[J]. 高教学刊,2016,(21):140-141.</span></p><p style=\"line-height:150%\"><span style=\";line-height:150%;font-family:宋体;color:#333333;background:white\">[6]</span><span style=\";line-height: 150%;font-family:宋体;color:#333333;background:white\">万欢, 章立. 翻转课堂在高校计算机文化基础课中的应用分析[J]. 黑龙江科技信息, 2016(31):199-199.</span></p><p style=\"line-height:150%\"><span style=\";line-height:150%;font-family:宋体\">[7]</span><span style=\";line-height:150%;font-family:宋体\">王春超. 基于J2EE架构的SSH组合框架的研究[D].长春理工大学,2010.</span></p><p style=\"line-height:150%\"><span style=\";line-height:150%;font-family:宋体\">[8]Hong Sheng Xu,Yong Liang Li,Chao Li. Application of AJAX Technology and SSH Framework in Development of Electronic Commerce System[J]. Advanced Materials Research,2014,3245(952):</span></p><p><span style=\"font-size:14px;font-family:宋体\">[8]</span> <span style=\"font-size: 14px;font-family: 宋体;background: white\">吴萍. “微时代”背景下我国微课的应用现状与发展路径[J]. 教育评论, 2016(1):43-45.</span></p><p><br/></p>',319,111,2019,'01'),(12,'<p style=\"line-height:24px\">1.<span style=\";font-family:宋体\">研究的背景：</span></p><p style=\"text-indent:28px;line-height:24px\"><span style=\";font-family:宋体\">据调研，目前广西电子职业技术学院后勤处在日常工作过程中对于送水、报修和公车管理方面还是采用传统的手工方式，具体表现如下：</span></p><p style=\"margin-left:0;text-indent:28px;line-height:24px\">1、<span style=\";font-family:宋体\">送水是指各部门办公室桶装用水和开会时的瓶装用水，在现阶段，都是采用电话联系的方式来送水，由于送水员较少，送水任务又繁重，因此在送水过程中重复送，送水路径重复或者延时送等情况时有发生；</span></p><p style=\"margin-left:0;text-indent:28px;line-height:24px\">2、<span style=\";font-family:宋体\">报修，报修包括教职工日常报修和学生宿舍报修，现阶段，报修采用填写保修单的并经后勤审核再派维修人员的方式来管理报修问题，采取这种方式时由于本身报修流程长可能导致不愿报修或者报修延时，由于报修单有时无法描述清楚设备或其他的损坏情况，导致修理时携带过多工具、工具不足、材料不足、对故障估计不足等情况时有发生，不利于维修人员直观了解报修相关情况；</span></p><p style=\"margin-left:0;text-indent:28px;line-height:24px\">3、<span style=\";font-family:宋体\">公务用车，目前该校公务用车采用手工填写单据，后勤领导审核，司机班班长派车和派司机的方式管理，该管理流程同样存在过长的问题，无法及时反馈公务用车审批情况以及目前车辆情况，还涉及到公务车的定期保养和维修等无法用车情况。</span></p><p style=\"text-indent:28px;line-height:24px\"><span style=\";font-family:宋体\">综上，目前广西电力职业技术学院急需一套后勤管理信息系统来解决后勤管理的困局。</span></p><p style=\"line-height:24px\">2.<span style=\";font-family:宋体\">意义：</span></p><p style=\"text-indent:28px;line-height:24px\"><span style=\";font-family:宋体\">设计并实现广西电力学院后勤管理信息系统将助力该校后勤管理能力提升和后勤管理满意度提升，意义如下：</span></p><p style=\"margin-left:0;text-indent:28px;line-height:24px\">1、<span style=\";font-family:宋体\">有利于解决目前该校后勤管理困境，缓解后勤管理过程压力，减轻基层工作人员负担；</span></p><p style=\"margin-left:0;text-indent:28px;line-height:24px\">2、<span style=\";font-family:宋体\">有助于提高后勤车辆管理过程中的管理效率</span>,<span style=\";font-family:宋体\">进而提高服务质量。申请者可直接根据目前的车辆状态和司机状态申请公务用车；</span></p><p style=\"margin-left:0;text-indent:28px;line-height:24px\">3、<span style=\";font-family:宋体\">通过实时报修和报修时上传现场照片的形式有利于提升学生对后勤工作管理的满意度，同时通过对现的场直观认识有助于维修工作人员判断维修规模；</span></p><p style=\"margin-left:0;text-indent:28px;line-height:24px\">4、<span style=\";font-family:宋体\">有利于提高该院各部门对后勤管理工作的满意度，通过送水实时报送、派送信息推送和送达意见反馈来解决后勤送水问题中存在的诟病。</span></p><p><span style=\"font-size:14px;font-family:宋体\">因此，通过设计和实施该信息系统可大大提高该院后勤管理能力和管理效能。</span></p><p><br/></p>','<p style=\"margin-left:0;text-indent:0\"><span style=\"font-size:16px\">一、</span><span style=\"font-size:16px;font-family:宋体\">研究内容：</span></p><p><span style=\"font-size:16px\">&nbsp;&nbsp; </span><span style=\"font-size:16px;font-family:宋体\">通过设计并实现，主要通过研究如下内容来设计并实现广西电子职业技术学院后勤管理系统：</span></p><p><span style=\"font-size:16px\">&nbsp;&nbsp; 1</span><span style=\"font-size:16px;font-family:宋体\">、研究简化送水流程，并根据送水信息及时推送相关消息，建立送水送达反馈机制，明确送水任务；</span></p><p><span style=\"font-size:16px\">&nbsp;&nbsp; 2</span><span style=\"font-size:16px;font-family:宋体\">、研究直观、快捷、实名的报修流程以及实现的方式和方法，对报修进行分类管理，报修项目需购买配件、大额报修审批过程管理、维修工作量化等问题；</span></p><p><span style=\"font-size:16px\">&nbsp;&nbsp; 3</span><span style=\"font-size:16px;font-family:宋体\">、研究公车分配算法，公车申请和管理流程，公车维修保养，司机排班等相关问题；</span></p><p><span style=\"font-size:16px\">&nbsp;&nbsp; 4</span><span style=\"font-size:16px;font-family:宋体\">、研究并实现以移动终端为载体的方式完成上述研究中研究出的方式和方法，形成一套后勤管理软件并使得该软件适用广西电力职业技术学院；</span></p><p><span style=\"font-size:16px\">&nbsp;</span></p><p style=\"margin-left:0;text-indent:0\"><span style=\"font-size:16px\">二、</span><span style=\"font-size:16px;font-family:宋体\">拟解决的主要问题：</span></p><p style=\"margin-left:0;text-indent:32px;line-height:24px\"><span style=\"font-size:16px\">1、</span><span style=\"font-size:16px;font-family:宋体\">送水快捷申请与审批，送水路径规划以及优化送水员送水路径；</span></p><p style=\"margin-left:0;text-indent:32px;line-height:24px\"><span style=\"font-size:16px\">2、</span><span style=\"font-size:16px;font-family:宋体\">报修快捷申请与报修内容、报修现场、报修实名问题，使得报修过程适合绝大部分人的日常操作习惯，以图片、文字和视频的方式解决报修问题；</span></p><p style=\"margin-left:0;text-indent:32px;line-height:24px\"><span style=\"font-size:16px\">3、</span><span style=\"font-size:16px;font-family:宋体\">解决公车快捷申请，公车库维护、司机排班、临时派车、公车定期维护和保养自动提示等问题，保障公务用车过程管理方便快捷；</span></p><p><span style=\"font-size:16px;font-family:&#39;Times New Roman&#39;,serif\">4.</span><span style=\"font-size:16px;font-family:宋体\">设计系统平台角色，有效控制访问；</span></p><p><br/></p>','<p style=\"margin-left:0;text-indent:0;line-height:24px\"><span style=\"font-size: 16px;font-family: 宋体\">一、</span><span style=\"font-size: 16px;font-family: 宋体\">研究方法：</span></p><p style=\"text-indent: 32px;line-height: 125%\"><span style=\"font-size:16px;line-height:125%;font-family:宋体\">通过网络跟图书等方式深入了解课题，参照国内外现有的系统进行分析并学习，参考各种期刊或论文对这方面的研究，综合分析总结，确定课题主要功能及所使用框架及技术，并深入学习，对每个功能每项技术逐一实现和运用，从实践中发现问题并不断测试校验，逐步完善系统。</span></p><p style=\"line-height:24px\"><span style=\"font-size: 16px;font-family: 宋体\">二、研究步骤措施：</span></p><p style=\"text-indent:32px;line-height:125%\"><span style=\"font-size:16px;line-height:125%;font-family:宋体\">1. </span><span style=\"font-size:16px;line-height:125%;font-family:宋体\">通过查找资料、方案和查阅相关文献，初步了解课题的开发方向和研究现状。</span></p><p style=\"text-indent:32px;line-height:125%\"><span style=\"font-size:16px;line-height:125%;font-family:宋体\">2. </span><span style=\"font-size:16px;line-height:125%;font-family:宋体\">学习国内外现有的系统，并从中分析总结，对其结构、功能、实现技术进行剖析。</span></p><p style=\"text-indent:32px;line-height:125%\"><span style=\"font-size:16px;line-height:125%;font-family:宋体\">3. </span><span style=\"font-size:16px;line-height:125%;font-family:宋体\">对课题研究进行可行性分析，确定研究课题。</span></p><p style=\"text-indent:32px;line-height:125%\"><span style=\"font-size:16px;line-height:125%;font-family:宋体\">4</span><span style=\"font-size:16px;line-height:125%;font-family:宋体\">．对研究的课题进行需求分析，确定课题主要功能。</span></p><p style=\"text-indent:32px;line-height:125%\"><span style=\"font-size:16px;line-height:125%;font-family:宋体\">5. </span><span style=\"font-size:16px;line-height:125%;font-family:宋体\">对国内外对该系统使用的现有技术和框架进行分析，确定研究课题所运用的框架和技术，做出总体设计。 </span></p><p style=\"text-indent:32px;line-height:125%\"><span style=\"font-size:16px;line-height:125%;font-family:宋体\">6. </span><span style=\"font-size:16px;line-height:125%;font-family:宋体\">对系统进行详细设计，完善要做的各个模块功能点。</span></p><p style=\"text-indent:32px;line-height:125%\"><span style=\"font-size:16px;line-height:125%;font-family:宋体\">7. </span><span style=\"font-size:16px;line-height:125%;font-family:宋体\">对系统进行编码实现主要功能。</span></p><p style=\"text-indent:32px;line-height:125%\"><span style=\"font-size:16px;line-height:125%;font-family:宋体\">8. </span><span style=\"font-size:16px;line-height:125%;font-family:宋体\">对系统编写用例文档进行测试，并完成测试文档。</span></p><p style=\"text-indent:32px;line-height:24px\"><span style=\"font-size:16px;font-family:宋体\">9</span><span style=\"font-size:16px;font-family:宋体\">．</span><span style=\"font-size: 16px;font-family:宋体\">整理各阶段的设计记录文档，最终形成论文。</span></p><p><br/></p>','<p style=\"line-height:125%\"><span style=\";line-height:125%;font-family:宋体\">&nbsp;</span><span style=\"font-size:16px;line-height:125%;font-family:宋体\">&nbsp;1.高海悦.浅论如何实现高效后勤水电管理与维修保养安全工作[J].《神州》.2017(10):278-278</span></p><p style=\"line-height:125%\"><span style=\"font-size: 16px;line-height:125%;font-family:宋体\">2.</span><span style=\"font-size:16px;line-height:125%;font-family:宋体\">王忠良.互联网+时代高校后勤信息化建设对策思考[J].《山西青年》.2017(14)</span></p><p style=\"line-height:125%\"><span style=\"font-size: 16px;line-height:125%;font-family:宋体\">3.</span><span style=\"font-size:16px;line-height:125%;font-family:宋体\">隋美丽.高校后勤微信公众号运营及传播力提升研究[J].《高校后勤研究》.2017(6)</span></p><p style=\"line-height:125%\"><span style=\"font-size: 16px;line-height:125%;font-family:宋体\">4.</span><span style=\"font-size:16px;line-height:125%;font-family:宋体\">马刘军.基于微信公众平台的高校后勤管理系统的设计与实现[D].硕士.山东大学.2016</span></p><p style=\"line-height:125%\"><span style=\"font-size: 16px;line-height:125%;font-family:宋体\">5.</span><span style=\"font-size:16px;line-height:125%;font-family:宋体\">陈嵩.基于J2EE的高校后勤管理系统的设计与实现[D].硕士.厦门大学.2015</span></p><p><span style=\"font-size:16px;font-family:宋体\">6.</span><span style=\"font-size:16px;font-family:宋体\">刘路永.闽西职业技术学院后勤车辆管理系统的研究与分析[D].硕士.云南大学.2016</span></p><p><br/></p>',327,118,2019,'01'),(13,'<p><span style=\"font-size:19px;font-family:黑体\">一、课题的背景介绍：</span></p><p style=\"margin-top:8px;text-indent: 32px;line-height:125%\"><span style=\"font-size: 16px;line-height: 125%;font-family: 宋体\">为响应党的十六届四中全会提出的构建和谐社会的战略任务，把我国社会主义现代化建设发展为物质文明建设、政治文明建设、精神文明建设与和谐社会建设“四位一体”的政策。梧州市拟于2014年创建文明城市，而2</span><span style=\"font-size: 16px;line-height: 125%;font-family: 宋体;background: white\">015</span><span style=\"font-size: 16px;line-height: 125%;font-family: 宋体;background: white\">年至2017年为全国文明城市创建的一个新周期</span><span style=\"font-size: 16px;line-height: 125%;font-family: 宋体\">，需要全市75个单位的通力协作和配合。其主要反映在各单位提交的关于申报全国文明城市的报告，这些报告在以往的处理方式中，先由相应人员进行材料收集整理工作，每个单位完成一项指标任务后需由专人向相应的单位递交材料进行审核，经常跑来跑去，因此浪费了大量的人力物力。而且因报告周转时间过长而导致进度缓慢，各单位之间的配合也显得比较混乱，收集材料过程过长，修改意见反馈过慢，并无法通盘考虑报告的组成。由此带来严重的后果。因此设计一套基于网络协同的网上申报平台显得尤为迫切。</span></p><p style=\"margin-top:8px;text-indent: 32px;line-height:125%\"><span style=\"font-size: 16px;line-height: 125%;font-family: 宋体\">&nbsp;</span></p><p style=\"line-height:125%\"><span style=\"font-size:19px;line-height:125%;font-family:黑体\">二、课题的研究意义：</span></p><p style=\"margin-top:8px;text-indent: 32px;line-height:125%\"><span style=\"font-size:16px;line-height:125%;font-family:宋体\">1.</span><span style=\"font-size:16px;line-height:125%;font-family:宋体\">社会意义</span></p><p style=\"margin-top:8px;text-indent: 32px;line-height:125%\"><span style=\"font-size:16px;line-height:125%;font-family:宋体\">该项目的成功完成和实施将极大促进梧州市申报全国文明城市的申报进度，并通过平台完善和管理申报的过程，使得主管部门和领导能及时掌握申报进度并根据当前进度进行相应的调整和人力资源的调配。为梧州市成功申报全国文明城市做出贡献，为梧州市人民造福。同时该项目作为梧州学院学生服务地方社会和经济发展做贡献的一个典型案例。</span></p><p style=\"margin-top:8px;text-indent: 32px;line-height:125%\"><span style=\"font-size:16px;line-height:125%;font-family:宋体\">2.</span><span style=\"font-size:16px;line-height:125%;font-family:宋体\">经济意义</span></p><p style=\"text-indent:32px;line-height:125%\"><span style=\"font-size:16px;line-height:125%;font-family: 宋体\">该平台的设计通过参考《全国文明城市测评体系》，设计成具有通用性的申报平台，该平台可以应用于梧州市申报，也可应用与其他城市申报全国文明城市，可即时部署在其他城市，可作为本人毕业创业或通过售卖该平台带来经济效益。</span></p><p><span style=\"font-size:16px;font-family:宋体\">全国文明城市是含金量很高的城市品牌,是十分重要的无形资产和战略资源,本系统的开发不仅仅是为了方便市级各单位提供快捷、智能高效的工作环境，也是为了贯彻落实科学发展观，让全国所有的城市都加入到文明城市中来。</span></p><p><br/></p>','<p><span style=\"font-size:20px;font-family:黑体\">一、</span><span style=\"font-size:19px;font-family:黑体\">研究内容：</span></p><p style=\"margin-left:32px;line-height:125%\"><span style=\"font-size:16px;line-height:125%;font-family:宋体\">1.</span><span style=\"font-size:16px;line-height:125%;font-family:宋体\">快速了解本市区各项指标任务下发到单位情况以及各单位完成情况</span><span style=\"font-size:16px;line-height:125%;font-family:宋体\">。</span></p><p style=\"margin-left:32px;line-height:125%\"><span style=\"font-size:16px;line-height:125%;font-family:宋体\">2.</span><span style=\"font-size:16px;line-height: 125%;font-family:宋体\">单位材料员可以上传指标任务完成详情的相关文件，单位审核员可以审&nbsp;&nbsp;&nbsp;&nbsp;&nbsp;&nbsp;&nbsp;&nbsp;&nbsp;&nbsp;&nbsp; 核核对材料员上传的材料（在线下载、预览文件），实现网上申报，提高工作效率。</span></p><p style=\"margin-left:32px;line-height:125%\"><span style=\"font-size:16px;line-height:125%;font-family:宋体\">3.</span><span style=\"font-size:16px;line-height: 125%;font-family:宋体\">贯彻《全国文明城市测评体系》并在系统中设置相关指标管理体系，明确指标体系中指标之间的关联关系，明确各指标项所要求完成的任务，明确指标体系中指标与职能单位和部门的关系，包括每一个指标的每一项指标任务，为单位快速了解并实施各项指标任务提供依据。</span></p><p style=\"margin-left:32px;line-height:125%\"><span style=\"font-size:16px;line-height:125%;font-family:宋体\">4.</span><span style=\"font-size:16px;line-height:125%;font-family:宋体\">实行材料专员待办制。材料员统一入口进入即可观察已下达的任务和与任务相关的材料，以及已完成任务目前的审核情况、修改情况、是否回退、是否验收通过等。</span></p><p style=\"margin-left:32px;line-height:125%\"><span style=\"font-size:16px;line-height:125%;font-family:宋体\">5.</span><span style=\"font-size:16px;line-height:125%;font-family:宋体\">实行审核员待办制。与材料员设计目标一致，统一入口观察，无需过多跳转界面完成相关材料审核。</span></p><h3 style=\"margin-top:0;margin-right:0;margin-bottom:0;margin-left:32px;margin-bottom:0;line-height:125%\"><span style=\"font-size:16px;line-height:125%;font-family:宋体;font-weight:normal\">6.</span><span style=\"font-size:16px;line-height:125%;font-family:宋体;font-weight:normal\">材料汇总管理以及导出相应报告书。</span></h3><p style=\"line-height:125%\"><span style=\"font-size:19px;line-height:125%;font-family:黑体\">二、拟解决的主要问题：</span></p><p style=\"margin-left:32px;line-height:125%\"><span style=\"font-size:16px;line-height:125%;font-family:宋体\">1.</span><span style=\"font-size:16px;line-height:125%;font-family:宋体\">通过到协议单位实地调研，了解各项指标任务的具体分发到的单位以及各单位完成情况，录入本系统。</span></p><p style=\"margin-left:32px;line-height:125%\"><span style=\"font-size:16px;line-height:125%;font-family:宋体\">2.</span><span style=\"font-size:16px;line-height:125%;font-family:宋体\">构建《全国文明城市评测体系》的指标体系，以树形结构管理该指标体系，并为每个指标设置相应的属性，其属性包括负责单位、协作单位、完成情况、审核情况等</span><span style=\"font-size:16px;line-height:125%;font-family:宋体\">。</span></p><p style=\"margin-left:32px;line-height:125%\"><span style=\"font-size:16px;line-height:125%;font-family:宋体\">3.</span><span style=\"font-size:16px;line-height:125%;font-family:宋体\">构建过程管理流程，从材料收集到材料书写到统一归档提交到审核到结论反馈形成管理流程闭环。</span></p><p style=\"margin-left:32px;line-height:125%\"><span style=\"font-size:16px;line-height:125%;font-family:宋体\">4.</span><span style=\"font-size:16px;line-height:125%;font-family:宋体\">角色访问控制，按实际工作需要设置相应角色，并使得每个角色在使用系统时尽量简洁，不需跳转过多界面即可快速了解本单位或本人所负责的各项任务和任务在线提交等功能。</span></p><p style=\"margin-left:32px;line-height:125%\"><span style=\"font-size:16px;line-height:125%;font-family:宋体\">5.</span><span style=\"font-size:16px;line-height:125%;font-family:宋体\">在线预览、修改和提交等与在线文档处理相关功能</span><span style=\"font-size: 16px;line-height: 125%;font-family: 宋体\">。</span></p><p><span style=\"font-size:16px;font-family:宋体\">6.</span><span style=\"font-size:16px;font-family:宋体\">对开发完成的功能模块进行优化。</span></p><p><br/></p>','<p><span style=\"font-size: 19px;font-family: 黑体\">一、研究方法：</span></p><p style=\"text-indent:32px;line-height:125%\"><span style=\"font-size: 16px;line-height: 125%;font-family: 宋体\">根据项目背景确定项目目标，到访谈单位获取用户需求，了解工作流程，业务逻辑及不同用户的详细工作。通过网络跟书籍等方式深入了解课题，参照国内现有的系统进行分析并学习，参考各种期刊或论文对这方面的研究，综合分析总结，划分项目范围，设想系统设计，探讨可行性研究选出最优方案。利用SSH开发框架着手准备系统的搭建框架，同时学习文档的在线下载与预览openoffice+swfTool技术、jQuery树形控件zTree、layer弹窗技术和 </span><span style=\"font-size: 16px;line-height: 125%;font-family: 宋体\">spring security</span><span style=\"font-size: 16px;line-height: 125%;font-family: 宋体\">安全框架</span><span style=\"font-size: 16px;line-height: 125%;font-family: 宋体\">，为实现系统功能作准备。</span></p><p style=\"text-indent:32px;line-height:125%\"><span style=\"font-size: 16px;line-height: 125%;font-family: 宋体\">&nbsp;</span></p><p><span style=\"font-size: 19px;font-family: 黑体\">二、研究步骤及措施：</span></p><p style=\"text-indent:32px;line-height:125%\"><span style=\"font-size:16px;line-height:125%;font-family:宋体\">1.</span><span style=\"font-size:16px;line-height:125%;font-family:宋体\">理论资料的查阅和收集，</span><span style=\"font-size:16px;line-height:125%;font-family:宋体\">学习国内现有的系统，并从中分析总结，对其结构、功能、实现技术进行剖析。</span></p><p style=\"text-indent:32px;line-height:125%\"><span style=\"font-size:16px;line-height:125%;font-family:宋体\">2.</span><span style=\"font-size:16px;line-height:125%;font-family:宋体\">对课题研究进行需求分析，</span><span style=\"font-size:16px;line-height:125%;font-family:宋体\">确定本项目用到的专门术语及外文首字母词组的原词组，绘制系统流程图、数据流图（DFD）</span><span style=\"font-size:16px;line-height:125%;font-family:宋体\">。</span></p><p style=\"text-indent:32px;line-height:125%\"><span style=\"font-size:16px;line-height:125%;font-family:宋体\">3.</span><span style=\"font-size:16px;line-height:125%;font-family:宋体\">PC</span><span style=\"font-size: 16px;line-height:125%;font-family:宋体\">端系统总体结构设计，详细设计每个功能子模块，功能模块设计及系统子功能模块设计</span><span style=\"font-size:16px;line-height:125%;font-family:宋体\">。</span></p><p style=\"text-indent:32px;line-height:125%\"><span style=\"font-size:16px;line-height:125%;font-family:宋体\">4.</span><span style=\"font-size:16px;line-height:125%;font-family:宋体\">进行</span><span style=\"font-size:16px;line-height: 125%;font-family:宋体\">数据库选择，ER图设计，数据库设计</span><span style=\"font-size: 16px;line-height:125%;font-family:宋体\">。 </span></p><p style=\"text-indent:32px;line-height:125%\"><span style=\"font-size:16px;line-height:125%;font-family:宋体\">5.</span><span style=\"font-size:16px;line-height:125%;font-family:宋体\">进行UI设计，确定界面整体风格。</span></p><p style=\"text-indent:32px;line-height:125%\"><span style=\"font-size:16px;line-height:125%;font-family:宋体\">6.</span><span style=\"font-size:16px;line-height:125%;font-family:宋体\">对系统进行编码实现主要功能。</span></p><p style=\"text-indent:32px;line-height:125%\"><span style=\"font-size:16px;line-height:125%;font-family:宋体\">7.</span><span style=\"font-size:16px;line-height:125%;font-family:宋体\">对系统编写用例文档进行测试</span><span style=\"font-size:16px;line-height:125%;font-family:宋体\">，</span><span style=\"font-size:16px;line-height:125%;font-family:宋体\">并完成测试文档。</span></p><p style=\"text-indent:32px;line-height:125%\"><span style=\"font-size:16px;line-height:125%;font-family:宋体\">8.</span><span style=\"font-size:16px;line-height:125%;font-family:宋体\">对系统进行一些其他的修改</span><span style=\"font-size:16px;line-height:125%;font-family:宋体\">和最后的完善。</span></p><p style=\"text-indent:32px;line-height:125%\"><span style=\"font-size:16px;line-height:125%;font-family:宋体\">9.</span><span style=\"font-size:16px;line-height:125%;font-family:宋体\">整理各阶段的设计记录文档，整理出论文稿。</span></p><p><br/></p>','<p style=\"line-height:125%\"><span style=\"font-size: 16px;line-height: 125%;font-family: 宋体\">[1]</span><span style=\"font-size: 16px;line-height: 125%;font-family: 宋体\">钱松.面向城市市政数字化综合管理的地理信息系统[D]．复旦大学. 2012. </span></p><p style=\"line-height:125%\"><span style=\"font-size: 16px;line-height: 125%;font-family: 宋体\">[2]</span><span style=\"font-size: 16px;line-height: 125%;font-family: 宋体\">王希望,孟祥书,王福顺. 基于SSH架构的Web系统的开发方法[J]. 2010.</span></p><p style=\"line-height:125%\"><span style=\"font-size: 16px;line-height: 125%;font-family: 宋体\">[3]</span><span style=\"font-size: 16px;line-height: 125%;font-family: 宋体\">梁永潮,朱宇,张坤鳌. 基于SSH2动态工作流模型的研究与设计[J].电脑知识与技术,2011. </span></p><p style=\"line-height:125%\"><span style=\"font-size: 16px;line-height: 125%;font-family: 宋体\">[4]</span><span style=\"font-size: 16px;line-height: 125%;font-family: 宋体\">纪成.基于Activiti5的自定义工作流系统的研究与实现[D].电子科技大学,2015. </span></p><p style=\"line-height:125%\"><span style=\"font-size: 16px;line-height: 125%;font-family: 宋体\">[5]</span><span style=\"font-size: 16px;line-height: 125%;font-family: 宋体\">陈羽淏,严超,吴知,江水. OpenOffice的分析研究[J].计算机工程,2002.</span></p><p style=\"line-height:125%\"><span style=\"font-size: 16px;line-height: 125%;font-family: 宋体\">[6]</span><span style=\"font-size: 16px;line-height: 125%;font-family: 宋体\">java</span><span style=\"font-size: 16px;line-height: 125%;font-family: 宋体\">实现附件预览（openoffice+swftools+flexpaper）实例.&nbsp; </span></p><p><span style=\"font-size: 16px;font-family: 宋体\">[7]</span><span style=\"font-size: 16px;font-family: 宋体\">张强伟.基于工作流的项目申报管理信息系统的设计与实现[D].西南交通大学,2010.</span></p><p><br/></p>',318,111,2019,'01'),(14,'<p style=\"text-indent:32px;line-height:125%\"><span style=\"font-size:16px;line-height:125%;font-family:宋体\">一、研究背景</span></p><p style=\"text-indent:32px;line-height:125%\"><span style=\"font-size:16px;line-height:125%;font-family: 宋体\">二维码技术是目前最为流行的一种技术，通过二维码完成人与物联网，并能识别物品的各类属性，目前应用非常广泛，比如应用于移动支付、传递信息、电商平台入口、凭证等。</span></p><p style=\"text-indent:32px;line-height:125%\"><span style=\"font-size:16px;line-height:125%;font-family: 宋体\">目前我院实验室设备种类繁多，涉及的设备价值巨大，在实验室设备管理过程中存在如下问题：</span></p><p style=\"margin-left:0;text-indent:32px;line-height:125%\"><span style=\"font-size:16px;line-height:125%\">1、</span><span style=\"font-size:16px;line-height:125%;font-family:宋体\">设备的预约、借还还是以传统的手工记录方式，不利于设备的管理与设备的有效利用。如无法得知某个设备目前的预约情况和借还情况，给实验室设备管理带来较大的管理漏洞；</span></p><p style=\"margin-left:0;text-indent:32px;line-height:125%\"><span style=\"font-size:16px;line-height:125%\">2、</span><span style=\"font-size:16px;line-height:125%;font-family:宋体\">据调查，我院实验室固定式设备报修还没有统一的管理流程。学生在实验室使用某设备时，如果设备故障没有快速有效的途径通知实验室管理员或设备维修人员对设备进行有效维护与维修</span></p><p style=\"margin-left:0;text-indent:32px;line-height:125%\"><span style=\"font-size:16px;line-height:125%\">3、</span><span style=\"font-size:16px;line-height:125%;font-family:宋体\">据调查，我院实验室设备资产登记不能实施反应目前的设备情况，比如设备报废，设备目前所在地址，设备目前借还情况等都不能实时掌握。</span></p><p style=\"text-indent:32px;line-height:125%\"><span style=\"font-size:16px;line-height:125%;font-family: 宋体\">因此有必要设计一个基于二维码技术的设备管理信息系统，完善实验室设备管理，使得无论是设备管理员、学生、教师和管理部门能实时了解实验室设备目前的情况</span></p><p style=\"text-indent:32px;line-height:125%\"><span style=\"font-size:16px;line-height:125%;font-family:宋体\">二、研究意义</span></p><p style=\"text-indent:32px;line-height:125%\"><span style=\"font-size:16px;line-height:125%;font-family:宋体\">开发该系统可以让管理信息系统的方向更加多元化。现在的社会是个信息快速扩展，知识大爆炸的时代，如果没有计算机学习、生活都要受到影响，我们国家正在大力建设智慧校园，如果没有相应的软件与之配合也是名不副实的，设备</span><span style=\"font-size:16px;line-height:125%\">-</span><span style=\"font-size:16px;line-height:125%;font-family:宋体\">管理系统</span><span style=\"font-size:16px;line-height:125%\">-</span><span style=\"font-size:16px;line-height:125%;font-family:宋体\">使用者就成了一个整体，只有互相协作，才能发挥更大的作用。</span></p><p style=\"text-indent:32px;line-height:125%\"><span style=\"font-size:16px;line-height:125%;font-family: 宋体\">本课题以梧州学院实验楼的实验室管理为对象，提出开发全新的符合高校实验室管理要求的信息系统。在研究高校实验室基本业务流程的基础上，设计实验室设备管理系统的功能逻辑架构，通过实验室管理、设备登记管理，设备报修管理，用户信息管理等手段使系统有利于我院实验室管理的规范化和设备管理实时化</span></p><p><br/></p>','<p style=\"text-indent:32px;line-height:125%\"><span style=\"font-size:16px;line-height:125%;font-family:宋体\">一、研究内容</span></p><p style=\"text-indent:32px;line-height:125%\"><span style=\"font-size:16px;line-height:125%;font-family: 宋体\">本课题针对基于二维码技术的实验室设备管理系统，旨在方便高校对设备增加管理，设备报修管理，人员信息管理，维护管理，设备借出归还管理的有效管理。首先需要对二维码技术进行资料收集和学习研究，其次对</span><span style=\"font-size:16px;line-height:125%\">SSH</span><span style=\"font-size:16px;line-height:125%;font-family:宋体\">框架相关技术进行深入分析。系统使用的是</span><span style=\"font-size:16px;line-height:125%\">B/S</span><span style=\"font-size:16px;line-height:125%;font-family:宋体\">结构，系统使用</span><span style=\"font-size:16px;line-height:125%\">Java</span><span style=\"font-size:16px;line-height:125%;font-family:宋体\">语言编写程序，服务器端使用</span><span style=\"font-size:16px;line-height:125%\">Tomcat</span><span style=\"font-size:16px;line-height:125%;font-family:宋体\">。数据库服务器使用</span><span style=\"font-size:16px;line-height:125%\">MySQL</span><span style=\"font-size:16px;line-height:125%;font-family:宋体\">。</span></p><p style=\"text-indent:32px;line-height:125%\"><span style=\"font-size:16px;line-height:125%;font-family:宋体\">系统主要实现以下模块：</span></p><p style=\"line-height:125%\"><span style=\"font-size: 16px;line-height:125%\">&nbsp;&nbsp;&nbsp; </span></p><p style=\"margin-left:0;text-indent:32px;line-height:125%\"><span style=\"font-size:16px;line-height:125%\">1.</span><strong><span style=\"font-size:16px;line-height: 125%;font-family:宋体\">设备登记入库模块：</span></strong><span style=\"font-size:16px;line-height:125%;font-family:宋体\">系统管理员可以分类登记每个实验室的设备信息，实验设备类别可以分为话筒、投影、功放、空调、电脑。</span></p><p style=\"text-indent:32px;line-height:125%\"><strong><span style=\"font-size:16px;line-height:125%\">2.</span></strong><strong><span style=\"font-size:16px;line-height:125%;font-family:宋体\">实验室管理模块：</span></strong><span style=\"font-size:16px;line-height:125%;font-family:宋体\">系统管理员可以设置实验室的名称</span><span style=\"font-size:16px;line-height:125%\">,</span><span style=\"font-size:16px;line-height:125%;font-family:宋体\">机位数</span><span style=\"font-size:16px;line-height:125%\">(</span><span style=\"font-size:16px;line-height:125%;font-family:宋体\">电脑</span><span style=\"font-size:16px;line-height:125%\">)</span><span style=\"font-size:16px;line-height:125%;font-family:宋体\">、实验室责任老师，实验技术员。</span></p><p style=\"text-indent:32px;line-height:125%\"><strong><span style=\"font-size:16px;line-height:125%\">3.</span></strong><strong><span style=\"font-size:16px;line-height:125%;font-family:宋体\">设备报修模块：</span></strong><span style=\"font-size:16px;line-height:125%;font-family:宋体\">设备报修申请和设备报修申请审核。设备报修申请是每个实验室的实验技术员可以在线填写本实验室内需要保修的设备的申请单。报修申请审核是检测人员可以在线审核申请单并填写故障检测情况。</span></p><p style=\"text-indent:32px;line-height:125%\"><strong><span style=\"font-size:16px;line-height:125%\">4.</span></strong><strong><span style=\"font-size:16px;line-height:125%;font-family:宋体\">报修单下载模块：</span></strong><span style=\"font-size:16px;line-height:125%;font-family:宋体\">具体功能是高校实验室管理员在查看报修申请单时，可以点击文件进行打印下载。</span></p><p style=\"text-indent:32px;line-height:125%\"><strong><span style=\"font-size:16px;line-height:125%\">5.</span></strong><strong><span style=\"font-size:16px;line-height:125%;font-family:宋体\">统计报表模块：</span></strong><span style=\"font-size:16px;line-height:125%;font-family:宋体\">统计的报表一共有两类，第一类的具体功能为按设备分类数量，以柱形图来统计；第二类的具体功能为按设备分类报修的数量，以柱形图来统计。</span></p><p style=\"text-indent:32px;line-height:125%\"><strong><span style=\"font-size:16px;line-height:125%\">6.</span></strong><strong><span style=\"font-size:16px;line-height:125%;font-family:宋体\">用户个人信息管理模块：</span></strong><span style=\"font-size:16px;line-height:125%;font-family:宋体\">包括登录、修改密码等基本功能。</span></p><p style=\"text-indent:32px;line-height:125%\"><strong><span style=\"font-size:16px;line-height:125%\">7.</span></strong><strong><span style=\"font-size:16px;line-height:125%;font-family:宋体\">系统管理模块：</span></strong><span style=\"font-size:16px;line-height:125%;font-family:宋体\">是给管理员进行的操作，是对用户信息、角色信息、权限信息、登录记录信息的一些基本管理，如查看某一类的基本信息、添加某一类的基本信息，删除某一类的基本信息和更改某一类的基本信息。</span></p><p style=\"text-indent:32px;line-height:125%\"><strong><span style=\"font-size:16px;line-height:125%\">8.</span></strong><strong><span style=\"font-size:16px;line-height:125%;font-family:宋体\">设备借出归还模块：</span></strong><span style=\"font-size:16px;line-height:125%;font-family:宋体\">对实验室设备的借用申请与归还的情况追踪。</span></p><p style=\"text-indent:32px;line-height:125%\"><span style=\"font-size:16px;line-height:125%\">&nbsp;</span></p><p style=\"text-indent:32px;line-height:125%\"><span style=\"font-size:16px;line-height:125%;font-family:宋体\">二、拟解决的主要问题</span></p><p style=\"text-indent:32px;line-height:125%\"><span style=\"font-size:16px;line-height:125%\">1.</span><span style=\"font-size:16px;line-height:125%;font-family:宋体\">对梧州学院实验室的管理进行系统的需求分析，确定其功能模块以及对数据库的设计。</span></p><p style=\"text-indent:32px;line-height:125%\"><span style=\"font-size:16px;line-height:125%\">2.</span><span style=\"font-size:16px;line-height:125%;font-family:宋体\">针对</span><span style=\"font-size:16px;line-height:125%\">J2EE</span><span style=\"font-size:16px;line-height:125%;font-family:宋体\">架构的缺陷并结合</span><span style=\"font-size:16px;line-height:125%\">Struts2</span><span style=\"font-size:16px;line-height:125%;font-family:宋体\">、</span><span style=\"font-size:16px;line-height:125%\">Spring</span><span style=\"font-size:16px;line-height:125%;font-family:宋体\">和</span><span style=\"font-size:16px;line-height:125%\">Hibernate</span><span style=\"font-size:16px;line-height:125%;font-family:宋体\">的各自特点，将三种框架整合成一个</span><span style=\"font-size:16px;line-height:125%\">SSH</span><span style=\"font-size:16px;line-height:125%;font-family:宋体\">多层框架。</span></p><p style=\"text-indent:32px;line-height:125%\"><span style=\"font-size:16px;line-height:125%\">3.</span><span style=\"font-size:16px;line-height:125%;font-family:宋体\">基于</span><span style=\"font-size:16px;line-height:125%\">SSH</span><span style=\"font-size:16px;line-height:125%;font-family:宋体\">和服务器对整个项目进行架构，图表页面与代码后台的数据传送问题拟采用</span><span style=\"font-size:16px;line-height:125%\">JSON</span><span style=\"font-size:16px;line-height:125%;font-family:宋体\">技术。</span></p><p style=\"text-indent:32px;line-height:125%\"><span style=\"font-size:16px;line-height:125%\">4.</span><span style=\"font-size:16px;line-height:125%;font-family:宋体\">使用</span><span style=\"font-size:16px;line-height:125%\">MySQL</span><span style=\"font-size:16px;line-height:125%;font-family:宋体\">数据库技术进行数据的增删改查。</span></p><p style=\"text-indent:32px;line-height:125%\"><span style=\"font-size:16px;line-height:125%\">5.</span><span style=\"font-size:16px;line-height:125%;font-family:宋体\">使用</span><span style=\"font-size:16px;line-height:125%\">Echarts</span><span style=\"font-size:16px;line-height:125%;font-family:宋体\">开发技术开发图形用户界面。</span></p><p><br/></p>','<p style=\"text-indent:32px;line-height:125%\"><span style=\"font-size:16px;line-height:125%;font-family:宋体\">一、研究方法</span></p><p style=\"text-indent:32px;line-height:125%\"><span style=\"font-size: 16px;line-height: 125%;font-family: 宋体\">整个项目遵循V模型的软件工程规范进行开发，流程如下：</span></p><p style=\"text-indent:32px;line-height:125%\"><span style=\"font-size: 16px;line-height: 125%;font-family: 宋体\">制定计划 </span><span style=\"font-size: 16px;line-height: 125%;font-family: Wingdings\">à</span> <span style=\"font-size: 16px;line-height: 125%;font-family: 宋体\">用户需求获取 </span><span style=\"font-size: 16px;line-height: 125%;font-family: Wingdings\">à</span> <span style=\"font-size: 16px;line-height: 125%;font-family: 宋体\">系统和软件需求分析 </span><span style=\"font-size: 16px;line-height: 125%;font-family: Wingdings\">à</span> <span style=\"font-size: 16px;line-height: 125%;font-family: 宋体\">概要设计 </span><span style=\"font-size: 16px;line-height: 125%;font-family: Wingdings\">à</span> <span style=\"font-size: 16px;line-height: 125%;font-family: 宋体\">详细设计 </span><span style=\"font-size: 16px;line-height: 125%;font-family: Wingdings\">à</span> <span style=\"font-size: 16px;line-height: 125%;font-family: 宋体\">程序编写 </span><span style=\"font-size: 16px;line-height: 125%;font-family: Wingdings\">à</span> <span style=\"font-size: 16px;line-height: 125%;font-family: 宋体\">单元测试 </span><span style=\"font-size: 16px;line-height: 125%;font-family: Wingdings\">à</span> <span style=\"font-size: 16px;line-height: 125%;font-family: 宋体\">组装测试 </span><span style=\"font-size: 16px;line-height: 125%;font-family: Wingdings\">à</span> <span style=\"font-size: 16px;line-height: 125%;font-family: 宋体\">系统测试 </span><span style=\"font-size: 16px;line-height: 125%;font-family: Wingdings\">à</span><span style=\"font-size: 16px;line-height: 125%;font-family: 宋体\">验收测试。</span></p><p style=\"text-indent:32px;line-height:125%\"><span style=\"font-size: 16px;line-height: 125%;font-family: 宋体\">本课题的研究方法是：了解梧州学院实验室管理管理的概况，明确整个系统的各个模块系统所涉及的数据和需求进行分析，然后确定系统所要实现的功能模块和实现系统采用的开发框架与实现技术，最后根据系统的需求进行开发设计和实现。</span></p><p style=\"text-indent:32px;line-height:125%\"><span style=\"font-size:16px;line-height:125%;font-family:宋体\">二、研究步骤及措施</span></p><p style=\"text-indent:32px;line-height:125%\"><span style=\"font-size: 16px;line-height: 125%;font-family: 宋体\">1</span><span style=\"font-size: 16px;line-height: 125%;font-family: 宋体\">、收集资料和查阅文献，对SSH的基本概念、SSH的搭建步骤和JSON技术进行了解。</span></p><p style=\"text-indent:32px;line-height:125%\"><span style=\"font-size: 16px;line-height: 125%;font-family: 宋体\">2</span><span style=\"font-size: 16px;line-height: 125%;font-family: 宋体\">、深入学习二维码技术和SSH相关技术的应用，使用</span><span style=\"font-size: 16px;line-height: 125%\">Myeclipse + Tomcat</span><span style=\"font-size: 16px;line-height: 125%;font-family: 宋体\">为环境基础构建SSH架构。</span></p><p style=\"text-indent:32px;line-height:125%\"><span style=\"font-size: 16px;line-height: 125%;font-family: 宋体\">3</span><span style=\"font-size: 16px;line-height: 125%;font-family: 宋体\">、对高校实验室管理进行研究分析，详细了解实验室管理的操作流程，确定系统业务所要实现的功能模块。</span></p><p style=\"text-indent:32px;line-height:125%\"><span style=\"font-size: 16px;line-height: 125%;font-family: 宋体\">4</span><span style=\"font-size: 16px;line-height: 125%;font-family: 宋体\">、通过学习，开发系统相关模块并实现其业务功能并加以调试之后，整理出论文初稿。</span></p><p><span style=\"font-size: 16px;font-family: 宋体\">5</span><span style=\"font-size: 16px;font-family: 宋体\">、修改存在的不足，完成设计，最终整理各种文档，完成论文。</span></p><p><br/></p>','<p style=\"text-indent:32px\"><span style=\"font-size:16px;font-family:宋体\">[1] </span><span style=\"font-size:16px;font-family:宋体\">华鑫.基于二维码技术的实验室设备管理系统的研究与实现[D].南昌大学,2015.</span></p><p style=\"text-indent:32px;line-height:125%\"><span style=\"font-size:16px;line-height:125%;font-family:宋体\">[2] Ben Smith. Beginning&nbsp; Json[M]. Apress</span><span style=\"font-size:16px;line-height:125%;font-family:宋体\">，2015.</span></p><p style=\"text-indent:32px;line-height:125%\"><span style=\"font-size:16px;line-height:125%;font-family:宋体\">[3] </span><span style=\"font-size:16px;line-height:125%;font-family:宋体\">李刚.疯狂Java讲义[M].电子工业出版社,2011.6.</span></p><p style=\"text-indent:32px\"><span style=\"font-size:16px;font-family:宋体\">[4]</span> <span style=\"font-size:16px;font-family: 宋体\">王磊</span><span style=\"font-size:16px\">.</span><span style=\"font-size:16px;font-family:宋体\">对</span><span style=\"font-size:16px;font-family: 宋体\">Mysql</span><span style=\"font-size:16px;font-family:宋体\">数据库的访问方法的研究[J].网络安全技术与应用, 2014,（04）:138-139.</span></p><p style=\"text-indent:32px;line-height:125%\"><span style=\"font-size:16px;line-height:125%;font-family:宋体\">[5] </span><span style=\"font-size:16px;line-height:125%;font-family:宋体\">万常选等.数据库系统原理与设计[M].清华大学出版社，2009: 289-316 .</span></p><p style=\"text-indent:32px;line-height:125%\"><span style=\"font-size:16px;line-height:125%;font-family:宋体\">[6] </span><span style=\"font-size:16px;line-height:125%;font-family:宋体\">张新豪.高等院校实验室管理系统的设计与实现[D].电子科技大学,2013.</span></p><p style=\"text-indent:32px;line-height:125%\"><span style=\"font-size:16px;line-height:125%;font-family:宋体\">[7] </span><span style=\"font-size:16px;line-height:125%;font-family:宋体\">徐志军,王金明等.电子系统设计技术及应用专题讲座(三)第6讲数字系统的设计与实现[J].军事通信技术,2014,01:98-105.</span></p><p style=\"text-indent:32px;line-height:125%\"><span style=\"font-size:16px;line-height:125%;font-family:宋体\">[8] </span><span style=\"font-size:16px;line-height:125%;font-family:宋体\">王洁.基于 MVC 模式的多平台新闻采编系统设计与实现[D].湖南大学,2013.</span></p><p><span style=\"font-size:16px;font-family:宋体\">[9] </span><span style=\"font-size:16px;font-family:宋体\">宋晓悦.高校开放式实验室管理系统的设计与实现[J].安庆师范学院学报(自然科学版),2014,04:103-106.</span></p><p><br/></p>',317,111,2019,'01'),(15,'<p style=\"margin-left:48px;line-height:normal\">一、<span style=\"font-variant-numeric: normal;font-stretch: normal;font-size: 9px;line-height: normal;font-family: &#39;Times New Roman&#39;\">&nbsp;&nbsp;&nbsp; </span>研究背景</p><p style=\"text-indent:40px;line-height: normal\">移动互联网的发展，以“QQ表情”、“微信表情”为代表的网络表情文化在青少年中流行开来。根据互联网统计数据显示，在全球20亿部智能手机上，每天通过互发表情图片来达到“斗图”娱乐目的总数达到60亿，QQ原创表情包的单日发送量达到破记录的5.33亿次，各类诙谐有趣的表情包在移动互联网的社交APP交流中非常火热，更已成为商家内容运营、流量营销的一把利器。但具有个性化推荐功能、能主动过滤色情、涉暴表情图片的“斗图”社交软件产品少，因此，开发一款能对目标受众的使用习惯和关注话题进行精准分析智能推送表情包的互联网产品是有市场远景的。</p><p style=\"text-indent:0;line-height:normal\">二、意义</p><p><span style=\"font-size:16px;font-family:宋体\">使用“斗图工厂”这款APP，年轻人可以通过App中的不同的表情图片的来表达自己的情绪或者发表自己的观点，用表情包代替甚至更加形象的去表达大段文字所传达的信息。可以将“吐槽文化”由原来的“文字吐槽”变成“表情吐槽”，简单、好玩。</span></p><p><br/></p>','<p style=\"margin-left:32px;line-height:normal\">一、研究内容</p><p style=\"line-height:normal\">该产品由后台管理系统和手机客户端构成。</p><p style=\"margin-left:80px;line-height:normal\">第一、后台管理系统。</p><p style=\"text-indent:24px;line-height: normal\">（1）平台设置 包括标签管理与频道管理两个模块</p><p style=\"text-indent:24px;line-height: normal\">（2）运营管理 包括每日精选管理、投诉处理、表情包审核三个模块。</p><p style=\"text-indent:24px;line-height: normal\">（3）内容管理 包括上传图片、图片列表、帖子图库管理、流行语录等模块</p><p style=\"text-indent:24px;line-height: normal\">（4）用户中心 包括用户反馈、用户收藏、用户搜索记录等模块</p><p style=\"text-indent:24px;line-height: normal\">（5）系统管理 包括用户管理、角色管理、权限管理、登陆记录列表等模块</p><p style=\"text-indent:24px;line-height: normal\">&nbsp;(6) 消息推送</p><p style=\"text-indent:32px;line-height:normal\"><strong>第二、手机客户端。</strong></p><p style=\"line-height:125%\"><span style=\"font-size:16px;line-height:125%;font-family:宋体\">　（1）表情包制作：对表情图片进行文字编辑、字体颜色、背景颜色、字体描边、字体大小的调整等操作，自定义专属自己的表情;</span></p><p style=\"text-indent:16px;line-height:125%\"><span style=\"font-size:16px;line-height:125%;font-family: 宋体\">（2）表情包分类：对下载的表情包、自定义的表情进行归类，表情包的分享功能。</span></p><p style=\"line-height:125%\"><span style=\"font-size:16px;line-height:125%;font-family:宋体\">　（3）常用表情包的推荐：可以根据用户制作的表情包、收藏的表情包或是已发送的表情包来自动推送，实现精准的表情分析和个性化推荐;</span></p><p style=\"line-height:125%\"><span style=\"font-size:16px;line-height:125%;font-family:宋体\">　（4）发布斗图功能：表情包制作完成后，可以发布到斗图;</span></p><p style=\"text-indent:16px;line-height:125%\"><span style=\"font-size:16px;line-height:125%;font-family: 宋体\">（5）最新帖子信息推送功能：实时推送最新帖子信息，对帖子信息进行分类并设置标签，可以对各个标签进行关注，将实时推送用户关注的标签的信息;</span></p><p style=\"text-indent:16px;line-height: normal\">（6）用户信息管理：用户部分是用户管理自己的账户和个人信息的部分，包括账户的信息管理，标签组的管理，自定义标签的管理，推送信息的设置，我的帖子、我制作的表情包的保存，我收藏的斗图的管理；</p><p style=\"text-indent:16px;line-height: normal\">（7）软件反馈是对软件进行设置以及用户联系软件设计者的部分。包括软件的基本设置(登陆注销，是否推送消息，版本更新等)，意见反馈(以文字形式提交意见及想法)</p><p style=\"margin-left:32px;line-height:normal\">二、拟解决问题</p><p style=\"margin-left:56px;line-height:normal\">(1)海量表情图片小文件的云存储策略的设计</p><p style=\"margin-left:56px;line-height:normal\">(2)IM服务的应用</p><p style=\"margin-left:56px;line-height:normal\">(3)表情图片自动过滤的算法设计</p><p><br/></p>','<p style=\"text-indent:0;line-height:normal\">一、研究方法</p><p style=\"line-height:normal\"><a></a><a></a><a></a><a></a><a></a><a></a><a></a><a></a><a></a><a>1．</a>收集相关文献进行可行性的评估</p><p style=\"line-height:normal\">2．进行需求分析，结构分析</p><p style=\"line-height:normal\">3. 详细设计，确定采用的技术与平台</p><p style=\"line-height:normal\">4．编写设计，确定每个模块的功能</p><p style=\"line-height:normal\">5. 代码的编写</p><p style=\"line-height:normal\">6. 测试，相关测试报告的编写</p><p style=\"text-indent:0;line-height:normal\">二、研究步骤及措施</p><p style=\"text-indent:28px\">1<span style=\"font-family:宋体\">．</span><span style=\"font-size:16px;font-family:宋体\">通过查找资料、方案和查阅相关文献，初步了解课题的开发方向和研究现状。</span></p><p style=\"text-indent:28px\">2<span style=\"font-family:宋体\">．</span><span style=\"font-size:16px;font-family:宋体\">学习国内外现有的系统，并从中分析总结，对其结构、功能、实现技术进行剖析。</span></p><p style=\"text-indent:28px\">3<span style=\"font-family:宋体\">．</span><span style=\"font-size:16px;font-family:宋体\">对课题研究进行可行性分析，确定研究课题。</span></p><p style=\"text-indent:28px\">4<span style=\"font-family:宋体\">．</span><span style=\"font-size:16px;font-family:宋体\">对研究的课题进行需求分析，确定课题主要功能。</span></p><p style=\"text-indent:28px\">5<span style=\"font-family:宋体\">．</span><span style=\"font-size:16px;font-family:宋体\">对国内外对该系统使用的现有技术和框架进行分析，确定研究课题所运用的框架和技术，做出总体设计。</span></p><p style=\"text-indent:28px\">6<span style=\"font-family:宋体\">．</span><span style=\"font-size:16px;font-family:宋体\">详细设计及功能分析，完成相关功能模块图，确定系统的基本功能。</span></p><p style=\"text-indent:28px\">7<span style=\"font-family:宋体\">．</span><span style=\"font-size:16px;font-family:宋体\">完成相关功能的代码编写，融合美工及布局，逐步完善系统内容。</span></p><p><span style=\"font-size:14px;font-family: &#39;Times New Roman&#39;,serif\">8</span><span style=\"font-size:14px;font-family:宋体\">．</span><span style=\"font-size:16px;font-family:宋体\">经过反复的测试修改，完成系统设计与实现，最终完成论文。</span></p><p><br/></p>','<p><a><span style=\"font-size:16px;font-family:宋体\">[1]</span> </a><span style=\"font-size:16px;font-family:宋体\">龚建华. JSON 格式数据在 Web 开发中的应用[J].办公自动化：学术版, 2013,(20): 46-48.</span></p><p><span style=\"font-size:16px;font-family:宋体\">[2] </span><span style=\"font-size:16px;font-family:宋体\">余云，邬奇梅.基于云架构的自适应聚类图像识别技术的研究与实现 电脑知识与技术 2008，(10):73-79</span></p><p><span style=\"font-size:16px;font-family:宋体\">[3]</span><span style=\"font-size:16px;font-family:宋体\">柳洪轶.基于Android 的软件管理系统设计与实现[J].电脑编程技巧与维护,2014(7): 9-10.</span></p><p><span style=\"font-size:16px;font-family:宋体\">[4]</span> <span style=\"font-size:16px;font-family:宋体\">徐苑苑,张际平.基于云架构的网络教学平台设计与实现[J].</span> <span style=\"font-size: 16px;font-family:宋体\">《远程教育杂志》 , 2013 , 31 (03) :71-78</span></p><p><span style=\"font-size:16px;font-family:宋体\">[5]</span><span style=\"font-size:16px;font-family:宋体\">李刚.疯狂Android讲义（第2版）[M].北京：电子工业出版社，2013.</span></p><p><br/></p>',326,118,2019,'01'),(16,'<p style=\"margin-top:auto;margin-bottom:auto;line-height:125%\"><span style=\"font-size:16px;line-height:125%;font-family: 宋体\">一、背景</span></p><p style=\"margin-top:auto;margin-bottom:auto;text-indent:16px;line-height:125%\"><span style=\"font-size:16px;line-height:125%;font-family:宋体\">广西梧州食品药品检验所检验报告书的出具过程仍采用手工方式，还没有实现流程电子化。检验流程涉及到科室的协作和人员的协作，按科室来分，检验流程涉及业务科以及实验室；按工作角色来分，涉及业务科收样登记员、实验室主任、检验员、复核人、跟签人、业务科报告审核员、业务科主任、授权签字人。目前的检验流程以检品登记</span><span style=\"font-size: 16px;line-height: 125%\">A</span><span style=\"font-size: 16px;line-height: 125%;font-family: 宋体\">卡、</span><span style=\"font-size: 16px;line-height: 125%\">B</span><span style=\"font-size: 16px;line-height: 125%;font-family: 宋体\">卡作为任务卡在不同科室之间流转的方式进行，这样的人工处理方式存在以下不合理的或不规范的现象：</span></p><p style=\"text-indent:64px;line-height:24px\"><span style=\"font-size: 16px;font-family: 宋体\">（</span><span style=\"font-size: 16px\">1</span><span style=\"font-size: 16px;font-family: 宋体\">）科室不能协作，即科室不能同时开展本科室的检验工作。</span></p><p style=\"text-indent:64px;line-height:24px\"><span style=\"font-size: 16px;font-family: 宋体\">（</span><span style=\"font-size: 16px\">2</span><span style=\"font-size: 16px;font-family: 宋体\">）不能实时了解检品的完成进度情况。</span></p><p style=\"text-indent:64px;line-height:24px\"><span style=\"font-size: 16px;font-family: 宋体\">（</span><span style=\"font-size: 16px\">3</span><span style=\"font-size: 16px;font-family: 宋体\">）报告格式种类繁多，报告模板需经常调整；</span></p><p style=\"text-indent:64px;line-height:24px\"><span style=\"font-size: 16px;font-family: 宋体\">（</span><span style=\"font-size: 16px\">4</span><span style=\"font-size: 16px;font-family: 宋体\">）出具报告的软件自动化程度低，大量需要人工录入；</span></p><p style=\"text-indent:64px;line-height:24px\"><span style=\"font-size: 16px;font-family: 宋体\">（</span><span style=\"font-size: 16px\">5</span><span style=\"font-size: 16px;font-family: 宋体\">）检验标准管理难、不能充分保证时效性。</span></p><p style=\"line-height:24px\"><span style=\"font-size: 16px;font-family: 宋体\">二、意义</span></p><p><span style=\"font-size: 16px;font-family: 宋体\">信息技术的进步为</span><span style=\"font-size:16px;font-family:宋体\">梧州食品药品检验所检验报告系统提供了先进的技术平台和实现手段。根据食品药品标准化检验流程，设计一套检验报告书协同处理系统，不但减轻了药检所工作人员的工作量，提高了药检所的检验效率，有望实现梧州食品药品检验所检验报告系统的完全自动化，而且也为各级领导提供了方便、快捷的辅助决策信息，使得该系统更加的科学化、规范化、便捷化，同时也可以更好地为科研工作服务，为社会民众服务。</span></p><p><br/></p>','<p style=\"line-height:24px\"><span style=\"font-size:16px;font-family:宋体\">一、研究内容</span></p><p style=\"text-indent:32px;line-height:24px\"><span style=\"font-size:16px;font-family:宋体\">本课题研究设计一套满足梧州食品药品检验所样品检验业务流程的检验报告系统。系统功能列表如下：</span></p><p style=\"text-indent:32px;line-height:24px\"><span style=\"font-size:16px\">1</span><span style=\"font-size:16px;font-family:宋体\">、样品登记</span></p><p style=\"text-indent:32px;line-height:24px\"><span style=\"font-size:16px;font-family:宋体\">委托客户提出样品委托检测申请，业务科人员填写送检单信息登记录入系统并形成申请表，打印申请表给客户；业务科人员安排检验任务，并把检品项目分发至不同检验科室。</span></p><p style=\"margin-left:0;text-indent:32px;line-height:24px\"><span style=\"font-size:16px\">2、</span><span style=\"font-size:16px;font-family:宋体\">实验主任分配检验任务</span></p><p style=\"text-indent:32px;line-height:24px\"><span style=\"font-size:16px;font-family:宋体\">检验科室的实验室主任接收到任务安排后，对样品的项目指定不同的检验员、复核人、跟签人。指定方式分为两种方式：第一种方式是对单个检品指定检验员、复核人、跟签人；第二种方式是多个检品，按照项目分类指定检验员、复核人、跟签人。多个检品对应一个复核人，一个检验员可以检验多个项目。</span></p><p style=\"margin-left:0;text-indent:32px;line-height:24px\"><span style=\"font-size:16px\">3、</span><span style=\"font-size:16px;font-family:宋体\">检验员</span></p><p style=\"text-indent:32px;line-height:24px\"><span style=\"font-size:16px;font-family:宋体\">检验员接收到项目检验任务后，根据实验室现有的实验条件是否达到项目的检验的要求，如果不具备开展实验的要求，检验员可以将项目回退给实验室主任，由实验室进行处理；如果具备条件，检验员在做完实验后，在报告书系统中录入实验的结果、实验对照品的使用信息以及上传实验底稿。填写方式分为两种方式：第一种方式是填写单个检品的项目的实验内容；第二种方式是批量填写多个检品的项目的实验内容。检验员填写完毕把检品报告提交给复核人复核。</span></p><p style=\"margin-left:0;text-indent:32px;line-height:24px\"><span style=\"font-size:16px\">4、</span><span style=\"font-size:16px;font-family:宋体\">复核人</span></p><p style=\"text-indent:32px;line-height:24px\"><span style=\"font-size:16px;font-family:宋体\">复核人根据检验员填写报告的次序，逐项审核报告结果，复核方式分为两种方式：第一种方式是复核单检品报告；第二种方式是批量复核检品报告。若检品报告有问题，复核人可回退检验员；若无问题复核人提交复核结果给实验室主任进行审核。</span></p><p style=\"margin-left:0;text-indent:32px;line-height:24px\"><span style=\"font-size:16px\">5、</span><span style=\"font-size:16px;font-family:宋体\">实验室主任审核</span></p><p style=\"text-indent:32px;line-height:24px\"><span style=\"font-size:16px;font-family:宋体\">实验室主任收到检品报告后，按单个检品审核，若有不合格项目，可以三种方式处理检品报告：第一种方式是同科室复检，指定复检项目的检验员、复核人，完成同科室复检后，由实验室主任提交项目给业务科进行审核；第二种方式是外科室复检，指定复检科室，由外科室完成复检项目的检验流程，在外科室复检流程完成后，由发起复检科室的实验室主任，提交项目给业务科进行审核；第三种方式是不复检，提交业务科审核；若无不合格项目，将实验室审核结果提交给业务科审核。</span></p><p style=\"margin-left:0;text-indent:32px;line-height:24px\"><span style=\"font-size:16px\">6、</span><span style=\"font-size:16px;font-family:宋体\">业务科审核报告</span></p><p style=\"text-indent:32px;line-height:24px\"><span style=\"font-size:16px;font-family:宋体\">业务科人员可以查看检品的信息，审核项目的检验依据、评价依据、限度要求是否准备，实验结论是否准确，如果不准确，可以对项目各项信息</span><span style=\"font-size:16px\">(</span><span style=\"font-size:16px;font-family:宋体\">检验依据、评价依据</span><span style=\"font-size:16px\">)</span><span style=\"font-size:16px;font-family:宋体\">以及实验结论进行修改。待各实验室完成该检品的所有项目后，经业务科审核人员确认无误后，提交给下一岗，如果检品合格，提交给授权签字人签字；如果不合格，提交业务科主任审核，再由业务科主任提交给授权签字人签字。</span></p><p style=\"margin-left:0;text-indent:32px;line-height:24px\"><span style=\"font-size:16px\">7、</span><span style=\"font-size:16px;font-family:宋体\">授权签字人</span></p><p style=\"line-height:24px\"><span style=\"font-size:16px\">&nbsp;&nbsp;&nbsp;&nbsp; </span><span style=\"font-size:16px;font-family:宋体\">&nbsp;&nbsp;</span><span style=\"font-size:16px;font-family:宋体\">授权签字人对检品报告进行电子盖章后，将报告书提交给业务科人员打印。</span></p><p style=\"margin-left:0;text-indent:32px;line-height:24px\"><span style=\"font-size:16px;font-family:宋体\">8、</span><span style=\"font-size:16px;font-family:宋体\">报告打印与存档</span></p><p style=\"text-indent:64px;line-height:24px\"><span style=\"font-size:16px;font-family:宋体\">已签发报告保存在系统中，工作人员可打开浏览或打印；打印报告时，自动关联打印信息，如检验员、复核人、实验室主任等；报告可转换成PDF格式。</span></p><p style=\"line-height:24px\"><span style=\"font-size:16px;font-family:宋体\">二、拟解决的主要问题</span></p><p style=\"text-indent:32px;line-height:24px\"><span style=\"font-size:16px;font-family:宋体\">1</span><span style=\"font-size:16px;font-family:宋体\">、检品协检流程模型的构建</span></p><p style=\"text-indent:32px;line-height:24px\"><span style=\"font-size:16px;font-family:宋体\">2</span><span style=\"font-size:16px;font-family:宋体\">、实验底稿的修改痕迹追踪</span></p><p><span style=\"font-size:16px;font-family:宋体\">3</span><span style=\"font-size:16px;font-family:宋体\">、报告书模板动态管理</span></p><p><br/></p>','<p style=\"line-height:24px\"><span style=\"font-size: 16px;font-family: 宋体\">一、研究方法</span></p><p style=\"margin-left:32px;line-height:24px\"><span style=\"font-size: 16px;font-family: 宋体\">1.</span><span style=\"font-size: 16px;font-family: 宋体\">查找有关食品药品检测的文献资料，为构建系统主要模块做资料参考；</span></p><p style=\"margin-left:32px;line-height:24px\"><span style=\"font-size: 16px;font-family: 宋体\">2.</span><span style=\"font-size: 16px;font-family: 宋体\">动手设计并实现系统；</span></p><p style=\"margin-left:32px;line-height:24px\"><span style=\"font-size: 16px;font-family: 宋体\">3.</span><span style=\"font-size: 16px;font-family: 宋体\">测试系统功能，并加以修改和完善，完成研究内容。</span></p><p style=\"line-height:24px\"><span style=\"font-size: 16px;font-family: 宋体\">二、研究步骤及措施</span></p><p style=\"text-indent:32px;line-height:24px\"><span style=\"font-size: 16px;font-family: 宋体\">1.</span><span style=\"font-size: 16px;font-family: 宋体\">阅读相关政策文件及论文，定期实地调研相关单位的实际要求，对食品药品检测业务流程进行了解；</span></p><p style=\"text-indent:32px;line-height:24px\"><span style=\"font-size: 16px;font-family: 宋体\">2.</span><span style=\"font-size: 16px;font-family: 宋体\">搜索国内国外相关食品药品检测的系统进行参考；</span></p><p style=\"text-indent:32px;line-height:24px\"><span style=\"font-size: 16px;font-family: 宋体\">3.</span><span style=\"font-size: 16px;font-family: 宋体\">进行检验报告系统的功能分析，确定系统的主要功能，初步画出功能模块图；</span></p><p style=\"text-indent:32px;line-height:24px\"><span style=\"font-size: 16px;font-family: 宋体\">4.</span><span style=\"font-size: 16px;font-family: 宋体\">进行详细设计；</span></p><p style=\"text-indent:32px;line-height:24px\"><span style=\"font-size: 16px;font-family: 宋体\">5.</span><span style=\"font-size: 16px;font-family: 宋体\">编写代码，进行食品药品检测检验系统的正式开发；</span></p><p style=\"text-indent:32px;line-height:24px\"><span style=\"font-size: 16px;font-family: 宋体\">6.</span><span style=\"font-size: 16px;font-family: 宋体\">反复测试修改，完善系统的各个细节，并完成论文。</span></p><p><br/></p>','<p><span style=\"font-size:16px;font-family:宋体\">[1]</span><span style=\"font-size:16px;font-family:宋体\">林伟强.广东省药品检验所LIMS应用[J].今日药学,2008,(04):88-90.</span></p><p style=\"line-height:150%\"><span style=\"font-size: 16px;line-height:150%;font-family:宋体\">[2]</span><span style=\"font-size:16px;line-height:150%;font-family:宋体\">邓元果.符合GLP标准的LIMS系统的设计与实现[D].电子科技大学,2010.</span></p><p style=\"line-height:150%\"><span style=\"font-size: 16px;line-height:150%;font-family:宋体\">[3]</span><span style=\"font-size:16px;line-height:150%;font-family:宋体\">沈怡,汪雪君,杨慧元.LIMS在食品药品检验实验室成功实施因素的探讨[J].中国药事,2015,(03):287-292.</span></p><p style=\"line-height:150%\"><span style=\"font-size: 16px;line-height:150%;font-family:宋体\">[4]</span><span style=\"font-size:16px;line-height:150%;font-family:宋体\">王洪楠.通用报表工具导出系统设计与实现[D].吉林大学,2012.</span></p><p style=\"line-height:150%\"><span style=\"font-size: 16px;line-height:150%;font-family:宋体\">[5]</span><span style=\"font-size:16px;line-height:150%;font-family:宋体\">于金辉.食品样品检验流程优化设计与管理技术分析[J].食品安全导刊,2016,(15):90.</span></p><p><span style=\"font-size:16px;font-family:宋体\">[6]</span><span style=\"font-size:16px;font-family:宋体\">张磊.药品检测行业实验室信息管理系统的设计与实现[D].北京邮电大学,2010.</span></p><p><br/></p>',325,118,2019,'01'),(17,'<p style=\"text-indent:32px;line-height:125%\"><span style=\"font-size:16px;line-height:125%;font-family:宋体\">扶贫工作是一项关乎民生的工作。由于我国仍然长期处于社会主义初级阶段，发展不平衡、不协调问题比较突出。党的十八大指出，到2020年，贫困人口要全部脱贫，国家扶贫开发工作重点县要全部摘帽。扶贫过程涉及到两个最为重要的方面即扶贫资金和扶贫项目。经调研，目前广西扶贫项目与扶贫资金管理存在如下问题：</span></p><p style=\"text-indent:32px;line-height:125%\"><span style=\"font-size:16px;line-height:125%;font-family:宋体\">1</span><span style=\"font-size:16px;line-height:125%;font-family:宋体\">、扶贫项目管理不清晰，由于扶贫项目涉及的责任单位多，项目需要多个单位相互配合才能完成，因此县级领导往往无法掌握目前有多少个扶贫项目，每个项目的进展情况如何，在项目推进过程中有什么问题以及项目从立项到最终验收的整个过程材料无法掌握；</span></p><p style=\"text-indent:32px;line-height:125%\"><span style=\"font-size:16px;line-height:125%;font-family:宋体\">2</span><span style=\"font-size:16px;line-height:125%;font-family:宋体\">、扶贫项目资金使用进度不清晰，每个项目的资金使用渠道、使用方式、票据等都不相同，由于项目涉及方方面面，项目资金下拨后的使用情况往往采取下级汇报的方式，过程不清晰，使用进度不明了</span></p><p style=\"text-indent:32px;line-height:125%\"><span style=\"font-size:16px;line-height:125%;font-family:宋体\">3</span><span style=\"font-size:16px;line-height:125%;font-family:宋体\">、扶贫资金拨付及每笔资金所使用的项目不清晰，如果要查清楚某笔资金最终使用情况需层层调查，并需要财政、政府、项目业主、项目责任单位等多方核查，无法在第一时间明确显示某笔资金的使用方向和目前资金所关联的项目情况，带来资金风险和廉政风险；</span></p><p style=\"text-indent:32px;line-height:125%\"><span style=\"font-size:16px;line-height:125%;font-family:宋体\">综上，有必要开发一套集资金来源、资金拨付、资金项目使用、项目立项、项目过程管理于一体的综合信息平台，使得扶贫资金与扶贫项目细节过程明了、可查、可追溯、可公示、可透明、可统计、专款专用。</span></p><p style=\"line-height:125%\"><strong><span style=\"font-size:16px;line-height:125%;font-family:宋体\">二、课题的研究意义：</span></strong></p><p style=\"text-indent:32px;line-height:24px\"><span style=\"font-size:16px;font-family:宋体\">综合信息平台的建立并实施能有效的解决扶贫资金使用、扶贫项目建设方面的问题，具体意义如下：</span></p><p style=\"text-indent:32px;line-height:24px\"><span style=\"font-size:16px;font-family:宋体\">1</span><span style=\"font-size:16px;font-family:宋体\">、有利于县级财政部门对扶贫资金的统一管理、统一追溯和统一汇报，扶贫资金涉及金额巨大，对资金来源、拨付和使用过程的管理使得资金来源和去向明了，项目资金使用进度清晰，资金拨付过程完整；</span></p><p style=\"text-indent:32px;line-height:24px\"><span style=\"font-size:16px;font-family:宋体\">2</span><span style=\"font-size:16px;font-family:宋体\">、有利于扶贫项目过程监察，扶贫项目建设是脱贫过程中最重要的途径之一，涉及项目种类繁多，几乎涉及到基层所有单位，还涉及到具体贫困村和贫困户，对扶贫项目的统一集中过程管理使得项目从立项、过程实施、过程相关证明材料、项目进度汇报、项目竣工、项目验收与项目审计整个项目管理过程可管理、可实施监察。</span></p><p style=\"text-indent:32px;line-height:24px\"><span style=\"font-size:16px;font-family:宋体\">3</span><span style=\"font-size:16px;font-family:宋体\">、有利于防范廉政风险的发生，扶贫项目资金和项目管理在信息平台统一管理后，各级领导能实时查看目前扶贫资金使用情况，实时统计资金的结余，实时查阅资金去向，实时调研资金所关联项目的目前进展情况，实时查阅责任单位汇报的资金和项目情况，把资金使用和项目过程置于完全公开中，能有效防范廉政风险。</span></p><p style=\"text-indent:32px;line-height:24px\"><span style=\"font-size:16px;font-family:宋体\">4</span><span style=\"font-size:16px;font-family:宋体\">、有利于各级领导统计和查询扶贫资金和扶贫项目相关情况，能实时掌控过程进度，有效的督促责任单位完成相关项目建设</span></p><p style=\"text-indent:32px;line-height:24px\"><span style=\"font-size:16px;font-family:宋体\">扶贫资金作为国家财政收入支出的一部分，在其使用的过程中，普遍存在套取资金、挤占挪用资金、违规使用资金使其脱离实际用途，或者扶贫资金长期滞留、闲置的问题，严重影响了国家扶贫工作的顺利开展和扶贫政策的有效落实。</span></p><p><span style=\"font-size:16px;font-family:宋体\">综上，该课题能实际解决扶贫过程中资金和项目管理的相关问题，既把资金和项目过程完全公开化又有利于推进扶贫项目的建设，助力县级政府打赢脱贫攻坚战。</span></p><p><br/></p>','<p><strong><span style=\"font-size:16px;font-family:宋体\">一、研究内容：</span></strong></p><p style=\"text-indent:32px;line-height:125%\"><span style=\"font-size:16px;line-height: 125%;font-family:宋体\">本课题</span><span style=\"font-size:16px;line-height:125%;font-family:宋体\">研究分析扶贫资金使用、扶贫项目建设的业务流程，设计并开发出一套集资金来源、资金拨付、资金项目使用、项目立项、项目过程管理于一体的综合信息平台。</span><span style=\"font-size:16px;line-height:125%;font-family:宋体\">将系统划分为资金管理、项目管理、项目信贷资金统计、项目类型管理、用户管理、项目单位管理等模块。</span><span style=\"font-size:16px;line-height:125%;font-family:宋体\">具体内容如下：</span></p><p style=\"text-indent:32px;line-height:125%\"><span style=\"font-size:16px;line-height:125%;font-family:宋体\">1</span><span style=\"font-size:16px;line-height:125%;font-family:宋体\">、</span><span style=\"font-size:16px;line-height:125%;font-family:宋体\">资金管理模块提供扶贫资金到帐数据记录和资金拨付，以及按项目分配资金的管理理；</span></p><p style=\"text-indent:32px;line-height:125%\"><span style=\"font-size:16px;line-height:125%\">2</span><span style=\"font-size:16px;line-height:125%;font-family:宋体\">、项目管理模块提供项目调研立项、上报、审批、实施管理等信息的录入和查询，以及项目管理相关政策法规的发布管理等功能；</span></p><p style=\"text-indent:32px;line-height:125%\"><span style=\"font-size:16px;line-height:125%;font-family:宋体\">3</span><span style=\"font-size:16px;line-height:125%;font-family:宋体\">、</span><span style=\"font-size:16px;line-height:125%;font-family:宋体\">研究扶贫资金与扶贫项目之间的关系以及对扶贫项目使用资金的监控方式和方法；</span></p><p style=\"text-indent:32px;line-height:125%\"><span style=\"font-size:16px;line-height:125%;font-family:宋体\">4</span><span style=\"font-size:16px;line-height:125%;font-family:宋体\">、</span><span style=\"font-size:16px;line-height:125%;font-family:宋体\">研究项目过程管理的方式和方法，能通过系统直观的了解项目的目前情况和项目实施情况；</span></p><p style=\"text-indent:32px;line-height:125%\"><span style=\"font-size:16px;line-height:125%;font-family:宋体\">5</span><span style=\"font-size:16px;line-height:125%;font-family:宋体\">、</span><span style=\"font-size:16px;line-height:125%;font-family:宋体\">研究项目过程管理中项目进度汇报、资金使用情况汇报的方式和方法；</span></p><p style=\"margin-left:48px;line-height: 125%\"><strong><span style=\"font-size:16px;line-height:125%;font-family:宋体\">一、<span style=\"font-variant-numeric: normal;font-weight: normal;font-stretch: normal;font-size: 9px;line-height: normal;font-family: &#39;Times New Roman&#39;\">&nbsp;&nbsp; </span></span></strong><strong><span style=\"font-size:16px;line-height:125%;font-family:宋体\">拟解</span></strong><strong><span style=\"font-size:16px;line-height: 125%;font-family:宋体\">决的主要问题：</span></strong></p><p style=\"line-height:125%\"><strong><span style=\"font-size:16px;line-height:125%\">&nbsp;&nbsp;&nbsp; </span></strong><span style=\"font-size:16px;line-height:125%;font-family:宋体\">1</span><span style=\"font-size:16px;line-height:125%;font-family:宋体\">、扶贫资金与扶贫项目之间的关系，扶贫资金的分配、项目资金的分配以及项目资金使用过程监控；</span></p><p style=\"text-indent:32px;line-height:125%\"><span style=\"font-size:16px;line-height:125%;font-family:宋体\">2</span><span style=\"font-size:16px;line-height:125%;font-family:宋体\">、资金分配过程管理，包括资金来源、资金池设置、项目库设置、资金下拨项目；</span></p><p style=\"text-indent:32px;line-height:125%\"><span style=\"font-size:16px;line-height:125%;font-family:宋体\">3</span><span style=\"font-size:16px;line-height:125%;font-family:宋体\">、项目地理信息设置，通过百度地图方式设置项目地理信息和地理信息中项目区域设置；</span></p><p style=\"text-indent:32px;line-height:125%\"><span style=\"font-size:16px;line-height:125%;font-family:宋体\">4</span><span style=\"font-size:16px;line-height:125%;font-family:宋体\">、资金及项目过程监控，包括从资金来源、资金分配、资金下拨到项目立项到项目相关立项文件数据采集到项目进度汇报到项目资金使用情况汇报到项目竣工、验收、审计的完整流程闭环设计；</span></p><p style=\"text-indent:32px;line-height:125%\"><span style=\"font-size:16px;line-height:125%;font-family:宋体\">5</span><span style=\"font-size:16px;line-height:125%;font-family:宋体\">、理清资金与项目之间的关系，能通过某笔资金来源一直追查到该笔资金用到了哪些项目以及这些项目目前资金使用情况，完成资金从来源到使用过程的可视化管理</span></p><p><span style=\"font-size:16px;font-family:宋体\">6</span><span style=\"font-size:16px;font-family:宋体\">、采用移动终端并使用现场照片、过程证件图像文件等方式解决项目汇报、资金使用情况汇报管理，方便各级领导实时掌握目前的资金和项目情况。</span></p><p><br/></p>','<p style=\"line-height:125%\"><strong><span style=\"font-size:16px;line-height:125%;font-family:宋体\">一、</span></strong><strong><span style=\"font-size: 16px;line-height: 125%;font-family: 宋体\">研究方法：</span></strong></p><p style=\"text-indent: 32px;line-height: 125%\"><span style=\"font-size:16px;line-height:125%;font-family:宋体\">通过查阅文献资料和实地调研等方式深入了解课题，根据贵港市港北区目前项目管理的需求以及查阅的文献分析目标系统的业务流程和软件构架方式，参考各种期刊或论文对这方面的研究，综合分析总结，确定课题主要功能及所使用框架及技术，结合现代程序设计技术对每个功能每项技术逐一实现和运用，从实践中发现问题并不断测试校验，逐步完善系统。</span></p><p style=\"text-indent: 32px;line-height: 125%\"><strong><span style=\"font-size: 16px;line-height: 125%;font-family: 宋体\">二、研究步骤措施：</span></strong></p><p style=\"text-indent:32px\"><span style=\"font-size:16px;font-family:宋体\">1</span><span style=\"font-size:16px;font-family:宋体\">、通过</span><span style=\"font-size:16px;font-family:宋体\">对国内对扶贫项目与资金综合管理信息平台的研究现状简介与分析确定课题的开发方向和研究内容。</span></p><p style=\"text-indent:32px\"><span style=\"font-size:16px;font-family:宋体\">2</span><span style=\"font-size:16px;font-family:宋体\">、</span><span style=\"font-size:16px;font-family:宋体\">分析扶贫过程中资金与项目的关系，确定扶贫资金和扶贫项目的管理方式，确认两者之间的联系和业务关系；</span></p><p style=\"text-indent:32px\"><span style=\"font-size:16px;font-family:宋体\">3</span><span style=\"font-size:16px;font-family:宋体\">、完成</span><span style=\"font-size:16px;font-family:宋体\">对整个扶贫项目与资金综合管理信息平台进行需求分析，确定资金和项目管理过程的方式和方法，确定管理流程和角色配置完成对项目的需求和系统构架方式。</span></p><p style=\"text-indent:32px\"><span style=\"font-size:16px;font-family:宋体\">4</span><span style=\"font-size:16px;font-family:宋体\">、</span><span style=\"font-size:16px;font-family:宋体\">按软件工程过程要求完成系统的设计和实现。</span></p><p style=\"text-indent:32px\"><span style=\"font-size:16px;font-family:宋体\">5</span><span style=\"font-size:16px;font-family:宋体\">、</span><span style=\"font-size:16px;font-family:宋体\">系统测试，包含系统的功能测试、性能测试和测试结果及分析。</span></p><p><span style=\"font-size:16px;font-family:&#39;Times New Roman&#39;,serif\">6</span><span style=\"font-size:16px;font-family:宋体\">、</span><span style=\"font-size:16px;font-family: 宋体\">整理各阶段的设计记录文档，形成论文稿</span><span style=\"font-size:16px;font-family:宋体\">。</span></p><p><br/></p>','<p style=\"line-height:125%\"><span style=\"font-size: 16px;line-height:125%;font-family:宋体\">[1]</span> <span style=\"font-size:16px;line-height:125%;font-family:宋体\">王秋香.</span> <span style=\"font-size:16px;line-height:125%;font-family: 宋体\">农村（村级）重大事项流程化监管系统的设计与实现[D].硕士.</span> <span style=\"font-size:16px;line-height:125%;font-family: 宋体\">重庆三峡学院.2017 </span></p><p style=\"line-height:125%\"><span style=\"font-size: 16px;line-height:125%;font-family:宋体\">[2]</span> <span style=\"font-size:16px;line-height:125%;font-family:宋体\">吴炜.</span> <span style=\"font-size:16px;line-height:125%;font-family:宋体\">M</span><span style=\"font-size:16px;line-height:125%;font-family:宋体\">省N县财政扶贫资金管理研究[D].</span> <span style=\"font-size:16px;line-height:125%;font-family: 宋体\">硕士.山东财经大学.2016.</span></p><p style=\"line-height:125%\"><span style=\"font-size: 16px;line-height:125%;font-family:宋体\">[3]</span> <span style=\"font-size:16px;line-height:125%;font-family:宋体\">陈杰.</span> <span style=\"font-size:16px;line-height:125%;font-family: 宋体\">我国农村扶贫资金效率的理论与实证研究[D].博士.中南大学，2007.</span></p><p style=\"line-height:125%\"><span style=\"font-size: 16px;line-height:125%;font-family:宋体\">[4]</span> <span style=\"font-size:16px;line-height:125%;font-family:宋体\">方政力.</span> <span style=\"font-size:16px;line-height:125%;font-family: 宋体\">安徽省财政扶贫资金运行管理研究[D]．硕士.安徽大学. 2016.</span></p><p style=\"line-height:125%\"><span style=\"font-size: 16px;line-height:125%;font-family:宋体\">[5]</span> <span style=\"font-size:16px;line-height:125%;font-family:宋体\">杨洪霞.</span> <span style=\"font-size:16px;line-height:125%;font-family: 宋体\">扶贫资金运行存在的问题及对策研究——以万州区为例[D].硕士.</span> <span style=\"font-size:16px;line-height:125%;font-family: 宋体\">西南大学.2011.</span></p><p style=\"line-height:125%\"><span style=\"font-size: 16px;line-height:125%;font-family:宋体\">[6] </span><span style=\"font-size:16px;line-height:125%;font-family:宋体\">孙璐. 扶贫项目绩效评估研究——基于精准扶贫的视角[D].博士.中国农业大学. 2015</span></p><p style=\"line-height:125%\"><span style=\"font-size: 16px;line-height:125%;font-family:宋体\">[7] </span><span style=\"font-size:16px;line-height:125%;font-family:宋体\">李博. 项目制扶贫的运作逻辑与地方性实践——以精准扶贫视角看A县竞争性扶贫项目[J]. 北京社会科学.2016/03</span></p><p style=\"line-height:125%\"><span style=\"font-size: 16px;line-height:125%;font-family:宋体\">[8] </span><span style=\"font-size:16px;line-height:125%;font-family:宋体\">马良灿.项目制背景下农村扶贫工作及其限度[J].社会科学战线.2013/04 </span></p><p style=\"line-height:125%\"><span style=\"font-size: 16px;line-height:125%;font-family:宋体\">&nbsp;</span></p><p><br/></p>',316,111,2019,'01'),(18,'<p style=\"margin-top:auto;margin-bottom:auto;text-indent:28px;line-height:125%\"><span style=\";line-height:125%;font-family:宋体;color:#333333\">就梧州学院志愿者作为研究依据，如今高等院校一直在扩大学生的规模,随之而来的情况则是接受高等教育的学生数量变得越来越巨大,而这些接受了高等教育的大学生不管在专业能力上还是在素质上都注定了他们会成为发展中国志愿者组织的主力军。我国的志愿活动实行自愿服务，志愿者分为在职志愿者和临时志愿者。在职志愿者负责管理整个志愿组织，而临时志愿者则利用闲暇时间完成志愿服务。志愿者活动已成为我国发展所需要的重要推动力量。相对于我国来说，国外的志愿服务活动就比我国早得多，早在二战结束后就开始对志愿服务进行更进一步的规范。如今，国外的志愿服务已有了完善的制度，志愿服务已成为西方国家制度化、专业化的社会工作了。就美国而言，志愿活动已成为每一个美国人青年时期的必修课，教育部门规定要额外完成40小时以上的志愿服务活动，这样才能有上好大学的机会。这些都是因为背后有完善的志愿管理机制。所以我国也需要有一个信息化、系统化的志愿管理机制来完善我国的志愿服务。就针对这么庞大的学生集群而言,一般的管理手段已经不能再满足社会需求了。现如今的社会,信息化的手段日益方便,成为了现在管理数据的主力军。所以为了能够使中国大学生的志愿者组织的发展空间变得更为巨大,我们必须要加快他的信息化管理进程,这个情况已经得到了中国志愿者管理部门的重视,并就此问题展开了深入的指导工作和服务工作。</span></p><p style=\"margin-top:auto;margin-bottom:auto;line-height:125%\"><strong><span style=\";line-height:125%;font-family:宋体\">研究意义：</span></strong></p><p style=\"margin-left:0;text-indent:28px;line-height:24px\"><span style=\";font-family:宋体;color:#333333\">1. </span><span style=\";font-family:宋体;color:#333333\">&nbsp;</span><span style=\";font-family:宋体;color:#333333\">实现志愿者管理流程的优化和工作效率的提高。</span></p><p style=\"margin-left:0;text-indent:28px;line-height:24px\"><span style=\";font-family:宋体;color:#333333\">2. </span><span style=\";font-family:宋体;color:#333333\">&nbsp;</span><span style=\";font-family:宋体;color:#333333\">能有效地组织志愿服务，激励大家参与志愿服务。</span></p><p style=\"text-indent:28px;line-height:24px\"><span style=\";font-family:宋体;color:#333333\">3.&nbsp; </span><span style=\";font-family:宋体;color:#333333\">提高志愿者在注册和活动过程中的信息管理效率和规范化水平。</span></p><p style=\"text-indent:28px;line-height:24px\"><span style=\";font-family:宋体;color:#333333\">4.&nbsp; </span><span style=\";font-family:宋体;color:#333333\">为管理人员提供更完善的信息统计功能。</span></p><p><span style=\"font-size:14px;font-family:宋体;color:#333333\">5.&nbsp; </span><span style=\"font-size:14px;font-family:宋体;color:#333333\">通过分析数据和活动意见反馈，可以对系统进行进一步的改进和完善。</span></p><p><br/></p>','<p><strong><span style=\";font-family:宋体\">研究内容：</span></strong></p><p style=\"text-indent:28px\"><span style=\";font-family:宋体\">本课题根据现有的志愿者机制和流程，设计并实现一个高校志愿者管理平台。把原本散乱独立的功能和数据，整理合为一体。本课题的数据后台主要采用</span>MySQL<span style=\";font-family:宋体\">数据库实现，在通过</span>JavaEE<span style=\";font-family:宋体\">的基础上运用</span>SSH<span style=\";font-family:宋体\">框架设计并实现这样的志愿服务平台，以便用户可以通过网络平台对志愿者相关信息进行访问，管理者也可以根据信息数据进行统一整理和数据分析。</span></p><p style=\"text-indent:28px\"><span style=\";font-family:宋体\">本平台主要是基于互联网的志愿服务平台，主要面向高校的志愿服务。研究的主要功能如下：</span></p><p style=\"margin-left:28px;text-indent:0\">1. &nbsp;<span style=\";font-family:宋体\">本平台主要分为三个角色：志愿者、团队管理者和系统管理者。用户的角色不同，所执行的操作也不同，不能越权进行相关操作。</span></p><p style=\"margin-left:28px;text-indent:0\">2. &nbsp;<span style=\";font-family:宋体\">志愿者填写注册信息时，根据信息自动归入相关团队。</span></p><p style=\"margin-left:28px;text-indent:0\">3.&nbsp; <span style=\";font-family:宋体\">用户可以通过输入关键字查询自己需要的信息，并修改个人信息，还可以查看自己参加的活动记录。</span></p><p style=\"margin-left:28px;text-indent:0\">4.&nbsp; <span style=\";font-family:宋体\">管理者发布公告后，用户均可查看公告内容。</span></p><p style=\"margin-left:28px;text-indent:0\">5.&nbsp; <span style=\";font-family:宋体\">管理者可以对志愿者信息进行管理，进行相关的操作。</span></p><p style=\"margin-left:28px;text-indent:0\">6.&nbsp; <span style=\";font-family:宋体\">当有新的活动需要组织时，需要提出活动申请，填写活动主题，需要人数，方案描述等，然后提交给管理者审核，审核通过后，创建活动，志愿者进行报名。</span></p><p style=\"margin-left:28px;text-indent:0\">7.&nbsp; <span style=\";font-family:宋体\">管理者可利用邮件功能或短信功能通知活动相关信息，如时间地点等，为了节省时间，消息通知功能必须支持群发。</span></p><p style=\"margin-left:28px;text-indent:0\">8.&nbsp; <span style=\";font-family:宋体\">管理者可以分类上传相关文章政策及活动视频，用户可以查看并下载。</span></p><p style=\"margin-left:28px;text-indent:0\">9.&nbsp; <span style=\";font-family:宋体\">用户参加志愿活动可以对活动进行评分和建议，管理者通过反馈信息可以对活动进行进一步完善。</span></p><p style=\"margin-left:28px;text-indent:0\">&nbsp;</p><p><strong><span style=\";font-family:宋体\">拟解决的主要问题：</span></strong></p><p style=\"margin-left:60px;line-height: 24px\"><span style=\";font-family:宋体\">1.<span style=\"font-variant-numeric: normal;font-stretch: normal;font-size: 9px;line-height: normal;font-family: &#39;Times New Roman&#39;\">&nbsp;&nbsp; </span></span><span style=\";font-family:宋体\">数据的提取和优化</span></p><p style=\"margin-left:60px;line-height: 24px\"><span style=\";font-family:宋体\">2.<span style=\"font-variant-numeric: normal;font-stretch: normal;font-size: 9px;line-height: normal;font-family: &#39;Times New Roman&#39;\">&nbsp;&nbsp; </span></span><span style=\";font-family:宋体\">权限角色分配的实现</span></p><p style=\"margin-left:60px;line-height: 24px\"><span style=\";font-family:宋体\">3.<span style=\"font-variant-numeric: normal;font-stretch: normal;font-size: 9px;line-height: normal;font-family: &#39;Times New Roman&#39;\">&nbsp;&nbsp; </span></span><span style=\";font-family:宋体\">活动结束后的信息反馈</span></p><p style=\"margin-left:60px;line-height: 24px\"><span style=\";font-family:宋体\">4.<span style=\"font-variant-numeric: normal;font-stretch: normal;font-size: 9px;line-height: normal;font-family: &#39;Times New Roman&#39;\">&nbsp;&nbsp; </span></span><span style=\";font-family:宋体\">文件的上传和下载</span></p><p style=\"margin-left:60px;line-height: 24px\"><span style=\";font-family:宋体\">5.<span style=\"font-variant-numeric: normal;font-stretch: normal;font-size: 9px;line-height: normal;font-family: &#39;Times New Roman&#39;\">&nbsp;&nbsp; </span></span><span style=\";font-family:宋体\">消息发送的掌握</span></p><p style=\"margin-left:60px;line-height: 24px\"><span style=\";font-family:宋体\">6.<span style=\"font-variant-numeric: normal;font-stretch: normal;font-size: 9px;line-height: normal;font-family: &#39;Times New Roman&#39;\">&nbsp;&nbsp; </span></span><span style=\";font-family:宋体\">数据的安全性管理问题</span></p><p><br/></p>','<p style=\"line-height:24px\"><strong><span style=\";font-family:宋体\">研究方法：</span></strong></p><p style=\"text-indent:28px;line-height:24px\"><span style=\";font-family:宋体\">本课题通过查询相关文献，期刊和网络搜索同类的志愿服务平台，来了解志愿者的服务机制以及实际情况，结合系统所涉及的各个模块的数据和需求进行分析，完成对系统的设计与实现。</span></p><p style=\"margin-left:48px;line-height:24px\">&nbsp;</p><p style=\"line-height:24px\"><strong><span style=\";font-family:宋体\">步骤和措施：</span></strong></p><p style=\"line-height:24px\"><strong>&nbsp;</strong></p><p style=\"text-indent:28px\"><span style=\";font-family:宋体\">1</span><span style=\";font-family:宋体\">．了解相关系统的发展状况，收集相关的资料。</span></p><p style=\"text-indent:28px\"><span style=\";font-family:宋体\">2. </span><span style=\";font-family:宋体\">阅读相关资料和文献，了解需要用到的技术，进行论文可行性评估。</span></p><p style=\"text-indent:28px\"><span style=\";font-family:宋体\">3</span><span style=\";font-family:宋体\">．根据实际详情，分析系统的实用价值和应用前景，进行系统需求分析。</span></p><p style=\"text-indent:28px\"><span style=\";font-family:宋体\">4</span><span style=\";font-family:宋体\">．根据需求分析开始进行系统设计和架构设计。</span></p><p style=\"text-indent:28px\"><span style=\";font-family:宋体\">5. </span><span style=\";font-family:宋体\">编写功能代码。</span></p><p style=\"text-indent:28px\"><span style=\";font-family:宋体\">6. </span><span style=\";font-family:宋体\">调试并运行开发的实例，解决出现的错误。</span></p><p style=\"text-indent:28px;line-height:24px\"><span style=\";font-family:宋体\">7. </span><span style=\";font-family:宋体\">改进并完善设计。</span></p><p style=\"text-indent:28px;line-height:24px\"><span style=\";font-family:宋体\">8. </span><span style=\";font-family:宋体\">整理文档，完成论文。</span></p><p><br/></p>','<p><strong><span style=\"font-size:16px;font-family:宋体\">主要参考文献</span></strong><span style=\"font-size:16px;font-family:宋体\">：</span></p><p><span style=\"font-size:16px\">&nbsp;</span></p><p style=\"line-height:150%\"><span style=\";line-height:150%;font-family:宋体\">[1]</span><span style=\";line-height:150%;font-family:宋体\">宋杨.大学生志愿者信息管理系统的设计与实现[D].硕士学位论文，电子科技大学，2014.</span></p><p style=\"line-height:150%\"><span style=\";line-height:150%;font-family:宋体\">[2]</span><span style=\";line-height:150%;font-family:宋体\">蔡越.志愿者服务项目管理系统的分析与研究[D].硕士学位论文，云南大学，2016.</span></p><p style=\"line-height:150%\"><span style=\";line-height:150%;font-family:宋体\">[3]</span><span style=\";line-height:150%;font-family:宋体\">陈军政，江柳丽，王凌云.APP支持下的学生志愿者自助管理系统设计初探[J].医院管理论坛，2015.</span></p><p style=\"line-height:150%\"><span style=\";line-height:150%;font-family:宋体\">[4]</span><span style=\";line-height:150%;font-family:宋体\">翁露莎，周国健，吴文豪.基于移动网络的志愿者管理系统[J].电脑知识与技术，2014.</span></p><p style=\"line-height:150%\"><span style=\";line-height:150%;font-family:宋体\">[5]</span><span style=\";line-height:150%;font-family:宋体\">刘鑫，吴明美.APP支持下的留守人员和志愿者管理系统[J].福建电脑，2016.</span></p><p style=\"line-height:150%\"><span style=\";line-height:150%;font-family:宋体\">[6]</span><span style=\";line-height:150%;font-family:宋体\">康凯，贾庶，薛飞.志愿者管理系统数据库的设计与实现[J].黑龙江科技信息，2016.</span></p><p style=\"line-height:150%\"><span style=\";line-height:150%;font-family:宋体\">[7]</span><span style=\";line-height:150%;font-family:宋体\">王岩，宋放.基于SSH的志愿者服务平台的设计与实现[J].工业设计，2017.</span></p><p style=\"line-height:150%\"><span style=\";line-height:150%;font-family:宋体\">[8]</span><span style=\";line-height:150%;font-family:宋体\">丁叶.</span><span style=\";line-height: 150%;font-family:宋体;color:#231815\">“互联网+”视野下的志愿服务平台研究--以江苏4个省级平台为例[D].硕士学位论文，南京大学，2017.</span></p><p style=\"line-height:150%\"><span style=\";line-height:150%;font-family:宋体;color:#222222\">[9]</span><span style=\";line-height:150%;font-family:宋体;color:#222222\">吴信龙.</span><span style=\";line-height:150%;font-family:宋体;color:#231815\">闽院大学生志愿者管理系统的研究与分析[D].硕士学位论文，云南大学，2015.</span></p><p style=\"line-height:150%\"><span style=\";line-height:150%;font-family:宋体;color:#231815\">[10]</span><span style=\";line-height:150%;font-family:宋体;color:#231815\">叶遥.共青团志愿者管理信息系统设计与实现[D].硕士学位论文，江西财经大学，2015.</span></p><p><br/></p>',370,104,2019,'01'),(19,'<p style=\"line-height:125%\"><strong><span style=\"font-size:16px;line-height:125%;font-family:宋体\">一、课题研究的背景：</span></strong></p><p style=\"text-indent:32px\"><span style=\"font-size:16px;font-family:宋体;background:white\">目前，我国已逐步步入老龄化社会，在广西2016年常住人口中，60周岁及以上人口716万人，占全部人口的14.8%（其中65周岁及以上人口达到481.4万人，占全部人口的10%）。根据国际上划分人口年龄结构类型的标准，广西已进入典型的人口老龄化社会。</span></p><p style=\"text-indent:32px;line-height:125%\"><span style=\"font-size:16px;line-height:125%;font-family: 宋体;background:white\">在老龄化形式下，全面推进居家养老服务是破解我国日趋尖锐的养老服务难题，确实提高广大老年人生活质量的重要出路。</span><span style=\"font-size:16px;line-height:125%;font-family:宋体\">这种服务形式受到国家层面的高度重视，并得到了国家的政策支持。同时，政府部门以及越来越多的服务企业也开始向居家养老服务行业的智能化和信息化建设看齐，并投入资金支持研究。因此，</span><span style=\"font-size:16px;line-height:125%;font-family:宋体\">开发居家养老信息平台，并联合企业、各机构、社区、政府，才能满足老人服务的需求。</span></p><p style=\"line-height:125%\"><strong><span style=\"font-size:16px;line-height:125%;font-family:宋体\">二、课题研究的意义：</span></strong></p><p style=\"text-indent:32px\"><span style=\"font-size:16px;background:white\">1</span><span style=\"font-size:16px;font-family:宋体;background:white\">、社会意义</span></p><p style=\"text-indent:32px\"><span style=\"font-size:16px;font-family:宋体;background:white\">构建</span><span style=\"font-size:16px;font-family:宋体\">连接并整合居家老人、社区、服务商、政府以及社会各个服务单位</span><span style=\"font-size:16px;font-family:宋体\">为</span><span style=\"font-size:16px;font-family:宋体\">一体</span><span style=\"font-size:16px;font-family:宋体\">的智慧养老信息平台</span><span style=\"font-size:16px;font-family: 宋体;background:white\">，满足老年人多层次的养老服务需求，提升老年人的生活质量，构建以满足所有老年人养老服务为目标的，全面提供生活照料、康复护理宗旨的，综合利用全社会资源设施、人才组织为要素，</span><span style=\"font-size:16px;font-family:宋体\">为居家养老服务体系提供信息化的平台支持</span><span style=\"font-size:16px;font-family:宋体;background:white\">。尽力为应对老龄化社会提供可持续的解决方案。</span><span style=\"font-size:16px;font-family:宋体\">实现信息化智能化的虚拟养老院管理模式，能协助政府有效实现服务内容的最优设计、服务过程的控制监督及服务结果的评估管理，从而使政府养老财政投放发挥长效作用，有力促进和谐社区的建设。</span></p><p style=\"text-indent:32px\"><span style=\"font-size:16px;background:white\">2</span><span style=\"font-size:16px;font-family:宋体;background:white\">、经济意义</span></p><p><span style=\"font-size:16px;font-family:宋体;background:white\">着眼于老年人的经济情况和实际需求，兼顾全体老年人的养老需求，充分利用互联网的优势和优化老年人服务组合，为政府部门提供一个致力于养老工作和社区服务管理工作的方法论，通过透明的管理、监督、评估平台，引导专项资金和社会资源合理配置、规范使用，使政府有限的投入惠及更多的老百姓。发展养老服务和社区服务事业，借助养老平台与地方企业合作，扩增值服务，提供老年人日常需要的各种必需品，拉动内需，促进当地经济的快速、稳定发展。</span></p><p><br/></p>','<p><strong><span style=\"font-size:16px;font-family:宋体\">一、研究内容：</span></strong></p><p style=\"text-indent:32px\"><a><span style=\"font-size:16px;font-family:宋体\">本课题主要是研究并设计出基于SSM的面向养老服务平台的管理系统，数据库后台采用MySQL 数据库，在使用JavaEE平台的基础上，使用Spring +Struts2+MyBatis搭建基础框架构建的一个智慧养老信息平台，方便老人得到较为集中的照顾和有序的生活，可以减轻家庭的生活负担，改善老人的护理条件，进而提高老人的生活质量。</span></a></p><p style=\"text-indent:32px\"><span style=\"font-size:16px;font-family:宋体\">1.</span><span style=\"font-size:16px;font-family:宋体\">本平台是基于互联网的智慧养老信息平台，对老人提供的服务主要包括<span style=\"background: white\">康复护理、精神慰藉、日间照料、心理咨询等等。</span></span></p><p style=\"text-indent:32px\"><span style=\"font-size:16px;font-family:宋体\">2.</span><span style=\"font-size:16px;font-family:宋体\">本平台的功能有以下几点：</span><span style=\"font-size:16px;font-family:宋体\"></span></p><p style=\"text-indent:32px\"><span style=\"font-size:16px;font-family:宋体\">1. </span><span style=\"font-size:16px;font-family:宋体\">商家模块：商家入驻平台，申请认证店铺，管理员对店铺进行审核后店铺认证通过。商家就可添加商品。</span></p><p style=\"text-indent:32px\"><span style=\"font-size:16px;font-family:宋体\">2.</span><span style=\"font-size:16px;font-family:宋体\">人员管理模块：对各类人员的信息进行管理。</span></p><p style=\"text-indent:32px\"><span style=\"font-size:16px;font-family:宋体\">3.</span><span style=\"font-size:16px;font-family:宋体\">老人信息模块：记录老人的基本数据以及老人的健康数据。</span></p><p style=\"text-indent:32px\"><span style=\"font-size:16px;font-family:宋体\">4.</span><span style=\"font-size:16px;font-family:宋体\">订单管理模块：快速下单、订单信息、订单评论。用户可选择商品进行下单，可查看订单的基本信息，包括该订单的服务人及服务时长。还可对订单进行评价。</span></p><p style=\"text-indent:32px\"><span style=\"font-size:16px;font-family:宋体\">5.</span><span style=\"font-size:16px;font-family:宋体\">数据统计模块：通过数据反映老人的健康、年龄分布和商家的服务类型及所属社区的商家分布情况，还可通过数据反映每年每月员工的服务次数和服务时长，还可确定到每个商家的员工的服务次数和服务时长。</span></p><p style=\"text-indent:32px\"><span style=\"font-size:16px;font-family:宋体\">6.</span><span style=\"font-size:16px;font-family:宋体\">服务监督模块：能够对给老人服务的员工进行位置监督，通过数据实时反映各类用户量、用户对服务员工的评价以及服务订单的分布情况、本年来每个月的订单数量。</span></p><p style=\"text-indent:32px\"><span style=\"font-size:16px;font-family:宋体\">7.</span><span style=\"font-size:16px;font-family:宋体\">基本数据模块：对各类基本数据的信息进行管理。其中包括老人的客户类型、老人的服务类型及商家添加商品的商品类型。</span></p><p style=\"text-indent:32px\"><span style=\"font-size:16px;font-family:宋体\">8.</span><span style=\"font-size:16px;font-family:宋体\">系统</span><span style=\"font-size:16px;font-family:宋体\">管理模块：系统管理员对系统基本设置与管理。 </span></p><p style=\"line-height:125%\"><strong><span style=\"font-size:16px;line-height:125%;font-family:宋体\">二、拟解</span></strong><strong><span style=\"font-size:16px;line-height: 125%;font-family:宋体\">决的主要问题：</span></strong></p><p style=\"text-indent:32px\"><span style=\"font-size:16px;font-family:宋体\">1.</span><span style=\"font-size:16px;font-family:宋体\">老人数据的导入、导出。</span></p><p style=\"text-indent:32px\"><span style=\"font-size:16px;font-family:宋体\">2.</span><span style=\"font-size:16px;font-family:宋体\">商品和对订单评论的图片的上传和替换。</span></p><p style=\"text-indent:32px\"><span style=\"font-size:16px;font-family:宋体\">3.</span><span style=\"font-size:16px;font-family:宋体\">使用</span><span style=\"font-size:16px;font-family: &#39;Arial&#39;,sans-serif;color:#333333;background:white\">Echarts</span><span style=\"font-size:16px;font-family:宋体;color:#333333;background:white\">来制作数据图表。</span></p><p style=\"text-indent:32px\"><span style=\"font-size:16px;font-family:宋体\">4.</span><span style=\"font-size:16px;font-family:宋体\">员工位置在百度地图上实时显示。</span></p><p><span style=\"font-size:16px;font-family:宋体\">5.</span><span style=\"font-size: 16px;font-family: 宋体;background: white\">SSM(</span><span style=\"font-size:16px;font-family:宋体\">Spring+Struts2+MyBatis</span><span style=\"font-size: 16px;font-family: 宋体;background: white\">)</span><span style=\"font-size: 16px;font-family: 宋体;background: white\">三大框架的整合。</span></p><p><br/></p>','<p style=\"line-height:125%\"><strong><span style=\"font-size:16px;line-height:125%;font-family:宋体\">一、</span></strong><strong><span style=\"font-size: 16px;line-height: 125%;font-family: 宋体\">研究方法：</span></strong></p><p style=\"text-indent:32px\"><span style=\"font-size:16px;font-family:宋体\">本课题的研究方法是：</span><span style=\"font-size:16px;font-family: 宋体\">参照国内现有的系统进行分析并学习。参考各种期刊或论文对这方面的研究。确定课题主要功能及所使用框架及技术。并深入学习，对每个功能每项技术逐一实现和运用，从实践中发现问题并不断测试校验，逐步完善系统。</span></p><p style=\"text-indent: 32px;line-height: 125%\"><strong><span style=\"font-size: 16px;line-height: 125%;font-family: 宋体\">二、研究步骤措施：</span></strong></p><p style=\"text-indent:32px\"><span style=\"font-size:16px;font-family:宋体\">1</span><span style=\"font-size:16px;font-family:宋体\">．了解系统的情况，收集文献与资料。</span></p><p style=\"text-indent:32px\"><span style=\"font-size:16px;font-family:宋体\">2. </span><span style=\"font-size:16px;font-family:宋体\">通过阅读大量的文献与资料，进行详细设计及功能分析。</span></p><p style=\"text-indent:32px\"><span style=\"font-size:16px;font-family:宋体\">3. </span><span style=\"font-size:16px;font-family:宋体\">确定系统的基本功能，完成界面原型。</span></p><p style=\"text-indent:32px\"><span style=\"font-size:16px;font-family:宋体\">4. </span><span style=\"font-size:16px;font-family:宋体\">进行数据库设计。</span></p><p style=\"text-indent:32px\"><span style=\"font-size:16px;font-family:宋体\">5. </span><span style=\"font-size:16px;font-family:宋体\">了解三大框架的使用，完成三大框架的整合</span></p><p style=\"text-indent:32px\"><span style=\"font-size:16px;font-family:宋体\">6. </span><span style=\"font-size:16px;font-family:宋体\">编写代码实现相应功能。</span></p><p style=\"text-indent:32px\"><span style=\"font-size:16px;font-family:宋体\">7. </span><span style=\"font-size:16px;font-family:宋体\">进行反复的测试，解决出现的问题。</span></p><p><span style=\"font-size:16px;font-family:宋体\">8. </span><span style=\"font-size:16px;font-family:宋体\">整理各文档资料，完后论文。</span></p><p><br/></p>','<p><span style=\"font-size:16px;font-family:宋体\">[1] </span><span style=\"font-size: 16px;font-family: 宋体;background: white\">唐凤安. 广西人口老龄化现状及对策研究[D]. 广西大学, 2016.</span></p><p><span style=\"font-size:16px;font-family:宋体\">[2] </span><span style=\"font-size: 16px;font-family: 宋体;background: white\">高亚芹. 社会企业参与居家养老服务问题研究[D]. 陕西师范大学, 2015.</span></p><p><span style=\"font-size:16px;font-family:宋体\">[3]</span> <span style=\"font-size: 16px;font-family: 宋体;background: white\">朱超. 智慧健康服务系统的设计与实现[D]. 电子科技大学, 2015.</span> </p><p><span style=\"font-size:16px;font-family:宋体\">[4]</span> <span style=\"font-size: 16px;font-family: 宋体;background: white\">黄少宽. 国外城市社区居家养老服务的特点[J]. 城市问题, 2013(08):83-88.</span></p><p><span style=\"font-size: 16px;font-family: 宋体;background: white\">[5] </span><span style=\"font-size: 16px;font-family: 宋体;background: white\">安庆, 江博, 吴树森. 智慧居家养老系统设计与实现[J]. 测绘, 2016, 39(5):205-208.</span></p><p><span style=\"font-size: 16px;font-family: 宋体;background: white\">[6] </span><span style=\"font-size: 16px;font-family: 宋体;background: white\">杨秀丽. 政府主导视角下居家养老服务研究[D]. 广西大学, 2014. </span></p><p style=\"line-height:125%\"><span style=\"font-size: 16px;line-height:125%;font-family:宋体\">[7] </span><span style=\"font-size:16px;line-height:125%;font-family:宋体\">文欢欢,刘振宇,吴霖.基于Mybatis和JDBC的分页查询研究[J].电脑知识与技术,2015,11(25):165-167.</span></p><p style=\"line-height:125%\"><span style=\"font-size: 16px;line-height:125%;font-family:宋体\">[8]</span><span style=\"font-size: 16px;line-height: 125%;font-family: 宋体;background: white\"> &nbsp;Mu Y, Yuan X. A unique pattern of one-child family migration in China: The effects of personal features, family endowment and institutional elements[J]. 2017, 6(2):153-165.</span></p><p><br/></p>',315,111,2019,'01'),(20,'<p style=\"text-indent:32px\"><a><strong><span style=\"font-size:16px;font-family:宋体\">课题背景</span></strong></a></p><p style=\"text-indent:32px;line-height:125%\"><span style=\"font-size:16px;line-height:125%;font-family: 宋体\">在“望子成龙，望女成凤”的思想下，父母往往异常关注子女的学习成绩、在校表现和学校及老师的评价，更有甚者以此作为标准评判子女是否优秀。在这种高压下，父母或者学生已不满足于学校一对多的教育方式，希望以学校教育为主，家教为辅，双管齐下，找到让孩子提高学习成绩的有效方法。而大学生作为家教行业的新兴资源，并迅速发展，这其中除了家长及其子女的拉力作用外，大学生本身也具有自愿成为家教兼职的推力。</span></p><p style=\"text-indent:32px;line-height:125%\"><span style=\"font-size:16px;line-height:125%;font-family: 宋体\">家教市场如火如荼，但家教行业现状不容乐观，呈现出了“多、乱、杂”的局面。主要的问题如下所示：</span></p><p style=\"text-indent:32px;line-height:125%\"><span style=\"font-size:16px;line-height:125%;font-family:宋体\">1.</span><span style=\"font-size:16px;line-height:125%;font-family:宋体\">大学生家教市场信息闭塞，大学生寻找家教兼职途径单一。</span></p><p style=\"text-indent:32px;line-height:125%\"><span style=\"font-size:16px;line-height:125%;font-family:宋体\">2.</span><span style=\"font-size:16px;line-height:125%;font-family:宋体\">大学生家教教学质量良莠不齐，缺乏有效评价机制。</span></p><p style=\"text-indent:32px;line-height:125%\"><span style=\"font-size:16px;line-height:125%;font-family:宋体\">3.</span><span style=\"font-size:16px;line-height:125%;font-family:宋体\">学生家长信用缺乏监管，大学生权益难以有效保障。</span></p><p style=\"text-indent:32px;line-height:125%\"><span style=\"font-size:16px;line-height:125%;font-family:宋体\">4.</span><span style=\"font-size:16px;line-height:125%;font-family:宋体\">大学生轻易相信陌生人，个人信息容易泄露。</span></p><p style=\"text-indent:32px;line-height:125%\"><span style=\"font-size:16px;line-height:125%;font-family:宋体\">5.</span><span style=\"font-size:16px;line-height:125%;font-family:宋体\">大学生家教市场不乏“黑中介”，大学生面临财产安全问题。</span></p><p style=\"text-indent:32px\"><strong><span style=\"font-size:16px;font-family:宋体\">课题意义</span></strong></p><p style=\"text-indent:32px;line-height:125%\"><span style=\"font-size:16px;line-height:125%;font-family: 宋体\">构建学而优家教网，即创建一个属于大学生自己的家教信息共享平台，通过家长与大学生之间的信息共享，可以大大提高家教市场的匹配效率。此外，通过学员库、教员库的实时数据显示及双方的评价机制，可以有效的对家长和大学生双方进行口碑监督，从而促进大学生家教市场的良性发展。这样既保障了大学生的兼职权益，又能为家长提供一个公开透明，数据化、可视化的家教市场。</span></p><p><br/></p>','<p><strong><span style=\"font-size:16px;font-family:宋体\">研究内容：</span></strong></p><p style=\"text-indent:32px;line-height:125%\"><span style=\"font-size:16px;line-height:125%;font-family: 宋体\">本课题研究内容分为以下8个方面:</span></p><p style=\"margin-left:32px;line-height:125%\"><span style=\"font-size:16px;line-height:125%;font-family:宋体\">1.</span><span style=\"font-size:16px;line-height:125%;font-family:宋体\">研究目前大学生家教市场和过程中的问题以及这些问题的相关性；</span></p><p style=\"margin-left:32px;line-height:125%\"><span style=\"font-size:16px;line-height:125%;font-family:宋体\">2.</span><span style=\"font-size:16px;line-height:125%;font-family:宋体\">根据分析的问题探讨一种适合目前大学生家教的管理流程；</span></p><p style=\"margin-left:32px;line-height:125%\"><span style=\"font-size:16px;line-height:125%;font-family:宋体\">3.</span><span style=\"font-size:16px;line-height:125%;font-family:宋体\">根据研究的管理流程设计家教信息平台；</span></p><p style=\"margin-left:32px;line-height:125%\"><span style=\"font-size:16px;line-height:125%;font-family:宋体\">讨论家教信息平台中的身份认证机制，比较现有流行的几种身份认证方式和方法，并研究其特点和各自优势；</span></p><p style=\"margin-left:32px;line-height:125%\"><span style=\"font-size:16px;line-height:125%;font-family:宋体\">4.</span><span style=\"font-size:16px;line-height:125%;font-family:宋体\">将适合家教平台的OTP身份认证机制应用到该平台。</span></p><p style=\"margin-left:32px;line-height:125%\"><span style=\"font-size:16px;line-height:125%;font-family:宋体\">5.</span><span style=\"font-size:16px;line-height:125%;font-family:宋体\">家教老师的注册登记。</span></p><p style=\"margin-left:32px;line-height:125%\"><span style=\"font-size:16px;line-height:125%;font-family:宋体\">6.</span><span style=\"font-size:16px;line-height:125%;font-family:宋体\">家长发布家教需求。</span></p><p style=\"margin-left:32px;line-height:125%\"><span style=\"font-size:16px;line-height:125%;font-family:宋体\">7.</span><span style=\"font-size:16px;line-height:125%;font-family:宋体\">家教地点LBS定位。</span></p><p style=\"margin-left:32px;line-height:125%\"><span style=\"font-size:16px;line-height:125%;font-family:宋体\">8.</span><span style=\"font-size:16px;line-height:125%;font-family:宋体\">教员库、学员库的筛选管理。</span></p><p><span style=\"font-size:16px;font-family:宋体\">&nbsp;</span></p><p><span style=\"font-size:16px;font-family:宋体\">&nbsp;</span></p><p><strong><span style=\"font-size:16px;font-family:宋体\">拟解决的主要问题：</span></strong></p><p style=\"text-indent:32px;line-height:125%\"><span style=\"font-size:16px;line-height:125%;font-family: 宋体\">拟解决的主要问题主要分为以下4点：</span></p><p style=\"margin-left:32px;line-height:125%\"><span style=\"font-size:16px;line-height:125%;font-family:宋体\">1.</span><span style=\"font-size:16px;line-height:125%;font-family:宋体\">分析和讨论目前大学生家教所面临的问题和困境并根据所调研的内容构建合适的管理流程；</span></p><p style=\"margin-left:32px;line-height:125%\"><span style=\"font-size:16px;line-height:125%;font-family:宋体\">2.</span><span style=\"font-size:16px;line-height:125%;font-family:宋体\">根据管理流程构架学而优家教网信息管理平台。</span></p><p style=\"margin-left:32px;line-height:125%\"><span style=\"font-size:16px;line-height:125%;font-family:宋体\">3.</span><span style=\"font-size:16px;line-height:125%;font-family:宋体\">将OTP身份认证应用到平台中。</span></p><p style=\"margin-left:32px;line-height:125%\"><span style=\"font-size:16px;line-height:125%;font-family:宋体\">4.</span><span style=\"font-size:16px;line-height:125%;font-family:宋体\">在平台中结合LBS定位、家教需求双方的双向选择、家教管理流程实现以及相关信息发布等功能的实现。</span></p><p><br/></p>','<p><strong><span style=\"font-size:16px;font-family:宋体\">研究方法：</span></strong></p><p style=\"text-indent:32px;line-height:125%\"><span style=\"font-size:16px;line-height:125%;font-family:宋体\">1.</span><span style=\"font-size:16px;line-height:125%;font-family:宋体\">收集相关OTP技术的文献资料，为构建系统主要模块做资料参考。</span></p><p style=\"text-indent:32px;line-height:125%\"><span style=\"font-size:16px;line-height:125%;font-family:宋体\">2.</span><span style=\"font-size:16px;line-height:125%;font-family:宋体\">进行系统的后台信息管理的设计与开发。</span></p><p style=\"text-indent:32px;line-height:125%\"><span style=\"font-size:16px;line-height:125%;font-family:宋体\">3.</span><span style=\"font-size:16px;line-height:125%;font-family:宋体\">动手设计并实现前台业务功能。</span></p><p style=\"text-indent:32px;line-height:125%\"><span style=\"font-size:16px;line-height:125%;font-family:宋体\">4.</span><span style=\"font-size:16px;line-height:125%;font-family:宋体\">测试前台各项功能及后台信息管理功能，并加以修改和完善，完成研究内容。</span></p><p style=\"text-indent:32px;line-height:125%\"><span style=\"font-size:16px;line-height:125%;font-family:宋体\">&nbsp;</span></p><p style=\"text-indent:32px;line-height:125%\"><span style=\"font-size:16px;line-height:125%;font-family:宋体\">&nbsp;</span></p><p><strong><span style=\"font-size:16px;font-family:宋体\">步骤及措施：</span></strong></p><p style=\"margin-left:48px;line-height:125%\"><span style=\"font-size:16px;line-height:125%;font-family:宋体\">1.</span><span style=\"font-size:16px;line-height:125%;font-family:宋体\">阅读相关资料，了解相关技术信息，进行论文可行性的评估。</span></p><p style=\"text-indent:32px;line-height:125%\"><span style=\"font-size:16px;line-height:125%;font-family:宋体\">2.</span><span style=\"font-size:16px;line-height:125%;font-family:宋体\">确定研究课题，拟写开题报告及论文大纲。</span></p><p style=\"margin-left:48px;line-height:125%\"><span style=\"font-size:16px;line-height:125%;font-family:宋体\">3.</span><span style=\"font-size:16px;line-height:125%;font-family:宋体\">仔细分析OTP技术在的现代应用信息系统中的应用前景和实用价值，并开始整理论文。</span></p><p style=\"text-indent:32px;line-height:125%\"><span style=\"font-size:16px;line-height:125%;font-family:宋体\">4.</span><span style=\"font-size:16px;line-height:125%;font-family:宋体\">进行系统详细设计以及数据库设计。</span></p><p style=\"text-indent:32px;line-height:125%\"><span style=\"font-size:16px;line-height:125%;font-family:宋体\">5.</span><span style=\"font-size:16px;line-height:125%;font-family:宋体\">根据设计文档编码实现系统业务的逻辑功能。</span></p><p><span style=\"font-size:16px;font-family:宋体\">6.</span><span style=\"font-size:16px;font-family:宋体\">对系统进行测试和优化，整理系统相关文档，完成论文。</span></p><p><br/></p>','<p><span style=\";font-family:宋体\">[1]</span><span style=\";font-family: 宋体\">刘成.LBS定位技术研究与发展现状[J].导航定位学报,2013,1(01):78-83.</span></p><p style=\"text-indent:14px\"><span style=\";font-family:宋体\">[2017-09-15].DOI</span><span style=\";font-family:宋体\">：10.16547/j.cnki.10-1096.2013.01.002.</span></p><p><span style=\";font-family:宋体\">[2]</span><span style=\";font-family: 宋体\">施人铜. 基于jQuery的Web前端组件开发研究与应用[D].东南大学,2015. </span></p><p><span style=\";font-family:宋体\">[3]</span><span style=\";font-family: 宋体\">李军伟,韩敬. 一种改进的OTP身份认证算法分析与实现[J/OL]. 新乡学院学报,2014.</span></p><p><span style=\";font-family:宋体\">[4]</span><span style=\";font-family: 宋体\">周玲余. 基于jQuery框架的页面前端特效的设计与实现[J]. 计算机与现代化,2013.</span></p><p><span style=\";font-family:宋体\">[5]</span><span style=\";font-family: 宋体\">翟高粤. 基于J2EE技术的SSH框架的改进及应用[J]. 计算机时代,2012.</span></p><p><span style=\";font-family:宋体\">[6]</span><span style=\";font-family: 宋体\">曹阳. 基于OTP认证方式的云计算安全身份认证[J/OL]. 宜宾学院学报,2012.</span></p><p><span style=\";font-family:宋体\">[7]</span><span style=\";font-family: 宋体\">徐曼纯,王妙凤. 大学生家教现状及问题分析[J]. 人才资源开发,2017,(06):</span></p><p style=\"text-indent:14px\"><span style=\";font-family:宋体\">142-143. [2017-09-15]. DOI</span><span style=\";font-family: 宋体\">：10.19424/j.cnki.41-1372/d.2017.06.085.</span></p><p><span style=\";font-family:宋体\">[8]Zong Fu Zhang,Wen Da Xie. The Improvements of OTP Authentication </span></p><p><span style=\";font-family:宋体\">Technology in the FTP Proxy Server Applications[J]. Applied Mechanics and </span></p><p><span style=\"font-size:14px;font-family:宋体\">Materials,2013,2171(263):.</span></p><p><br/></p>',314,111,2019,'01'),(21,'<p style=\"margin-left:0;text-indent:0;line-height:24px\"><span style=\"font-size:16px\">一、</span><span style=\"font-size:16px;font-family:宋体\">背景</span></p><p style=\"text-indent:32px;line-height:24px\"><span style=\"font-size:16px;font-family:宋体\">据调查，目前梧州学院还没有对毕业设计相关材料进行统一归档以及毕业设计过程统一管理的信息系统，在此情况下对毕业设计的管理带来如下问题：</span></p><p style=\"text-indent:32px;line-height:24px\"><span style=\"font-size:16px\">1</span><span style=\"font-size:16px;font-family: 宋体\">、毕业设计学生选题盲目</span></p><p style=\"text-indent:32px;line-height:24px\"><span style=\"font-size:16px;font-family:宋体\">在目前，毕业班学生在选择毕业设计指导老师时仅仅根据与老师的熟悉程度来选择教师，无法了解教师的专业背景和专业特长，也无法根据自身的知识能力和将来想要从事的方向来选择毕业设计指导老师；</span></p><p style=\"text-indent:32px;line-height:24px\"><span style=\"font-size:16px\">2</span><span style=\"font-size:16px;font-family: 宋体\">、毕业设计过程管理较为混乱</span></p><p style=\"text-indent:32px;line-height:24px\"><span style=\"font-size:16px;font-family:宋体\">据了解，以信电学院为例，毕业设计从学生与指导老师双向选择、毕业设计开题、毕业设计过程监控、毕业论文撰写、论文评阅、答辩到资料收集管理较为混乱，教师花费大量的时间在毕业设计过程管理、文档催交和文档归档上，学生在毕业设计过程中也无所适从，毕业后不提交文档资料就离校使得指导老师无法收集相关文档归档，虽然花费了大量的时间来进行毕业设计管理但始终效果不佳；</span></p><p style=\"text-indent:32px;line-height:24px\"><span style=\"font-size:16px\">3</span><span style=\"font-size:16px;font-family: 宋体\">、毕业设计文档格式不规范</span></p><p style=\"text-indent:32px;line-height:24px\"><span style=\"font-size:16px;font-family:宋体\">毕业设计过程中涉及到相当多的文档，如任务书、开题报告、评阅人评阅、评阅分数，小组答辩过程记录、毕业论文、查重报告、承诺书等等，这些由学生或老师填写，填写时字体规范、教师姓名、教师职称等等都存在相当多的错误，即使上交归档后仍然无法全部得到改正；</span></p><p style=\"text-indent:32px;line-height:24px\"><span style=\"font-size:16px\">4</span><span style=\"font-size:16px;font-family: 宋体\">、毕业设计无法有效统计</span></p><p style=\"text-indent:32px;line-height:24px\"><span style=\"font-size:16px;font-family:宋体\">毕业设计完成后，无法或者较难统计毕业设计课题类型比例、成绩等级分类、教师工作量统计等相关统计；</span></p><p style=\"line-height:24px\"><span style=\"font-size:16px\">&nbsp;&nbsp;&nbsp; </span><span style=\"font-size:16px;font-family:宋体\">因此，毕业设计管理系统的设计有助于解决我院在毕业设计过程中存在的问题，能有效解决毕业设计过程管理以及毕业设计材料归档</span></p><p style=\"margin-left:0;text-indent:0;line-height:24px\"><span style=\"font-size:16px\">二、</span><span style=\"font-size:16px;font-family:宋体\">意义</span></p><p style=\"line-height:24px\"><span style=\"font-size:16px\">&nbsp; &nbsp;</span><span style=\"font-size:16px;font-family:宋体\">通过对该系统的设计，将极大程度解决我院毕业设计过程管理的问题，具体意义如下：</span></p><p style=\"line-height:24px\"><span style=\"font-size:16px\">&nbsp;&nbsp;&nbsp; 1</span><span style=\"font-size:16px;font-family:宋体\">、规范我院毕业设计管理</span></p><p style=\"text-indent:32px;line-height:24px\"><span style=\"font-size:16px;font-family:宋体\">通过该课题的设计与实施，将毕业设计管理过程信息化，极大减少了毕业设计管理的工作难度，使得每个学生的毕业设计过程清晰明了，毕业设计档案清楚完整；</span></p><p style=\"text-indent:32px;line-height:24px\"><span style=\"font-size:16px\">2</span><span style=\"font-size:16px;font-family: 宋体\">、减轻毕业设计指导教师的工作压力</span></p><p style=\"text-indent:32px;line-height:24px\"><span style=\"font-size:16px;font-family:宋体\">该课题通过信息化手段规范了毕业设计过程中的各个环节，并规定每个环节的完成截止时间，并环环相扣，规范了学生毕业设计完成过程，论文评阅等环节能在系统中直接评阅，系统保持学生毕业设计完整档案，极大减轻毕业设计指导教师压力</span></p><p style=\"text-indent:32px;line-height:24px\"><span style=\"font-size:16px\">3</span><span style=\"font-size:16px;font-family: 宋体\">、规范学生毕业设计行为</span></p><p style=\"text-indent:32px;line-height:24px\"><span style=\"font-size:16px;font-family:宋体\">学生在毕业设计过程中，因教师工作压力大，学生毕业设计过程不认真和不关注，导致毕业设计过程中学生懒散行为时有发生，通过该系统实施，规范每个毕业设计环节的工作任务和与教师的关联关系，规范学生毕业设计行为。</span></p><p><span style=\"font-size:16px;font-family:宋体\">综上，随着我院学生人数的增加，毕业设计管理系统设计极为必要，也极为紧迫。</span></p><p><br/></p>','<p style=\"margin-left:0;text-indent:0;line-height:24px\"><span style=\"font-size:16px\">一、</span><span style=\"font-size:16px;font-family:宋体\">研究内容</span><span style=\"font-size:16px\"><br/> &nbsp; &nbsp;&nbsp;</span><span style=\"font-size:16px;font-family:宋体\">本课题以梧州学院毕业设计管理流程为参考，按照软件工程规范，设计开发满足</span><span style=\"font-size:16px;font-family:宋体\">梧州学院毕业设计管理实际要求的毕业设计管理系统。</span><span style=\"font-size:16px;font-family:宋体\">毕业设计管理系统基于</span><span style=\"font-size:16px\">MVC</span><span style=\"font-size:16px;font-family: 宋体\">软件设计思想</span><span style=\"font-size:16px\">,</span><span style=\"font-size:16px;font-family:宋体\">采用的开发技术是目前主流的框架技术</span><span style=\"font-size: 16px\">(Struts2+Spring3.x+Hibernate4.x)</span><span style=\"font-size:16px;font-family:宋体\">。主要的研究内容如下：</span></p><p style=\"text-indent:32px;line-height:24px\"><span style=\"font-size:16px;font-family:宋体\">1</span><span style=\"font-size:16px;font-family:宋体\">、确定毕业设计指导教师，充分考虑学生的专业、专业培养目标、教师课题方向、所属领域、教师研究方向，规范学生选题；</span></p><p style=\"text-indent:32px;line-height:24px\"><span style=\"font-size:16px;font-family:宋体\">2</span><span style=\"font-size:16px;font-family:宋体\">、未确定毕业设计指导教师学生的自动分配问题，分配时也需考虑学生专业和教师研究方向；</span></p><p style=\"text-indent: 32px;line-height: 24px\"><span style=\"font-size:16px;font-family:宋体\">3</span><span style=\"font-size:16px;font-family:宋体\">、毕业设计过程管理流程，</span><span style=\"font-size:16px;font-family:宋体\">按阶段分解毕业设计过程；</span></p><p style=\"text-indent: 32px;line-height: 24px\"><span style=\"font-size:16px;font-family:宋体\">4</span><span style=\"font-size:16px;font-family:宋体\">、毕业设计选题过程管理，从教师给出课题方向到学生拟题到教师最终确定论文题目的交互过程；</span></p><p style=\"text-indent:32px;line-height:24px\"><span style=\"font-size:16px;font-family:宋体\">5</span><span style=\"font-size:16px;font-family:宋体\">、毕业设计开题答辩、评阅、毕业答辩及大组答辩过程管理，包括答辩学生自动分组的互斥问题，自动分配评阅教师时互斥以及工作量问题等；</span></p><p style=\"text-indent:32px;line-height:24px\"><span style=\"font-size:16px\">&nbsp;</span></p><p style=\"margin-left:0;text-indent:0;line-height:24px\"><span style=\"font-size:16px\">二、</span><span style=\"font-size:16px;font-family:宋体\">拟解决的主要问题</span></p><p style=\"text-indent:32px;line-height:24px\"><span style=\"font-size:16px\">1</span><span style=\"font-size:16px;font-family: 宋体\">、毕业设计选题过程设计和选题时学生专业、教师专业等方面的参数分析以及选题时双向选择算法设计；</span></p><p style=\"text-indent:32px;line-height:24px\"><span style=\"font-size:16px\">2</span><span style=\"font-size:16px;font-family: 宋体\">、教师分组和教师分组过程中组长、成员和记录员设定，学生答辩分组的算法设计；</span></p><p style=\"text-indent:32px;line-height:24px\"><span style=\"font-size:16px\">3</span><span style=\"font-size:16px;font-family: 宋体\">、规范毕业设计过程管理流程，按阶段分解毕业设计过程；</span></p><p style=\"text-indent:32px;line-height:24px\"><span style=\"font-size:16px\">4</span><span style=\"font-size:16px;font-family: 宋体\">、学生各阶段完成进度的预警；</span></p><p><span style=\"font-size:16px;font-family:&#39;Times New Roman&#39;,serif\">5</span><span style=\"font-size:16px;font-family:宋体\">、毕业设计过程文档、毕业论文、承诺书和毕业设计作品自动归档以及规定的统计报表，如成绩统计、毕业设计课题方向统计、毕业设计类型分类统计等相关报表工作。</span></p><p><br/></p>','<p style=\"margin-left:0;text-indent:0;line-height:24px\"><span style=\"font-size: 16px;font-family: 宋体\">一、</span><span style=\"font-size: 16px;font-family: 宋体\">研究方法</span></p><p style=\"text-indent: 24px;line-height: 125%\"><span style=\"font-size: 16px;line-height:125%;font-family:宋体\">1</span><span style=\"font-size:16px;line-height:125%;font-family:宋体\">、实地调研；</span></p><p style=\"text-indent: 24px;line-height: 125%\"><span style=\"font-size: 16px;line-height:125%;font-family:宋体\">2</span><span style=\"font-size:16px;line-height:125%;font-family:宋体\">、查阅文献资料。</span></p><p style=\"line-height:110%\"><span style=\"font-size: 16px;line-height: 110%;font-family: 宋体\">二、</span><span style=\"font-size: 16px;line-height:110%;font-family:宋体\">研究步骤及措施</span></p><p style=\"line-height:24px\"><span style=\"font-size: 16px;font-family: 宋体\">&nbsp;&nbsp; 1.</span><span style=\"font-size: 16px;font-family: 宋体\">通过查阅资料、方案和相关文献，初步了解课题的开发方向和研究现状； </span></p><p style=\"line-height:24px\"><span style=\"font-size: 16px;font-family: 宋体\">&nbsp;&nbsp; 2.</span><span style=\"font-size: 16px;font-family: 宋体\">搜索国内国外相关毕业设计管理系统进行参考；</span></p><p style=\"line-height:24px\"><span style=\"font-size: 16px;font-family: 宋体\">&nbsp;&nbsp; 3.</span><span style=\"font-size:16px;font-family:宋体\">对课题研究进行可行性分析，确定研究课题；</span></p><p style=\"line-height:24px\"><span style=\"font-size:16px;font-family:宋体\">&nbsp;&nbsp; 4.</span><span style=\"font-size: 16px;font-family: 宋体\">对研究的课题进行需求分析，确定课题主要功能，初步画出功能模块图；</span></p><p style=\"line-height:24px\"><span style=\"font-size: 16px;font-family: 宋体\">&nbsp;&nbsp; 5.</span><span style=\"font-size: 16px;font-family: 宋体\">对系统的每一个模块进行详细设计；</span></p><p style=\"line-height:24px\"><span style=\"font-size: 16px;font-family: 宋体\">&nbsp;&nbsp; 6.</span><span style=\"font-size: 16px;font-family: 宋体\">完成相关功能的代码编写，实现主要功能 ；</span></p><p><span style=\"font-size: 16px;font-family: 宋体\">&nbsp;&nbsp; 7.</span><span style=\"font-size: 16px;font-family: 宋体\">经过反复测试修改，完善系统的各个细节，并完成论文。</span></p><p><br/></p>','<p style=\"margin-left: 32px\"><span style=\"font-size:16px;font-family:宋体\">[1]</span><span style=\"font-size:16px;font-family:宋体\">施阳,张海燕,戴德伟. 基于JavaEE的毕业设计管理系统设计与实现[J/OL]. 软件导刊,2015,14(02):86-88. </span></p><p style=\"margin-left:32px\"><span style=\"font-size:16px;font-family:宋体\">[2]</span><span style=\"font-size:16px;font-family:宋体\">程永青. 南京电大毕业设计(论文)管理系统的设计与实现[J/OL]. 电子技术与软件工程,2016,(24):66-67.</span></p><p style=\"margin-left: 32px\"><span style=\"font-size:16px;font-family:宋体\">[3]</span><span style=\"font-size:16px;font-family:宋体\">夏松竹. 高校本科毕业设计一体化教学管理系统的设计与实现[J]. 计算机教育,2008,(11):60-62.</span></p><p style=\"line-height:125%\"><span style=\"font-size: 16px;line-height:125%;font-family:宋体\">[4]</span><span style=\"font-size:16px;line-height:125%;font-family:宋体\">孙玉宝.高校毕业设计存在问题及对策研究[J].现代企业教育，2014.</span></p><p style=\"margin-left:32px\"><span style=\"font-size:16px;font-family:宋体\">[5]</span><span style=\"font-size:16px;font-family:宋体\">成志荣. 学生毕业设计工作智能管理系统的设计与实现[D].电子科技大学,2014.</span></p><p style=\"margin-left: 32px\"><span style=\"font-size:16px;font-family:宋体\">[6]</span><span style=\"font-size:16px;font-family:宋体\">郑鸿英. 毕业设计管理系统的开发与实现[D].华东师范大学,2011.</span></p><p><span style=\"font-size:16px;font-family:宋体\">[7]</span><span style=\"font-size:16px;font-family:宋体\">陈宇航. 深圳大学本科生毕业设计管理系统的设计与实现[D].山东大学,2014.</span></p><p><span style=\"font-size:16px;font-family:宋体\">[8]</span><span style=\"font-size:16px;font-family:宋体\">孙玉宝.高校毕业设计存在问题及对策研究[J].现代企业教育,2014.</span></p><p><br/></p>',324,118,2019,'01'),(22,'<p style=\"line-height:125%\"><strong><span style=\";line-height:125%;font-family:宋体\">课题研究的背景：</span></strong></p><p style=\"margin-top:3px;text-indent:32px;line-height:125%\"><span style=\"font-size:16px;line-height:125%;font-family:宋体\">大数据时代的到来让网络在大学生的生活中所占比重越来越多，传统的信息传播媒体电视、广播、报纸已经不再是人们茶余饭后的主要精神甜点，人们更多的开始关注网络新闻。新闻网迅速发展起来，它内容丰富，涉及到商业、工业、农业、银行、财政、教育、娱乐、信息等各个产业，信息量大，不仅有实事新闻，还有相关的行业信息，同时新闻网具有互联网所具备的一切特性。在全球网络化、信息化的今天，新闻网迅速发展，大大地丰富了人们的生活，不知不觉中，它已经成为人们生活中不可或缺的重要组成部分；</span></p><p style=\"margin-top:3px;line-height:125%\"><strong><span style=\";line-height:125%;font-family:宋体\">课题研究的意义：</span></strong></p><p><span style=\"font-size:16px;font-family:宋体\">让我们学校的同学们有一个了解校内实时新闻的平台，然后把学校官网上面传播的思想及时反馈给同学们，加强学校与同学们之间的联系；该系统为同学们了解校训，了解各大高校的精神提供了最方便的信息渠道。</span></p><p><br/></p>','<p style=\"margin-top:8px;line-height: 130%\"><span style=\"font-size: 16px;line-height: 130%;font-family: 宋体\">一、研究内容</span></p><p style=\"margin-top:8px;text-indent: 32px;line-height:110%\"><a><span style=\"font-size:16px;line-height:110%;font-family:宋体\">1.</span></a><span style=\"font-size:16px;line-height:110%;font-family:宋体\">本课题主要是研究并设计出基于SSH框架技术校内论坛的设计与实现，数据库后台采用MySQL 数据库，在使用JavaEE平台的基础上，使用Spring+Struts2+Hibernate搭建基础框架,前端使用JSP技术；</span></p><p style=\"margin-top:8px;text-indent: 32px;line-height:110%\"><span style=\"font-size:16px;line-height:110%;font-family:宋体\">2.</span><span style=\"font-size:16px;line-height:110%;font-family:宋体\">本系统是通过登录浏览发布的新闻能够加强学生们与学校之间的联系，更进一个深度的了解学校的校训以及全校师生的共同追求需要我们在校大学生为学校做的事情，以及学校为我们在校大学生所做的一切努力；</span></p><p style=\"margin-top:8px;text-indent: 32px;line-height:110%\"><span style=\"font-size:16px;line-height:110%;font-family:宋体\">3.</span><span style=\"font-size:16px;line-height:110%;font-family:宋体\">本论坛的主要功能有：</span></p><p style=\"margin-top:8px;text-indent: 32px;line-height:110%\"><span style=\"font-size:16px;line-height:110%;font-family:宋体\">①： 查看新闻功能：:任何用户均可以使用查看新闻功能。查看新闻功能在首页显示最新新闻，用户点击感兴趣的文章标题后即可查看新闻的详细内容，可以点击新闻的类别进入分类列表。</span></p><p style=\"margin-top:8px;text-indent: 32px;line-height:110%\"><span style=\"font-size:16px;line-height:110%;font-family:宋体\">②： 站内新闻查找功能：任何用户均可以使用新闻搜索功能。在新闻查看页面上，用户可以通过在搜索输入框内输入想要查找的内容，然后点击查询按钮，即可查询出与用户输入的关键内容相符合的记录。查询结果同样以分页的方式显示。</span></p><p style=\"margin-top:8px;text-indent: 32px;line-height:110%\"><span style=\"font-size:16px;line-height:110%;font-family:宋体\">③：统计某新闻的点击数量：通过计数器统计实时新闻点击数；</span></p><p style=\"margin-top:8px;text-indent: 32px;line-height:110%\"><span style=\"font-size:16px;line-height:110%;font-family:宋体\">④：用户注册登陆及找回密码功能：注册用户然后实现登陆，其次还增加了用SMTP协议找回密码一系列登陆功能的实现；</span></p><p style=\"margin-top:8px;text-indent: 32px;line-height:110%\"><span style=\"font-size:16px;line-height:110%;font-family:宋体\">⑤：新闻发布功能：用户通过在系统菜单栏上单击“添加新闻”项可以进入发布新闻页面。发布新闻时，需要填写新闻的标题和内容，发布时间取当前系统时间，不需要用户填写。</span></p><p style=\"margin-top:8px;text-indent: 32px;line-height:110%\"><span style=\"font-size:16px;line-height:110%;font-family:宋体\">⑥：修改删除已发布新闻的功能：用户通过在系统菜单栏上单击“修改新闻”按钮可以进入新闻修改页面，单击“删除新闻”按钮则会删除该新闻；（另外此处有判断，如果你是管理员或者是该新闻的发布人的话才能对该新闻进行修改或者删除）。修改新闻时，该页面会出现已有内容然后在进行修改，然后保存；</span></p><p style=\"margin-top:8px;text-indent: 32px;line-height:110%\"><span style=\"font-size:16px;line-height:110%;font-family:宋体\">⑦：无重复登录功能：当用户已经登陆之后再进行登陆的用拦截器拦截，让用户无法重复登录；</span></p><p style=\"margin-top:8px;text-indent: 32px;line-height:110%\"><span style=\"font-size:16px;line-height:110%;font-family:宋体\">⑧：统计并显示在线人数及强制退出功能：当管理员登录后，点击“显示在线人数”按钮后会跳转到显示页面，然后可以强制某用户下线；</span></p><p style=\"margin-top:8px;line-height: 110%\"><strong><span style=\";line-height:110%;font-family:宋体\">拟解决的主要问题：</span></strong></p><p style=\"margin-top:8px;margin-right:0;margin-bottom:0;margin-left:0;margin-bottom:0;text-indent:32px;line-height:110%\"><span style=\"font-size:16px;line-height:110%\">1.</span><span style=\"font-size:16px;line-height:110%\">DIV+CSS</span><span style=\"font-size: 16px;line-height:110%;font-family:宋体\">样式的合理布局；</span></p><p style=\"margin-top:8px;margin-right:0;margin-bottom:0;margin-left:0;margin-bottom:0;text-indent:32px;line-height:110%\"><span style=\"font-size:16px;line-height:110%\">2.</span><span style=\"font-size:16px;line-height:110%;font-family:&#39;Arial&#39;,sans-serif;color:#333333;background:white\">JavaScript</span><span style=\"font-size:16px;line-height:110%;font-family:宋体;color:#333333;background:white\">框架</span><span style=\"font-size:16px;line-height:110%;font-family:&#39;Arial&#39;,sans-serif;color:#333333;background:white\">jQuery</span><span style=\"font-size:16px;line-height:110%;font-family:宋体;color:#333333;background:white\">技术事件处理、动画设计和</span><span style=\"font-size:16px;line-height:110%;font-family:&#39;Arial&#39;,sans-serif;color:#333333;background:white\">Ajax</span><span style=\"font-size:16px;line-height:110%;font-family:宋体;color:#333333;background:white\">交互</span><span style=\"font-size:16px;line-height:110%;font-family:宋体\">实现局部无刷新动态变化优化网页加载速度的具体实现过程；</span></p><p style=\"margin-top:8px;margin-right:0;margin-bottom:0;margin-left:0;margin-bottom:0;text-indent:32px;line-height:110%\"><span style=\"font-size:16px;line-height:110%\">3.</span><span style=\"font-size:16px;line-height:110%\">SSH</span><span style=\"font-size: 16px;line-height:110%;font-family:宋体\">框架技术的整合；</span></p><p><span style=\"font-size:16px;font-family:宋体\">管理员权限的实现；</span></p><p><br/></p>','<p style=\"line-height:110%\"><span style=\"font-size:16px;line-height:110%;font-family:宋体\">一、研究方法</span></p><p style=\"text-indent:24px;line-height:110%\"><span style=\"font-size:16px;line-height:110%;font-family:宋体\">1</span><span style=\"font-size:16px;line-height:110%;font-family:宋体\">．</span><span style=\"font-size:16px;line-height:110%;font-family:宋体\">文献研究法：查找有关文献资料，为该系统的设计提供更多的理论根据。</span></p><p style=\"text-indent:24px;line-height:110%\"><span style=\"font-size:16px;line-height:110%;font-family:宋体\">2</span><span style=\"font-size:16px;line-height:110%;font-family:宋体\">．</span><span style=\"font-size:16px;line-height:110%;font-family:宋体\">行动研究法：尽自己能力动手设计，并完成研究内容。</span></p><p style=\"text-indent:24px;line-height:110%\"><span style=\"font-size:16px;line-height:110%;font-family:宋体\">3.</span> <span style=\"font-size:16px;line-height:110%;font-family:宋体\">测试研究法：测试完成的作品，并加以修改和完善。</span></p><p style=\"line-height:110%\"><span style=\"font-size:16px;line-height:110%;font-family:宋体\">二、研究步骤及措施</span></p><p style=\"text-indent:24px;line-height:110%\"><span style=\"font-size:16px;line-height:110%;font-family:宋体\">1</span><span style=\"font-size:16px;line-height:110%;font-family:宋体\">．通过阅读大量的文献与资料，得到一些相应的理论知识和设计方法。</span></p><p style=\"text-indent:24px;line-height:110%\"><span style=\"font-size:16px;line-height:110%;font-family:宋体\">2</span><span style=\"font-size:16px;line-height:110%;font-family:宋体\">．进行详细设计及功能分析，完成相关功能模块图，确定系统的基本功能。</span></p><p style=\"text-indent:24px;line-height:110%\"><span style=\"font-size:16px;line-height:110%;font-family:宋体\">3</span><span style=\"font-size:16px;line-height:110%;font-family:宋体\">．完成相关功能的代码编写，融合美工及布局，逐步完善系统内容。</span></p><p><span style=\"font-size:16px;font-family:宋体\">4</span><span style=\"font-size:16px;font-family:宋体\">．经过反复的测试修改，完成系统设计与实现，最终完成论文。</span></p><p><br/></p>','<p style=\"line-height: 125%\"><span style=\"font-size:16px;line-height:125%;font-family:宋体\">[1]</span><span style=\"font-size:16px;line-height:125%;font-family:宋体\">高飞 MySQL入门经典[M]，机械工业出版社出版社，2013 </span></p><p style=\"line-height: 125%\"><span style=\"font-size:16px;line-height:125%;font-family:宋体\">[2] </span><span style=\"font-size:16px;line-height:125%;font-family:宋体\">孙卫琴&nbsp; 精通struts[M]电子工业出版社 2004年8月 50-70</span></p><p style=\"line-height: 125%\"><span style=\"font-size:16px;line-height:125%;font-family:宋体\">[3] </span><span style=\"font-size:16px;line-height:125%;font-family:宋体\">孙卫琴&nbsp; 精通hibernate[M]电子工业出版社 2005年4月 100-120</span></p><p style=\"line-height: 125%\"><span style=\"font-size:16px;line-height:125%;font-family:宋体\">[4] </span><span style=\"font-size:16px;line-height:125%;font-family:宋体\">李刚. 轻量级Java EE企业应用实战(第3版):Struts 2+Spring 3+Hibernate整合开发[M].&nbsp; 北京: 电子工业出版社, 2012.</span></p><p style=\"line-height: 125%\"><span style=\"font-size:16px;line-height:125%;font-family:宋体\">[5]</span><span style=\"font-size:16px;line-height:125%;font-family:宋体\">刘西杰 HTML CSS JavaScript网页制作从入门到精通[M]人民邮电出版社 2016年7月</span></p><p style=\"line-height: 125%\"><span style=\"font-size:16px;line-height:125%;font-family:宋体\">[6] </span><span style=\"font-size:16px;line-height:125%;font-family:宋体\">沃尔斯. Spring in Action[M]. 北京：人民邮电出版社, 2006.3.56-59</span></p><p><span style=\"font-size:16px;font-family:宋体\">[7] </span><span style=\"font-size:16px;font-family:宋体\">贾永胜. 新闻发布系统的设计与实现[J]. 数字技术与应用. 2013(02)&nbsp; [8] 谢进军. 新闻发布系统的设计与实现[J]. 科技创业家. 2014(08)</span></p><p><br/></p>',401,199,2019,'01'),(23,'<p style=\"margin-top:auto;margin-bottom:auto;line-height:125%\"><span style=\";line-height:125%;font-family:宋体\">一、研究动态：</span></p><p style=\"text-indent:28px;line-height:24px\"><span style=\";font-family:宋体\">网络购物是借助网络实现商品或服务从商家――卖家转移到个人用户（消费者）的过程，在整个过程中的资金流、物流和信息流，其中任何一个环节有网络的参与，都称之为网络购物。它是电子商务的一个重要组成部分。</span>2012<span style=\";font-family:宋体\">年</span>3<span style=\";font-family:宋体\">月</span>29<span style=\";font-family:宋体\">日天猫发布全新</span>Logo<span style=\";font-family:宋体\">形象。</span>2012<span style=\";font-family:宋体\">年</span>11<span style=\";font-family:宋体\">月</span>11<span style=\";font-family:宋体\">日，天猫借光棍节大赚一笔，宣称</span>13<span style=\";font-family:宋体\">小时卖</span>100<span style=\";font-family:宋体\">亿，创世界纪录。天猫是马云淘宝网全新打造的</span>B2C<span style=\";font-family:宋体\">（</span>Business-to-Consumer<span style=\";font-family:宋体\">，商业零售）。其整合数千家品牌商、生产商，为商家和消费者之间提供一站式解决方案。提供</span>100%<span style=\";font-family:宋体\">品质保证的商品，</span>7<span style=\";font-family:宋体\">天无理由退货的售后服务，以及购物积分返现等优质服务。</span>2014<span style=\";font-family:宋体\">年</span>2<span style=\";font-family:宋体\">月</span>19<span style=\";font-family:宋体\">日，阿里集团宣布天猫国际正式上线，为国内消费者直供海外原装进口商品。</span></p><p style=\"text-indent:32px;line-height:24px\"><span style=\"font-size:13px;font-family:&#39;Arial&#39;,sans-serif;color:#333333;background: white\">2016</span><span style=\"font-size:13px;font-family:宋体;color:#333333;background:white\">年</span><span style=\"font-size:13px;font-family: &#39;Arial&#39;,sans-serif;color:#333333;background:white\">11</span><span style=\"font-size:13px;font-family:宋体;color:#333333;background:white\">月</span><span style=\"font-size:13px;font-family:&#39;Arial&#39;,sans-serif;color:#333333;background:white\">11</span><span style=\"font-size:13px;font-family:宋体;color:#333333;background:white\">日天猫再刷全球最大购物日记录，单日交易</span><span style=\"font-size:13px;font-family:&#39;Arial&#39;,sans-serif;color:#333333;background:white\">1207</span><span style=\"font-size:13px;font-family:宋体;color:#333333;background:white\">亿。</span></p><p style=\"text-indent:28px;line-height:24px\"><span style=\";font-family:宋体\">网络购物正好为现今的传统企业提供了</span>1<span style=\";font-family:宋体\">个很好的机会与平台，传统企业通过借助第三方平台和建立自有平台纷纷试水网络购物，构建合理的网络购物平台、整合渠道、完善产业布局成为传统企业未来发展重心和出路。</span></p><p style=\"line-height:24px\">&nbsp;</p><p style=\"line-height:24px\"><span style=\";font-family:宋体\">二、意义</span></p><p style=\"line-height:24px\">&nbsp;</p><p style=\"text-indent:28px;line-height:24px\"><span style=\";font-family:宋体\">企业拥有自己的购物商城会给企业带来如下好处：</span></p><p style=\"text-indent:28px;line-height:24px\">&nbsp;</p><p style=\"text-indent:28px;line-height:24px\">1<span style=\";font-family:宋体\">、拉近了客户与企业之间的亲和力，有利于去树立企业的形象，提高企业对客户的服务水平以及客户的服务效率，又可以提高企业员工的信息化水平。</span></p><p style=\"text-indent:28px;line-height:24px\">2<span style=\";font-family:宋体\">、提高了企业的服务层次，商城的建设和运营能够很好的提供在线咨询服务，</span><span style=\"font-size:12px;font-family:宋体;color:#333333\">增强客户与企业交流与沟通的能力，协助企业以更快的速度了解客户需求，同样客户也能从</span> <span style=\"font-size:12px;font-family:宋体;color:#333333\">网上商城</span> <span style=\"font-size:12px;font-family:宋体;color:#333333\">快捷地获得企业对产品的售前及售后服务。</span></p><p style=\"text-indent:28px;line-height:24px\">3<span style=\";font-family:宋体\">、</span><span style=\"font-size:12px;font-family:宋体;color:#333333\">商城建设与运营</span> <span style=\"font-size:12px;font-family: 宋体;color:#333333\">一个重要的目的就是提供在线交易服务。为客户与企业之间形成互通及企业内部办公自动化，最终构建企业</span><span style=\"font-size:12px;font-family:&#39;Simsun&#39;,serif;color:#333333\"> “ </span><span style=\"font-size:12px;font-family:宋体;color:#333333\">电子商务</span><span style=\"font-size:12px;font-family:&#39;Simsun&#39;,serif;color:#333333\"> ” </span><span style=\"font-size: 12px;font-family:宋体;color:#333333\">打下坚实基础。</span></p><p style=\"text-indent:24px;line-height:24px\"><span style=\"font-size:12px;font-family:&#39;Simsun&#39;,serif;color:#333333\">4</span><span style=\"font-size:12px;font-family:宋体;color:#333333\">、信息网络正在生长为</span><span style=\"font-size:12px;font-family:&#39;Simsun&#39;,serif;color:#333333\"> “ </span><span style=\"font-size: 12px;font-family:宋体;color:#333333\">第四媒体</span><span style=\"font-size:12px;font-family: &#39;Simsun&#39;,serif;color:#333333\"> ” </span><span style=\"font-size:12px;font-family:宋体;color:#333333\">将成为人们获得信息的实现社会多种功能的主要载体。可以改变企业的信息化建设、产品销售和客户服务在激进方式下人力资源的比重失调，极好地体现企业在行业领域的知名度及企业的信息资源。</span></p><p style=\"text-indent:24px;line-height:24px\"><span style=\"font-size:12px;font-family:宋体;color:#333333\">引导和形成新的消费热点与观念，网上商城有助于行业建议产品及信息资源的市场价值。从而带动企业产品在业界的品牌与地位，营造有利于企业生存与发展环境，加速企业信息化发展。</span></p><p><br/></p>','<p><span style=\"font-size:16px;font-family:宋体\">一、研究内容</span></p><p style=\"margin-top:8px;margin-right:0;margin-bottom:0;margin-left:32px;margin-bottom:0;text-indent:24px;line-height:130%\"><span style=\"font-size: 16px;line-height: 130%;font-family: 宋体\">本课题主要研究基于JAVA的购物网站，数据库采用MySQL数据库，在java平台的基础之上商用springMVC+spring+hibernate、JavaScript、jQuery以及SSM框架整合搭建一个购物商城，方便企业的运营以及发展。</span></p><p style=\"margin-top:8px;margin-right:0;margin-bottom:0;margin-left:104px;margin-bottom:0;line-height:130%\"><span style=\"font-size: 16px;line-height: 130%;font-family: 宋体\">1、<span style=\"font-variant-numeric: normal;font-stretch: normal;font-size: 9px;line-height: normal;font-family: &#39;Times New Roman&#39;\">&nbsp;&nbsp;&nbsp;&nbsp; </span></span><span style=\"font-size: 16px;line-height: 130%;font-family: 宋体\">本商城基于互联网的企业商城主要包括企业核心产品、企业特色产品以及企业研发产品，根据不同企业特色搭建不同特色的企业商城，方便企业对客户的服务，企业可以通过企业商城来发布自己的产品，拉近企业与客户之间的距离。</span></p><p style=\"margin-top:8px;margin-right:0;margin-bottom:0;margin-left:104px;margin-bottom:0;line-height:130%\"><span style=\"font-size: 16px;line-height: 130%;font-family: 宋体\">2、<span style=\"font-variant-numeric: normal;font-stretch: normal;font-size: 9px;line-height: normal;font-family: &#39;Times New Roman&#39;\">&nbsp;&nbsp;&nbsp;&nbsp; </span></span><span style=\"font-size: 16px;line-height: 130%;font-family: 宋体\">平台主要功能模块有：特色产品推荐信息轮播、产品详情信息、显示最新产品发布动态以及产品的简介、用户信息中心、用户留言、浏览物品、加入购物车、下单、购买及评价、售后、帮助中心，在线客服、企业视频、查询系统。</span></p><p style=\"margin-top:8px;margin-right:0;margin-bottom:0;margin-left:104px;margin-bottom:0;line-height:130%\"><span style=\"font-size: 16px;line-height: 130%;font-family: 宋体\">3、<span style=\"font-variant-numeric: normal;font-stretch: normal;font-size: 9px;line-height: normal;font-family: &#39;Times New Roman&#39;\">&nbsp;&nbsp;&nbsp;&nbsp; </span></span><span style=\"font-size: 16px;line-height: 130%;font-family: 宋体\">后台服务器功能：</span><span style=\"font-size:16px;line-height:130%;font-family:宋体\">产品分类管理、产品信息管理、订单管理、产品发布动态管理、用户信息管理、申诉管理、用户留言管理、系统管理。</span></p><p style=\"line-height:24px\"><span style=\"font-size:16px\">&nbsp;</span></p><p style=\"margin-left:0;text-indent:0;line-height:130%\"><span style=\"font-size:16px;line-height:130%\">二、</span><span style=\"font-size:16px;line-height:130%;font-family:宋体\">拟解决的主要问题</span></p><p style=\"margin-left:24px;line-height: 130%\"><span style=\"font-size:16px;line-height:130%\">1、</span><span style=\"font-size:16px;line-height:130%;font-family:宋体\">产品信息的更新，发布、分享、以及与客户沟通问题；</span></p><p style=\"margin-left:24px;line-height: 130%\"><span style=\"font-size:16px;line-height:130%\">2、</span><span style=\"font-size:16px;line-height:130%;font-family:宋体\">产品界面简洁，舒适，雅观；</span></p><p style=\"margin-left:24px;line-height: 130%\"><span style=\"font-size:16px;line-height:130%\">3、</span><span style=\"font-size:16px;line-height:130%;font-family:宋体\">产品的完善与优化；</span></p><p style=\"margin-left:24px;line-height: 130%\"><span style=\"font-size:16px;line-height:130%\">4、</span><span style=\"font-size:16px;line-height:130%;font-family:宋体\">框架技术之间的整合；</span></p><p style=\"margin-left:24px;line-height: 130%\"><span style=\"font-size:16px;line-height:130%\">5、</span><span style=\"font-size:16px;line-height:130%;font-family:宋体\">更好的实现企业与用户之间的服务效率。</span></p><p><br/></p>','<p style=\"line-height:110%\"><span style=\"font-size:16px;line-height:110%;font-family:宋体\">一、研究方法</span></p><p style=\"text-indent:24px;line-height:110%\"><span style=\"font-size:16px;line-height:110%;font-family:宋体\">1</span><span style=\"font-size:16px;line-height:110%;font-family:宋体\">．</span><span style=\"font-size:16px;line-height:110%;font-family:宋体\">文献研究法：查找有关文献资料，为该系统的设计提供更多的理论根据。</span></p><p style=\"text-indent:24px;line-height:110%\"><span style=\"font-size:16px;line-height:110%;font-family:宋体\">2</span><span style=\"font-size:16px;line-height:110%;font-family:宋体\">．</span><span style=\"font-size:16px;line-height:110%;font-family:宋体\">行动研究法：尽自己能力动手设计，并完成研究内容。</span></p><p style=\"text-indent:24px;line-height:110%\"><span style=\"font-size:16px;line-height:110%;font-family:宋体\">3.</span> <span style=\"font-size:16px;line-height:110%;font-family:宋体\">测试研究法：测试完成的作品，并加以修改和完善。</span></p><p style=\"line-height:110%\"><span style=\"font-size:16px;line-height:110%;font-family:宋体\">二、研究步骤及措施</span></p><p style=\"text-indent:24px;line-height:110%\"><span style=\"font-size:16px;line-height:110%;font-family:宋体\">1</span><span style=\"font-size:16px;line-height:110%;font-family:宋体\">．通过阅读大量的文献与资料，得到一些相应的理论知识和设计方法。</span></p><p style=\"text-indent:24px;line-height:110%\"><span style=\"font-size:16px;line-height:110%;font-family:宋体\">2</span><span style=\"font-size:16px;line-height:110%;font-family:宋体\">．进行详细设计及功能分析，完成相关功能模块图，确定系统的基本功能。</span></p><p style=\"text-indent:24px;line-height:110%\"><span style=\"font-size:16px;line-height:110%;font-family:宋体\">3</span><span style=\"font-size:16px;line-height:110%;font-family:宋体\">．完成相关功能的代码编写，融合美工及布局，逐步完善系统内容。</span></p><p style=\"text-indent:24px;line-height:24px\"><span style=\"font-size:16px;font-family:宋体\">4</span><span style=\"font-size:16px;font-family:宋体\">．经过反复的测试修改，完成系统设计与实现，最终完成论文。</span></p><p><br/></p>','<p style=\"line-height:150%\"><span style=\";line-height:150%;font-family:宋体\">[1]</span><span style=\";line-height:150%;font-family:宋体\">张思亮, </span><a href=\"https://www.baidu.com/s?wd=%E7%8E%8B%E6%99%93%E5%B3%B0&tn=44039180_cpr&fenlei=mv6quAkxTZn0IZRqIHckPjm4nH00T1Ydnjn1uHfkmWm4nHuWnWnz0ZwV5Hcvrjm3rH6sPfKWUMw85HfYnjn4nH6sgvPsT6KdThsqpZwYTjCEQLGCpyw9Uz4Bmy-bIi4WUvYETgN-TLwGUv3EPHfknjDYrjD\" target=\"https://zhidao.baidu.com/question/_blank\"><span style=\";line-height:150%;font-family:宋体;color:windowtext;text-underline:none\">王晓峰</span></a><span style=\";line-height:150%;font-family:宋体\">, </span><span style=\";line-height:150%;font-family:宋体\">靳瑞勇. 网上购物系统的研发 [J]. </span><a href=\"https://www.baidu.com/s?wd=%E5%95%86%E5%9C%BA%E7%8E%B0%E4%BB%A3%E5%8C%96&tn=44039180_cpr&fenlei=mv6quAkxTZn0IZRqIHckPjm4nH00T1Ydnjn1uHfkmWm4nHuWnWnz0ZwV5Hcvrjm3rH6sPfKWUMw85HfYnjn4nH6sgvPsT6KdThsqpZwYTjCEQLGCpyw9Uz4Bmy-bIi4WUvYETgN-TLwGUv3EPHfknjDYrjD\" target=\"https://zhidao.baidu.com/question/_blank\"><span style=\";line-height:150%;font-family:宋体;color:windowtext;text-underline:none\">商场现代化</span></a><span style=\";line-height:150%;font-family:宋体\">.2008(13):67-67.<br/> [2]</span><span style=\";line-height:150%;font-family: 宋体\">李顺云, 郭劲夫, 杨月辉. 网上购物系统的建设 [J]. </span><a href=\"https://www.baidu.com/s?wd=%E5%95%86%E5%9C%BA%E7%8E%B0%E4%BB%A3%E5%8C%96&tn=44039180_cpr&fenlei=mv6quAkxTZn0IZRqIHckPjm4nH00T1Ydnjn1uHfkmWm4nHuWnWnz0ZwV5Hcvrjm3rH6sPfKWUMw85HfYnjn4nH6sgvPsT6KdThsqpZwYTjCEQLGCpyw9Uz4Bmy-bIi4WUvYETgN-TLwGUv3EPHfknjDYrjD\" target=\"https://zhidao.baidu.com/question/_blank\"><span style=\";line-height:150%;font-family:宋体;color:windowtext;text-underline:none\">商场现代化</span></a><span style=\";line-height:150%;font-family:宋体\">.2008(12):145-146.<br/> [3]</span><span style=\";line-height:150%;font-family: 宋体\">陈巧蓉, </span><a href=\"https://www.baidu.com/s?wd=%E9%99%88%E5%88%9A&tn=44039180_cpr&fenlei=mv6quAkxTZn0IZRqIHckPjm4nH00T1Ydnjn1uHfkmWm4nHuWnWnz0ZwV5Hcvrjm3rH6sPfKWUMw85HfYnjn4nH6sgvPsT6KdThsqpZwYTjCEQLGCpyw9Uz4Bmy-bIi4WUvYETgN-TLwGUv3EPHfknjDYrjD\" target=\"https://zhidao.baidu.com/question/_blank\"><span style=\";line-height:150%;font-family:宋体;color:windowtext;text-underline:none\">陈刚</span></a><span style=\";line-height:150%;font-family:宋体\">, </span><span style=\";line-height:150%;font-family:宋体\">熊恩成. 网上购物系统htm1版开发研究 [J]. </span><a href=\"https://www.baidu.com/s?wd=%E8%A5%BF%E5%8D%97%E6%B0%91%E6%97%8F%E5%A4%A7%E5%AD%A6%E5%AD%A6%E6%8A%A5&tn=44039180_cpr&fenlei=mv6quAkxTZn0IZRqIHckPjm4nH00T1Ydnjn1uHfkmWm4nHuWnWnz0ZwV5Hcvrjm3rH6sPfKWUMw85HfYnjn4nH6sgvPsT6KdThsqpZwYTjCEQLGCpyw9Uz4Bmy-bIi4WUvYETgN-TLwGUv3EPHfknjDYrjD\" target=\"https://zhidao.baidu.com/question/_blank\"><span style=\";line-height:150%;font-family:宋体;color:windowtext;text-underline:none\">西南民族大学学报</span></a><span style=\";line-height:150%;font-family:宋体\">：自然科学版.2007,33(4):961-963.<br/> [4]赵姝菊.基于Java Web项目开发之JavaBean应用探究[J].电脑知识与技 术,2012,5(18):20-15.<br/> [5]尹成国. 基于PHP的网上购物系统的设计与实现 [J]. </span><a href=\"https://www.baidu.com/s?wd=%E7%90%BC%E5%B7%9E%E5%AD%A6%E9%99%A2%E5%AD%A6%E6%8A%A5&tn=44039180_cpr&fenlei=mv6quAkxTZn0IZRqIHckPjm4nH00T1Ydnjn1uHfkmWm4nHuWnWnz0ZwV5Hcvrjm3rH6sPfKWUMw85HfYnjn4nH6sgvPsT6KdThsqpZwYTjCEQLGCpyw9Uz4Bmy-bIi4WUvYETgN-TLwGUv3EPHfknjDYrjD\" target=\"https://zhidao.baidu.com/question/_blank\"><span style=\";line-height:150%;font-family:宋体;color:windowtext;text-underline:none\">琼州学院学报</span></a><span style=\";line-height:150%;font-family:宋体\">.2008,15(2):39-41.</span></p><p style=\"line-height:150%\"><span style=\"font-size: 16px;line-height:150%;font-family:宋体\">[6]</span><span style=\"font-size:16px;line-height:150%;font-family:宋体\">李平.基于JSP的动态网页开发技术[J].微计算机信息,2009,10(5):8-9.</span></p><p><span style=\"font-size:16px;font-family:宋体\">[7] </span><span style=\"font-size:16px;font-family:宋体\">赵晓峰.基于JSP和JavaBean技术的Web应用开发[J].深圳信息职业技术学院学 报,2005,18(10):5-8.</span></p><p><br/></p>',379,169,2019,'01'),(24,'','','','',320,111,2019,'01'),(25,'','','','',398,196,2019,'01'),(26,'','','','',395,196,2019,'01'),(27,'','','','',409,199,2019,'01'),(28,'','','','',321,111,2019,'01'),(29,'','','','',397,196,2019,'01'),(30,'','','','',328,200,2019,'01'),(31,'','','','',350,113,2019,'01'),(32,'','','','',306,187,2019,'01'),(33,'','','','',403,199,2019,'01'),(34,'','','','',293,159,2019,'01'),(35,'','','','',286,175,2019,'01'),(36,'','','','',322,111,2019,'01'),(37,'','','','',285,175,2019,'01'),(38,'','','','',396,196,2019,'01'),(39,'','','','',386,169,2019,'01'),(40,'','','','',384,169,2019,'01'),(41,'','','','',295,159,2019,'01'),(42,'','','','',699,159,2019,'01'),(43,'','','','',371,104,2019,'01'),(44,'','','','',404,199,2019,'01'),(45,'','','','',405,199,2019,'01'),(46,'','','','',394,196,2019,'01'),(47,'','','','',513,187,2019,'01'),(48,'','','','',382,169,2019,'01'),(49,'','','','',383,169,2019,'01'),(50,'','','','',385,169,2019,'01'),(51,'','','','',510,187,2019,'01'),(52,'','','','',347,140,2019,'01'),(53,'','','','',381,169,2019,'01'),(54,'','','','',304,187,2019,'01'),(55,'','','','',294,159,2019,'01'),(56,'','','','',410,199,2019,'01'),(57,'','','','',303,187,2019,'01'),(58,'','','','',408,199,2019,'01'),(59,'','','','',406,199,2019,'01'),(60,'','','','',407,199,2019,'01'),(61,'','','','',307,187,2019,'01'),(62,'','','','',305,187,2019,'01'),(63,'','','','',700,169,2019,'01'),(64,'<p>点点滴滴的点点滴滴的点点滴滴</p>','<p>点点滴滴的点点滴滴的点点滴滴</p>','<p>点点滴滴的点点滴滴的点点滴滴</p>','<p>点点滴滴的点点滴滴的点点滴滴</p>',280,159,2019,'01'),(65,'','','','',512,159,2019,'01');
/*!40000 ALTER TABLE `open_report` ENABLE KEYS */;
UNLOCK TABLES;

--
-- Table structure for table `plan_progress`
--

DROP TABLE IF EXISTS `plan_progress`;
/*!40101 SET @saved_cs_client     = @@character_set_client */;
/*!40101 SET character_set_client = utf8 */;
CREATE TABLE `plan_progress` (
  `progress_id` int(11) NOT NULL AUTO_INCREMENT,
  `dept_number` varchar(255) DEFAULT NULL COMMENT '学院编号',
  `category_id` int(11) DEFAULT NULL,
  `major_id` int(255) DEFAULT NULL COMMENT '大类Id',
  `startTime` datetime DEFAULT NULL COMMENT '开始时间',
  `endTime` datetime DEFAULT NULL COMMENT '结束时间',
  `year` int(11) DEFAULT NULL COMMENT '年度',
  `progress_item_no` varchar(255) DEFAULT NULL COMMENT '阶段编号',
  `progress_start` int(11) DEFAULT NULL COMMENT '进程开始',
  PRIMARY KEY (`progress_id`)
) ENGINE=InnoDB AUTO_INCREMENT=426 DEFAULT CHARSET=utf8;
/*!40101 SET character_set_client = @saved_cs_client */;

--
-- Dumping data for table `plan_progress`
--

LOCK TABLES `plan_progress` WRITE;
/*!40000 ALTER TABLE `plan_progress` DISABLE KEYS */;
INSERT INTO `plan_progress` (`progress_id`, `dept_number`, `category_id`, `major_id`, `startTime`, `endTime`, `year`, `progress_item_no`, `progress_start`) VALUES (398,'201700201',3,13,'2017-09-19 21:24:13','2017-11-20 21:24:20',2019,'03',1),(402,'201700201',3,13,'2017-09-07 17:15:42','2017-12-25 17:15:58',2019,'05',1),(403,'201700201',3,13,'2017-09-22 19:37:45','2017-11-25 19:37:50',2019,'04',1),(404,'201700201',3,13,'2017-07-23 21:46:05','2017-12-23 21:46:14',2019,'01',1),(405,'201700201',3,13,'2017-11-10 15:44:28','2017-12-25 15:44:39',2019,'07',1),(406,'201700201',3,13,'2017-11-14 11:06:29','2017-11-14 11:06:38',2019,'11',1),(407,'201700201',3,13,'2017-11-13 14:52:07','2017-11-25 14:52:10',2019,'08',1),(408,'201700201',3,13,'2017-11-20 22:09:49','2017-12-28 22:09:56',2019,'13',1),(409,'201700201',3,13,'2017-11-29 15:34:35','2018-02-06 15:34:39',2019,'12',1),(410,'201700201',8,4,'2017-06-07 20:55:19','2017-07-07 20:55:31',2019,'03',1),(411,'201700201',8,4,'2017-07-07 20:55:41','2017-09-07 20:55:49',2019,'04',1),(412,'201700201',8,4,'2017-05-07 21:27:34','2017-09-07 21:27:39',2019,'01',1),(413,'201700201',8,4,'2017-09-07 21:57:02','2018-12-07 21:57:09',2019,'05',1),(414,'201700201',8,4,'2017-10-07 21:57:23','2018-12-07 21:57:29',2019,'07',1),(415,'201700201',8,4,'2017-04-07 21:57:45','2018-12-07 21:57:55',2019,'08',1),(416,'201700201',8,4,'2017-12-07 21:58:13','2018-12-07 21:58:18',2019,'09',1),(417,'201700201',8,4,'2017-09-07 21:58:37','2018-12-07 21:58:45',2019,'06',1),(418,'201700201',8,4,'2017-12-04 21:58:57','2018-06-30 21:59:23',2019,'10',1),(419,'201700201',8,4,'2017-12-05 21:59:39','2018-06-07 21:59:46',2019,'11',1),(420,'201700201',8,4,'2017-12-07 22:00:07','2018-06-07 22:00:18',2019,'12',1),(421,'201700201',8,4,'2017-12-06 22:00:32','2018-06-07 22:01:03',2019,'13',1),(424,'201700201',8,-1,'2017-07-17 20:38:04','2017-09-16 20:38:13',2019,'00',1),(425,'201700201',8,4,'2017-07-17 20:38:04','2017-09-16 20:38:13',2019,'00',1);
/*!40000 ALTER TABLE `plan_progress` ENABLE KEYS */;
UNLOCK TABLES;

--
-- Table structure for table `plan_year`
--

DROP TABLE IF EXISTS `plan_year`;
/*!40101 SET @saved_cs_client     = @@character_set_client */;
/*!40101 SET character_set_client = utf8 */;
CREATE TABLE `plan_year` (
  `id` int(11) NOT NULL AUTO_INCREMENT,
  `op_user_id` int(11) DEFAULT NULL COMMENT '录入入',
  `opTime` datetime DEFAULT NULL COMMENT '录入时间',
  `year` int(11) DEFAULT NULL COMMENT '年度',
  PRIMARY KEY (`id`)
) ENGINE=InnoDB AUTO_INCREMENT=7 DEFAULT CHARSET=utf8;
/*!40101 SET character_set_client = @saved_cs_client */;

--
-- Dumping data for table `plan_year`
--

LOCK TABLES `plan_year` WRITE;
/*!40000 ALTER TABLE `plan_year` DISABLE KEYS */;
INSERT INTO `plan_year` (`id`, `op_user_id`, `opTime`, `year`) VALUES (1,118,'2017-09-12 12:08:51',2017),(2,118,'2017-10-05 15:34:18',2017),(3,118,'2017-10-05 15:34:43',2017),(4,201,'2017-12-17 20:28:52',2017),(5,201,'2017-12-17 20:29:01',2017),(6,201,'2019-07-02 21:16:34',2019);
/*!40000 ALTER TABLE `plan_year` ENABLE KEYS */;
UNLOCK TABLES;

--
-- Table structure for table `progress_item`
--

DROP TABLE IF EXISTS `progress_item`;
/*!40101 SET @saved_cs_client     = @@character_set_client */;
/*!40101 SET character_set_client = utf8 */;
CREATE TABLE `progress_item` (
  `progress_item_id` int(11) NOT NULL AUTO_INCREMENT,
  `progress_item_no` varchar(255) DEFAULT NULL COMMENT '进度进程编号',
  `progress_name` varchar(255) DEFAULT NULL COMMENT '进度进程名称',
  PRIMARY KEY (`progress_item_id`)
) ENGINE=InnoDB AUTO_INCREMENT=17 DEFAULT CHARSET=utf8;
/*!40101 SET character_set_client = @saved_cs_client */;

--
-- Dumping data for table `progress_item`
--

LOCK TABLES `progress_item` WRITE;
/*!40000 ALTER TABLE `progress_item` DISABLE KEYS */;
INSERT INTO `progress_item` (`progress_item_id`, `progress_item_no`, `progress_name`) VALUES (1,'00','安排计划'),(2,'01','指导分配'),(3,'02','选题情况'),(4,'04','分组情况'),(5,'03','任务书'),(6,'06','开题报告'),(7,'07','进展情况'),(8,'06','论文上交'),(9,'08','指导老师规范审查评阅信息'),(11,'05','评阅老师论文评阅'),(12,'10','论文答辩'),(13,'11','答辩记录'),(14,'12','成绩及评阅'),(15,'13','答辩组（成绩录入/评阅分配/评阅信息）'),(16,'14','论文推优');
/*!40000 ALTER TABLE `progress_item` ENABLE KEYS */;
UNLOCK TABLES;

--
-- Table structure for table `progress_situ`
--

DROP TABLE IF EXISTS `progress_situ`;
/*!40101 SET @saved_cs_client     = @@character_set_client */;
/*!40101 SET character_set_client = utf8 */;
CREATE TABLE `progress_situ` (
  `progress_id` int(11) NOT NULL AUTO_INCREMENT,
  `stu_id` int(11) DEFAULT NULL COMMENT '学生id',
  `teacher_id` int(11) DEFAULT NULL COMMENT '教师id',
  `progress_time` varchar(255) DEFAULT NULL COMMENT '时间',
  `progress_work` varchar(255) DEFAULT NULL COMMENT '工作要求',
  `progress_record` varchar(255) DEFAULT NULL COMMENT '进程记录',
  `year` int(11) DEFAULT NULL COMMENT '年度',
  PRIMARY KEY (`progress_id`)
) ENGINE=InnoDB AUTO_INCREMENT=12 DEFAULT CHARSET=utf8;
/*!40101 SET character_set_client = @saved_cs_client */;

--
-- Dumping data for table `progress_situ`
--

LOCK TABLES `progress_situ` WRITE;
/*!40000 ALTER TABLE `progress_situ` DISABLE KEYS */;
INSERT INTO `progress_situ` (`progress_id`, `stu_id`, `teacher_id`, `progress_time`, `progress_work`, `progress_record`, `year`) VALUES (1,410,199,'2017-09-12','各环节','京汉股份合格',2019),(2,324,118,'2017-09-24','fgfhb','gfhfgj',2019),(3,336,118,'2017-10-04 18:38:26','23','23',2019),(4,323,118,'2017-11-20 15:49:31','sdf afgfag ','sgfgf ghhg ',2019),(5,319,111,'2017-12-09 20:01:40','顶顶顶顶顶大大大',' 次次次次次次次次次次次',2019),(6,318,111,'2017-12-09 20:24:55','都是对的多多多多多多多多','顶顶顶顶顶顶顶顶顶顶',2019),(7,320,111,'2017-12-09 20:59:07','大大大大大大大','灌灌灌灌灌过灌灌灌灌灌',2019),(8,283,111,'2017-12-09 21:53:17','该方法付付','屌丝夫妇付付付付付',2019),(9,325,118,'2017-12-12 17:02:29','规划局和空间看看','看见了考虑考虑',2019),(10,280,159,'2019-07-04 17:10:22','完成开题报告','完成开题报告',2019),(11,512,159,'2019-07-07 23:49:02',' 	曾健进度情况',' 	曾健进度情况',2019);
/*!40000 ALTER TABLE `progress_situ` ENABLE KEYS */;
UNLOCK TABLES;

--
-- Table structure for table `read_group`
--

DROP TABLE IF EXISTS `read_group`;
/*!40101 SET @saved_cs_client     = @@character_set_client */;
/*!40101 SET character_set_client = utf8 */;
CREATE TABLE `read_group` (
  `id` int(10) NOT NULL AUTO_INCREMENT,
  `group_name` varchar(50) DEFAULT NULL,
  `group_leader_id` int(10) DEFAULT NULL,
  `teacher_name` varchar(50) DEFAULT NULL,
  `classRoom_id` int(10) DEFAULT NULL,
  `classRoom_name` varchar(50) DEFAULT NULL,
  `major_name` varchar(50) DEFAULT NULL,
  `major_id` int(10) DEFAULT NULL,
  `reply_time` date DEFAULT NULL,
  `year` varchar(20) DEFAULT NULL,
  `dept_number` varchar(50) DEFAULT NULL,
  `dept_name` varchar(50) DEFAULT NULL,
  PRIMARY KEY (`id`)
) ENGINE=InnoDB AUTO_INCREMENT=37 DEFAULT CHARSET=utf8;
/*!40101 SET character_set_client = @saved_cs_client */;

--
-- Dumping data for table `read_group`
--

LOCK TABLES `read_group` WRITE;
/*!40000 ALTER TABLE `read_group` DISABLE KEYS */;
INSERT INTO `read_group` (`id`, `group_name`, `group_leader_id`, `teacher_name`, `classRoom_id`, `classRoom_name`, `major_name`, `major_id`, `reply_time`, `year`, `dept_number`, `dept_name`) VALUES (24,'2',2,'1',2,'2','俸捷2, 55',2,'2017-07-13','2','1','1'),(25,'1',1,'1',1,'1','俸捷3, 55',1,'2017-07-21','1','1','1'),(26,'',1,'1',1,'1','1',1,'2017-07-25','1','1','1'),(27,NULL,NULL,NULL,NULL,NULL,NULL,NULL,NULL,NULL,NULL,NULL),(28,NULL,NULL,NULL,NULL,NULL,NULL,NULL,NULL,NULL,NULL,NULL),(29,NULL,NULL,NULL,NULL,NULL,NULL,NULL,NULL,NULL,NULL,NULL),(30,'4',NULL,NULL,NULL,'',', ',NULL,NULL,'',NULL,NULL),(31,NULL,NULL,NULL,NULL,NULL,NULL,NULL,NULL,NULL,NULL,NULL),(32,NULL,NULL,NULL,NULL,NULL,NULL,NULL,NULL,NULL,NULL,NULL),(33,NULL,NULL,NULL,NULL,NULL,NULL,NULL,NULL,NULL,NULL,NULL),(34,NULL,NULL,NULL,NULL,NULL,NULL,NULL,NULL,NULL,NULL,NULL),(35,NULL,NULL,NULL,NULL,NULL,NULL,NULL,NULL,NULL,NULL,NULL),(36,NULL,NULL,NULL,NULL,NULL,NULL,NULL,NULL,NULL,NULL,NULL);
/*!40000 ALTER TABLE `read_group` ENABLE KEYS */;
UNLOCK TABLES;

--
-- Table structure for table `reply_score`
--

DROP TABLE IF EXISTS `reply_score`;
/*!40101 SET @saved_cs_client     = @@character_set_client */;
/*!40101 SET character_set_client = utf8 */;
CREATE TABLE `reply_score` (
  `reply_id` int(11) NOT NULL AUTO_INCREMENT,
  `reply_link` varchar(2000) DEFAULT NULL COMMENT '评语',
  `reply_score` float DEFAULT NULL COMMENT '答辩成绩',
  `reply_score_finish` int(11) DEFAULT NULL COMMENT '答辩最终成绩',
  `grade` varchar(255) DEFAULT NULL COMMENT '等级',
  `stu_id` int(11) DEFAULT NULL COMMENT '学生Id',
  `year` int(11) DEFAULT NULL COMMENT '年度',
  `reply_type` varchar(255) DEFAULT NULL COMMENT '答辩类型： 00答辩小组 01系答辩委员会',
  PRIMARY KEY (`reply_id`)
) ENGINE=InnoDB AUTO_INCREMENT=23 DEFAULT CHARSET=utf8;
/*!40101 SET character_set_client = @saved_cs_client */;

--
-- Dumping data for table `reply_score`
--

LOCK TABLES `reply_score` WRITE;
/*!40000 ALTER TABLE `reply_score` DISABLE KEYS */;
INSERT INTO `reply_score` (`reply_id`, `reply_link`, `reply_score`, `reply_score_finish`, `grade`, `stu_id`, `year`, `reply_type`) VALUES (16,'01',100,77,'中',323,2019,'00'),(19,'4444444444444444444444444444444888888888888888888888884444444444444444444444444444444444444444444444444444444444444444444444444444444444444444444444444444444444444444444444444444444444444444444444444444444444444444444444444444444444444444444444444444',8,0,'请先评分',285,2019,'00'),(20,NULL,5,NULL,NULL,377,2019,'00'),(22,NULL,1,NULL,NULL,362,2019,'00');
/*!40000 ALTER TABLE `reply_score` ENABLE KEYS */;
UNLOCK TABLES;

--
-- Table structure for table `review`
--

DROP TABLE IF EXISTS `review`;
/*!40101 SET @saved_cs_client     = @@character_set_client */;
/*!40101 SET character_set_client = utf8 */;
CREATE TABLE `review` (
  `review_id` int(11) NOT NULL AUTO_INCREMENT,
  `stu_id` int(11) DEFAULT NULL COMMENT '学生Id',
  `total_score` float DEFAULT NULL COMMENT '总得分',
  `teacherId` int(11) DEFAULT NULL COMMENT '老师Id',
  `review_content` text COMMENT '评语或者对规范审查不合格者说明原因',
  `review_type` varchar(255) DEFAULT NULL COMMENT '评阅审查表类型：00 指导老师评阅 01评阅人评阅 02指导老师审查',
  `reply_link` varchar(255) DEFAULT NULL COMMENT '是否通过答辩环节：00-否 01-是',
  `year` int(11) DEFAULT NULL COMMENT '年度',
  `opTime` datetime DEFAULT NULL COMMENT '分配时间',
  PRIMARY KEY (`review_id`)
) ENGINE=InnoDB AUTO_INCREMENT=25 DEFAULT CHARSET=utf8;
/*!40101 SET character_set_client = @saved_cs_client */;

--
-- Dumping data for table `review`
--

LOCK TABLES `review` WRITE;
/*!40000 ALTER TABLE `review` DISABLE KEYS */;
INSERT INTO `review` (`review_id`, `stu_id`, `total_score`, `teacherId`, `review_content`, `review_type`, `reply_link`, `year`, `opTime`) VALUES (1,328,25,118,'第三方噶啥地方规范的过第三方噶啥地方规范的过第三方噶啥地方规范的过第三方噶啥地方规范的过第三方噶啥地方规范的过第三方噶啥地方规范的过第三方噶啥地方规范的过第三方噶啥地方规范的过第三方噶啥地方规范的过第三方噶啥地方规范的过第三方噶啥地方规范的过第三方噶啥地方规范的过第三方噶啥地方规范的过第三方噶啥地方规范的过第三方噶啥地方规范的过第三方噶啥地方规范的过第三方噶啥地方规范的过第三方噶啥地方规范的过第三方噶啥地方规范的过第三方噶啥地方规范的过','00','00',2019,NULL),(2,328,20,118,'第三方噶啥地方规范的过第三方噶啥地方规范的过第三方噶啥地方规范的过第三方噶啥地方规范的过第三方噶啥地方规范的过第三方噶啥地方规范的过第三方噶啥地方规范的过第三方噶啥地方规范的过第三方噶啥地方规范的过第三方噶啥地方规范的过第三方噶啥地方规范的过第三方噶啥地方规范的过第三方噶啥地方规范的过第三方噶啥地方规范的过第三方噶啥地方规范的过第三方噶啥地方规范的过第三方噶啥地方规范的过第三方噶啥地方规范的过第三方噶啥地方规范的过','02',NULL,2019,NULL),(3,328,3,118,'第三方噶啥地方规范的过第三方噶啥地方规范的过第三方噶啥地方规范的过第三方噶啥地方规范的过第三方噶啥地方规范的过第三方噶啥地方规范的过第三方噶啥地方规范的过第三方噶啥地方规范的过第三方噶啥地方规范的过第三方噶啥地方规范的过第三方噶啥地方规范的过第三方噶啥地方规范的过第三方噶啥地方规范的过第三方噶啥地方规范的过第三方噶啥地方规范的过第三方噶啥地方规范的过第三方噶啥地方规范的过第三方噶啥地方规范的过第三方噶啥地方规范的过第三方噶啥地方规范的过','01','00',2019,NULL),(4,336,10,118,'过分了国际饭店快乐国际饭店看了感觉飞到了高考江东父老感慨过分了国际饭店快乐国际饭店看了感觉飞到了高考江东父老感慨过分了国际饭店快乐国际饭店看了感觉飞到了高考江东父老感慨过分了国际饭店快乐国际饭店看了感觉飞到了高考江东父老感慨过分了国际饭店快乐国际饭店看了感觉飞到了高考江东父老感慨过分了国际饭店快乐国际饭店看了感觉飞到了高考江东父老感慨过分了国际饭店快乐国际饭店看了感觉飞到了高考江东父老感慨过分了国际饭店快乐国际饭店看了感觉飞到了高考江东父老感慨过分了国际饭店快乐国际饭店看了感觉飞到了高考江东父老感慨','00','01',2019,NULL),(5,335,6,118,'顺丰到付顺丰到付顺丰到付顺丰到付顺丰到付顺丰到付顺丰到付顺丰到付顺丰到付顺丰到付顺丰到付顺丰到付顺丰到付顺丰到付顺丰到付顺丰到付顺丰到付顺丰到付顺丰到付顺丰到付顺丰到付顺丰到付顺丰到付顺丰到付顺丰到付顺丰到付顺丰到付顺丰到付顺丰到付顺丰到付顺丰到付顺丰到付顺丰到付顺丰到付顺丰到付顺丰到付顺丰到付顺丰到付顺丰到付顺丰到付顺丰到付顺丰到付顺丰到付顺丰到付顺丰到付顺丰到付顺丰到付顺丰到付顺丰到付顺丰到付顺丰到付顺丰到付顺丰到付顺丰到付顺丰到付顺丰到付顺丰到付顺丰到付顺丰到付顺丰到付顺丰到付顺丰到付顺丰到付顺丰到付','00','01',2019,NULL),(7,336,6,118,'的撒发生地方发撒旦法的说法撒旦法的说法的撒发生地方发撒旦法的说法撒旦法的说法的撒发生地方发撒旦法的说法撒旦法的说法的撒发生地方发撒旦法的说法撒旦法的说法的撒发生地方发撒旦法的说法撒旦法的说法的撒发生地方发撒旦法的说法撒旦法的说法的撒发生地方发撒旦法的说法撒旦法的说法的撒发生地方发撒旦法的说法撒旦法的说法的撒发生地方发撒旦法的说法撒旦法的说法的撒发生地方发撒旦法的说法撒旦法的说法的撒发生地方发撒旦法的说法撒旦法的说法的撒发生地方发撒旦法的说法撒旦法的说法','02',NULL,2019,NULL),(8,334,4,118,'但是发放公司规范规定放个地方广泛的过的风格但是发放公司规范规定放个地方广泛的过的风格但是发放公司规范规定放个地方广泛的过的风格但是发放公司规范规定放个地方广泛的过的风格但是发放公司规范规定放个地方广泛的过的风格但是发放公司规范规定放个地方广泛的过的风格但是发放公司规范规定放个地方广泛的过的风格但是发放公司规范规定放个地方广泛的过的风格但是发放公司规范规定放个地方广泛的过的风格但是发放公司规范规定放个地方广泛的过的风格但是发放公司规范规定放个地方广泛的过的风格','00','01',2019,NULL),(9,323,70,118,'fg sfhsddddddddddddddddddddfg sfhsddddddddddddddddddddfg sfhsddddddddddddddddddddfg sfhsddddddddddddddddddddfg sfhsddddddddddddddddddddfg sfhsddddddddddddddddddddfg sfhsddddddddddddddddddddfg sfhsddddddddddddddddddddfg sfhsddddddddddddddddddddfg sfhsddddddddddddddddddddfg sfhsddddddddddddddddddddfg sfhsddddddddddddddddddddfg sfhsddddddddddddddddddddfg sfhsddddddddddddddddddddfg sfhsddddddddddddddddddddfg sfhsddddddddddddddddddddfg sfhsddddddddddddddddddddfg sfhsddddddddddddddddddddfg sfhsddddddddddddddddddddfg sfhsddddddddddddddddddddfg sfhsdddddddddddddddddddd','00','01',2019,NULL),(10,323,88,118,'dsafffffffffffffffffffffffffffffffffffffffffffffffffffffffffffffffffffffffgdsafffffffffffffffffffffffffffffffffffffffffffffffffffffffffffffffffffffffgdsafffffffffffffffffffffffffffffffffffffffffffffffffffffffffffffffffffffffgdsafffffffffffffffffffffffffffffffffffffffffffffffffffffffffffffffffffffffgdsafffffffffffffffffffffffffffffffffffffffffffffffffffffffffffffffffffffffgdsafffffffffffffffffffffffffffffffffffffffffffffffffffffffffffffffffffffffgdsafffffffffffffffffffffffffffffffffffffffffffffffffffffffffffffffffffffffgdsafffffffffffffffffffffffffffffffffffffffffffffffffffffffffffffffffffffffgdsafffffffffffffffffffffffffffffffffffffffffffffffffffffffffffffffffffffffgdsafffffffffffffffffffffffffffffffffffffffffffffffffffffffffffffffffffffffgdsafffffffffffffffffffffffffffffffffffffffffffffffffffffffffffffffffffffffg','02',NULL,2019,NULL),(11,319,53,111,'少时诵诗书所所所所所所所所少时诵诗书所所所所所所所所少时诵诗书所所所所所所所所少时诵诗书所所所所所所所所少时诵诗书所所所所所所所所少时诵诗书所所所所所所所所少时诵诗书所所所所所所所所少时诵诗书所所所所所所所所少时诵诗书所所所所所所所所少时诵诗书所所所所所所所所少时诵诗书所所所所所所所所少时诵诗书所所所所所所所所少时诵诗书所所所所所所所所少时诵诗书所所所所所所所所少时诵诗书所所所所所所所所少时诵诗书所所所所所所所所少时诵诗书所所所所所所所所少时诵诗书所所所所所所所所少时诵诗书所所所所所所所所少时诵诗书所所所所所所所所少时诵诗书所所所所所所所所','00','01',2019,NULL),(12,318,32,111,'但事实上所所所所所所所所所所所所但事实上所所所所所所所所所所所所但事实上所所所所所所所所所所所所但事实上所所所所所所所所所所所所但事实上所所所所所所所所所所所所但事实上所所所所所所所所所所所所但事实上所所所所所所所所所所所所但事实上所所所所所所所所所所所所但事实上所所所所所所所所所所所所但事实上所所所所所所所所所所所所但事实上所所所所所所所所所所所所但事实上所所所所所所所所所所所所但事实上所所所所所所所所所所所所但事实上所所所所所所所所所所所所但事实上所所所所所所所所所所所所但事实上所所所所所所所所所所所所但事实上所所所所所所所所所所所所但事实上所所所所所所所所所所所所但事实上所所所所所所所所所所所所但事实上所所所所所所所所所所所所','00','01',2019,NULL),(13,318,20,111,'list()list()list()list()list()list()list()list()奋斗到多多多多多多多多多list()list()list()list()list()list()list()list()奋斗到多多多多多多多多多list()list()list()list()list()list()list()list()奋斗到多多多多多多多多多list()list()list()list()list()list()list()list()奋斗到多多多多多多多多多list()list()list()list()list()list()list()list()奋斗到多多多多多多多多多list()list()list()list()list()list()list()list()奋斗到多多多多多多多多多list()list()list()list()list()list()list()list()奋斗到多多多多多多多多多list()list()list()list()list()list()list()list()奋斗到多多多多多多多多多','02',NULL,2019,NULL),(14,319,10,111,'openDetail()openDetail()openDetail()openDetail()openDetail()openDetail()openDetail()openDetail()openDetail()openDetail()openDetail()openDetail()openDetail()openDetail()openDetail()openDetail()openDetail()openDetail()openDetail()openDetail()openDetail()openDetail()openDetail()openDetail()openDetail()openDetail()openDetail()openDetail()openDetail()openDetail()openDetail()openDetail()openDetail()openDetail()openDetail()openDetail()openDetail()openDetail()openDetail()openDetail()openDetail()openDetail()openDetail()openDetail()openDetail()openDetail()openDetail()openDetail()openDetail()openDetail()openDetail()openDetail()openDetail()openDetail()openDetail()openDetail()','02',NULL,2019,NULL),(15,320,7,111,'顶顶顶顶顶顶顶顶顶顶多多多多多多多多多多多多多多多多多多顶顶顶顶顶顶顶顶顶顶多多多多多多多多多多多多多多多多多多顶顶顶顶顶顶顶顶顶顶多多多多多多多多多多多多多多多多多多顶顶顶顶顶顶顶顶顶顶多多多多多多多多多多多多多多多多多多顶顶顶顶顶顶顶顶顶顶多多多多多多多多多多多多多多多多多多顶顶顶顶顶顶顶顶顶顶多多多多多多多多多多多多多多多多多多顶顶顶顶顶顶顶顶顶顶多多多多多多多多多多多多多多多多多多顶顶顶顶顶顶顶顶顶顶多多多多多多多多多多多多多多多多多多顶顶顶顶顶顶顶顶顶顶多多多多多多多多多多多多多多多多多多','00','00',2019,NULL),(16,320,8,111,'顶顶顶顶顶顶顶顶顶顶多多多多多多多多多多多多多多多多多多顶顶顶顶顶顶顶顶顶顶多多多多多多多多多多多多多多多多多多顶顶顶顶顶顶顶顶顶顶多多多多多多多多多多多多多多多多多多顶顶顶顶顶顶顶顶顶顶多多多多多多多多多多多多多多多多多多顶顶顶顶顶顶顶顶顶顶多多多多多多多多多多多多多多多多多多顶顶顶顶顶顶顶顶顶顶多多多多多多多多多多多多多多多多多多顶顶顶顶顶顶顶顶顶顶多多多多多多多多多多多多多多多多多多顶顶顶顶顶顶顶顶顶顶多多多多多多多多多多多多多多多多多多顶顶顶顶顶顶顶顶顶顶多多多多多多多多多多多多多多多多多多顶顶顶顶顶顶顶顶顶顶多多多多多多多多多多多多多多多多多多顶顶顶顶顶顶顶顶顶顶多多多多多多多多多多多多多多多多多多','02',NULL,2019,NULL),(17,283,86,111,'啥地方咖啡色的啦啥地方咖啡色的啦啥地方咖啡色的啦啥地方咖啡色的啦啥地方咖啡色的啦啥地方咖啡色的啦啥地方咖啡色的啦啥地方咖啡色的啦啥地方咖啡色的啦啥地方咖啡色的啦啥地方咖啡色的啦啥地方咖啡色的啦啥地方咖啡色的啦啥地方咖啡色的啦啥地方咖啡色的啦啥地方咖啡色的啦啥地方咖啡色的啦啥地方咖啡色的啦啥地方咖啡色的啦啥地方咖啡色的啦啥地方咖啡色的啦啥地方咖啡色的啦啥地方咖啡色的啦啥地方咖啡色的啦啥地方咖啡色的啦啥地方咖啡色的啦啥地方咖啡色的啦啥地方咖啡色的啦啥地方咖啡色的啦啥地方咖啡色的啦啥地方咖啡色的啦啥地方咖啡色的啦啥地方咖啡色的啦啥地方咖啡色的啦','00','01',2019,NULL),(18,283,68,111,'啥地方咖啡色的啦啥地方咖啡色的啦啥地方咖啡色的啦啥地方咖啡色的啦啥地方咖啡色的啦啥地方咖啡色的啦啥地方咖啡色的啦啥地方咖啡色的啦啥地方咖啡色的啦啥地方咖啡色的啦啥地方咖啡色的啦啥地方咖啡色的啦啥地方咖啡色的啦啥地方咖啡色的啦啥地方咖啡色的啦啥地方咖啡色的啦啥地方咖啡色的啦啥地方咖啡色的啦啥地方咖啡色的啦啥地方咖啡色的啦啥地方咖啡色的啦啥地方咖啡色的啦啥地方咖啡色的啦啥地方咖啡色的啦啥地方咖啡色的啦啥地方咖啡色的啦啥地方咖啡色的啦啥地方咖啡色的啦啥地方咖啡色的啦啥地方咖啡色的啦啥地方咖啡色的啦啥地方咖啡色的啦啥地方咖啡色的啦啥地方咖啡色的啦','02',NULL,2019,NULL),(19,323,86,118,'asdffffffffffffffff 介绍了打卡发放的昂视的理解asdffffffffffffffff 介绍了打卡发放的昂视的理解asdffffffffffffffff 介绍了打卡发放的昂视的理解asdffffffffffffffff 介绍了打卡发放的昂视的理解asdffffffffffffffff 介绍了打卡发放的昂视的理解asdffffffffffffffff 介绍了打卡发放的昂视的理解asdffffffffffffffff 介绍了打卡发放的昂视的理解asdffffffffffffffff 介绍了打卡发放的昂视的理解asdffffffffffffffff 介绍了打卡发放的昂视的理解asdffffffffffffffff 介绍了打卡发放的昂视的理解asdffffffffffffffff 介绍了打卡发放的昂视的理解asdffffffffffffffff 介绍了打卡发放的昂视的理解asdffffffffffffffff 介绍了打卡发放的昂视的理解asdffffffffffffffff 介绍了打卡发放的昂视的理解asdffffffffffffffff 介绍了打卡发放的昂视的理解asdffffffffffffffff 介绍了打卡发放的昂视的理解asdffffffffffffffff 介绍了打卡发放的昂视的理解','01','01',2019,NULL),(20,324,72,118,'akfhklas fak健康的飞洒开发akfhklas fak健康的飞洒开发akfhklas fak健康的飞洒开发akfhklas fak健康的飞洒开发akfhklas fak健康的飞洒开发akfhklas fak健康的飞洒开发akfhklas fak健康的飞洒开发akfhklas fak健康的飞洒开发akfhklas fak健康的飞洒开发akfhklas fak健康的飞洒开发akfhklas fak健康的飞洒开发akfhklas fak健康的飞洒开发akfhklas fak健康的飞洒开发akfhklas fak健康的飞洒开发akfhklas fak健康的飞洒开发akfhklas fak健康的飞洒开发akfhklas fak健康的飞洒开发akfhklas fak健康的飞洒开发akfhklas fak健康的飞洒开发akfhklas fak健康的飞洒开发akfhklas fak健康的飞洒开发akfhklas fak健康的飞洒开发akfhklas fak健康的飞洒开发akfhklas fak健康的飞洒开发','00','01',2019,NULL),(21,324,89,118,'akfhklas fak健康的飞洒开发akfhklas fak健康的飞洒开发akfhklas fak健康的飞洒开发akfhklas fak健康的飞洒开发akfhklas fak健康的飞洒开发akfhklas fak健康的飞洒开发akfhklas fak健康的飞洒开发akfhklas fak健康的飞洒开发akfhklas fak健康的飞洒开发akfhklas fak健康的飞洒开发akfhklas fak健康的飞洒开发akfhklas fak健康的飞洒开发akfhklas fak健康的飞洒开发akfhklas fak健康的飞洒开发akfhklas fak健康的飞洒开发akfhklas fak健康的飞洒开发akfhklas fak健康的飞洒开发akfhklas fak健康的飞洒开发akfhklas fak健康的飞洒开发akfhklas fak健康的飞洒开发akfhklas fak健康的飞洒开发akfhklas fak健康的飞洒开发akfhklas fak健康的飞洒开发akfhklas fak健康的飞洒开发akfhklas fak健康的飞洒开发akfhklas fak健康的飞洒开发','02',NULL,2019,NULL),(22,512,40,159,'不止学毛皮还要学皮毛不止学毛皮还要学皮毛不止学毛皮还要学皮毛不止学毛皮还要学皮毛不止学毛皮还要学皮毛不止学毛皮还要学皮毛不止学毛皮还要学皮毛不止学毛皮还要学皮毛不止学毛皮还要学皮毛不止学毛皮还要学皮毛不止学毛皮还要学皮毛不止学毛皮还要学皮毛不止学毛皮还要学皮毛不止学毛皮还要学皮毛不止学毛皮还要学皮毛不止学毛皮还要学皮毛不止学毛皮还要学皮毛不止学毛皮还要学皮毛不止学毛皮还要学皮毛不止学毛皮还要学皮毛不止学毛皮还要学皮毛不止学毛皮还要学皮毛不止学毛皮还要学皮毛不止学毛皮还要学皮毛不止学毛皮还要学皮毛不止学毛皮还要学皮毛不止学毛皮还要学皮毛不止学毛皮还要学皮毛不止学毛皮还要学皮毛不止学毛皮还要学皮毛不止学毛皮还要学皮毛不止学毛皮还要学皮毛不止学毛皮还要学皮毛不止学毛皮还要学皮毛不止学毛皮还要学皮毛不止学毛皮还要学皮毛不止学毛皮还要学皮毛不止学毛皮还要学皮毛不止学毛皮还要学皮毛不止学毛皮还要学皮毛不止学毛皮还要学皮毛不止学毛皮还要学皮毛不止学毛皮还要学皮毛不止学毛皮还要学皮毛不止学毛皮还要学皮毛','00','01',2019,NULL),(23,512,36,159,'6666666666666666666666666666666666666666666666666666666666666666666666666666666666666666666666666666666666666666666666666666666666666666666666666666666666666666666666666666666666666666666666666666666666666666666666666666666666666666666666666666666666666666666666666666666666666666666666666666666666666666666666666666666666666666666666666666666666666666666666666666666666666666666666666666666666666666666666666666666666666666666666666666666666666666','02',NULL,2019,NULL),(24,362,65,144,'555555555555555555555555555555555555555555555555555555555555555555555555555555555555555555555555555555555555555555555555555555555555555555555555555555555555555555555555555555555555555555555555555555555555555555555555555555555555555555555555555555555555555555555555555555555555555555555555555555555555555555555555555555555555555555555555555555555555555555555555555555555555555555555555555555','01','01',2019,NULL);
/*!40000 ALTER TABLE `review` ENABLE KEYS */;
UNLOCK TABLES;

--
-- Table structure for table `review_score`
--

DROP TABLE IF EXISTS `review_score`;
/*!40101 SET @saved_cs_client     = @@character_set_client */;
/*!40101 SET character_set_client = utf8 */;
CREATE TABLE `review_score` (
  `review_score_id` int(11) NOT NULL AUTO_INCREMENT,
  `review_id` int(11) DEFAULT NULL COMMENT '评阅Id',
  `score_item_id` int(11) NOT NULL COMMENT '评分项目Id',
  `score` float DEFAULT NULL COMMENT '得分',
  `weight` int(11) DEFAULT NULL COMMENT '权值',
  `remark` varchar(255) DEFAULT NULL COMMENT '备注',
  `year` int(11) DEFAULT NULL COMMENT '年度',
  `opTime` datetime DEFAULT NULL COMMENT '分配时间',
  PRIMARY KEY (`review_score_id`)
) ENGINE=InnoDB AUTO_INCREMENT=250 DEFAULT CHARSET=utf8;
/*!40101 SET character_set_client = @saved_cs_client */;

--
-- Dumping data for table `review_score`
--

LOCK TABLES `review_score` WRITE;
/*!40000 ALTER TABLE `review_score` DISABLE KEYS */;
INSERT INTO `review_score` (`review_score_id`, `review_id`, `score_item_id`, `score`, `weight`, `remark`, `year`, `opTime`) VALUES (50,4,1,1,1,NULL,2019,NULL),(51,4,2,2,2,NULL,2019,NULL),(52,4,3,3,3,NULL,2019,NULL),(53,4,4,4,4,NULL,2019,NULL),(54,4,5,0,5,NULL,2019,NULL),(55,4,6,0,6,NULL,2019,NULL),(56,4,7,0,7,NULL,2019,NULL),(57,4,8,0,8,NULL,2019,NULL),(58,4,9,0,9,NULL,2019,NULL),(59,4,10,0,10,NULL,2019,NULL),(60,4,11,0,11,NULL,2019,NULL),(61,4,12,0,12,NULL,2019,NULL),(62,5,1,1,1,NULL,2019,NULL),(63,5,2,2,2,NULL,2019,NULL),(64,5,3,3,3,NULL,2019,NULL),(65,5,4,0,4,NULL,2019,NULL),(66,5,5,0,5,NULL,2019,NULL),(67,5,6,0,6,NULL,2019,NULL),(68,5,7,0,7,NULL,2019,NULL),(69,5,8,0,8,NULL,2019,NULL),(70,5,9,0,9,NULL,2019,NULL),(71,5,10,0,10,NULL,2019,NULL),(72,5,11,0,11,NULL,2019,NULL),(73,5,12,0,12,NULL,2019,NULL),(80,7,26,1,1,NULL,2019,NULL),(81,7,27,2,2,NULL,2019,NULL),(82,7,28,3,3,NULL,2019,NULL),(83,7,29,0,4,NULL,2019,NULL),(84,7,30,0,5,NULL,2019,NULL),(85,7,31,0,6,NULL,2019,NULL),(86,8,1,2,1,NULL,2019,NULL),(87,8,2,1,2,NULL,2019,NULL),(88,8,3,0,3,NULL,2019,NULL),(89,8,4,1,4,NULL,2019,NULL),(90,8,5,0,5,NULL,2019,NULL),(91,8,6,0,6,NULL,2019,NULL),(92,8,7,0,7,NULL,2019,NULL),(93,8,8,0,8,NULL,2019,NULL),(94,8,9,0,9,NULL,2019,NULL),(95,8,10,0,10,NULL,2019,NULL),(96,8,11,0,11,NULL,2019,NULL),(97,8,12,0,12,NULL,2019,NULL),(98,9,1,6,1,NULL,2019,NULL),(99,9,2,6,2,NULL,2019,NULL),(100,9,3,6,3,NULL,2019,NULL),(101,9,4,6,4,NULL,2019,NULL),(102,9,5,6,5,NULL,2019,NULL),(103,9,6,6,6,NULL,2019,NULL),(104,9,7,6,7,NULL,2019,NULL),(105,9,8,6,8,NULL,2019,NULL),(106,9,9,6,9,NULL,2019,NULL),(107,9,10,5,10,NULL,2019,NULL),(108,9,11,5,11,NULL,2019,NULL),(109,9,12,6,12,NULL,2019,NULL),(110,10,26,10,1,NULL,2019,NULL),(111,10,27,10,2,NULL,2019,NULL),(112,10,28,18,3,NULL,2019,NULL),(113,10,29,9,4,NULL,2019,NULL),(114,10,30,20,5,NULL,2019,NULL),(115,10,31,21,6,NULL,2019,NULL),(116,11,1,7,1,NULL,2019,NULL),(117,11,2,7,2,NULL,2019,NULL),(118,11,3,6,3,NULL,2019,NULL),(119,11,4,0,4,NULL,2019,NULL),(120,11,5,8,5,NULL,2019,NULL),(121,11,6,7,6,NULL,2019,NULL),(122,11,7,8,7,NULL,2019,NULL),(123,11,8,10,8,NULL,2019,NULL),(124,11,9,0,9,NULL,2019,NULL),(125,11,10,0,10,NULL,2019,NULL),(126,11,11,0,11,NULL,2019,NULL),(127,11,12,0,12,NULL,2019,NULL),(128,12,1,7,1,NULL,2019,NULL),(129,12,2,7,2,NULL,2019,NULL),(130,12,3,0,3,NULL,2019,NULL),(131,12,4,7,4,NULL,2019,NULL),(132,12,5,4,5,NULL,2019,NULL),(133,12,6,0,6,NULL,2019,NULL),(134,12,7,0,7,NULL,2019,NULL),(135,12,8,0,8,NULL,2019,NULL),(136,12,9,7,9,NULL,2019,NULL),(137,12,10,0,10,NULL,2019,NULL),(138,12,11,0,11,NULL,2019,NULL),(139,12,12,0,12,NULL,2019,NULL),(140,13,26,7,1,NULL,2019,NULL),(141,13,27,0,2,NULL,2019,NULL),(142,13,28,6,3,NULL,2019,NULL),(143,13,29,7,4,NULL,2019,NULL),(144,13,30,0,5,NULL,2019,NULL),(145,13,31,0,6,NULL,2019,NULL),(146,14,26,10,1,NULL,2019,NULL),(147,14,27,0,2,NULL,2019,NULL),(148,14,28,0,3,NULL,2019,NULL),(149,14,29,0,4,NULL,2019,NULL),(150,14,30,0,5,NULL,2019,NULL),(151,14,31,0,6,NULL,2019,NULL),(152,15,1,7,1,NULL,2019,NULL),(153,15,2,0,2,NULL,2019,NULL),(154,15,3,0,3,NULL,2019,NULL),(155,15,4,0,4,NULL,2019,NULL),(156,15,5,0,5,NULL,2019,NULL),(157,15,6,0,6,NULL,2019,NULL),(158,15,7,0,7,NULL,2019,NULL),(159,15,8,0,8,NULL,2019,NULL),(160,15,9,0,9,NULL,2019,NULL),(161,15,10,0,10,NULL,2019,NULL),(162,15,11,0,11,NULL,2019,NULL),(163,15,12,0,12,NULL,2019,NULL),(164,16,26,0,1,NULL,2019,NULL),(165,16,27,8,2,NULL,2019,NULL),(166,16,28,0,3,NULL,2019,NULL),(167,16,29,0,4,NULL,2019,NULL),(168,16,30,0,5,NULL,2019,NULL),(169,16,31,0,6,NULL,2019,NULL),(170,17,1,7,1,NULL,2019,NULL),(171,17,2,7,2,NULL,2019,NULL),(172,17,3,6,3,NULL,2019,NULL),(173,17,4,8,4,NULL,2019,NULL),(174,17,5,9,5,NULL,2019,NULL),(175,17,6,9,6,NULL,2019,NULL),(176,17,7,9,7,NULL,2019,NULL),(177,17,8,8,8,NULL,2019,NULL),(178,17,9,7,9,NULL,2019,NULL),(179,17,10,5,10,NULL,2019,NULL),(180,17,11,5,11,NULL,2019,NULL),(181,17,12,6,12,NULL,2019,NULL),(182,18,26,7,1,NULL,2019,NULL),(183,18,27,7,2,NULL,2019,NULL),(184,18,28,13,3,NULL,2019,NULL),(185,18,29,9,4,NULL,2019,NULL),(186,18,30,8,5,NULL,2019,NULL),(187,18,31,24,6,NULL,2019,NULL),(188,19,13,5,1,NULL,2019,NULL),(189,19,14,5,2,NULL,2019,NULL),(190,19,15,5,3,NULL,2019,NULL),(191,19,16,5,4,NULL,2019,NULL),(192,19,17,8,5,NULL,2019,NULL),(193,19,18,7,6,NULL,2019,NULL),(194,19,19,8,7,NULL,2019,NULL),(195,19,20,7,8,NULL,2019,NULL),(196,19,21,6,9,NULL,2019,NULL),(197,19,22,8,10,NULL,2019,NULL),(198,19,23,7,11,NULL,2019,NULL),(199,19,24,7,12,NULL,2019,NULL),(200,19,25,8,13,NULL,2019,NULL),(201,20,1,7,1,NULL,2019,NULL),(202,20,2,6,2,NULL,2019,NULL),(203,20,3,6,3,NULL,2019,NULL),(204,20,4,6,4,NULL,2019,NULL),(205,20,5,6,5,NULL,2019,NULL),(206,20,6,6,6,NULL,2019,NULL),(207,20,7,6,7,NULL,2019,NULL),(208,20,8,6,8,NULL,2019,NULL),(209,20,9,6,9,NULL,2019,NULL),(210,20,10,5,10,NULL,2019,NULL),(211,20,11,5,11,NULL,2019,NULL),(212,20,12,7,12,NULL,2019,NULL),(213,21,26,10,1,NULL,2019,NULL),(214,21,27,10,2,NULL,2019,NULL),(215,21,28,16,3,NULL,2019,NULL),(216,21,29,10,4,NULL,2019,NULL),(217,21,30,16,5,NULL,2019,NULL),(218,21,31,27,6,NULL,2019,NULL),(219,22,1,1,1,NULL,2019,NULL),(220,22,2,1,2,NULL,2019,NULL),(221,22,3,2,3,NULL,2019,NULL),(222,22,4,3,4,NULL,2019,NULL),(223,22,5,4,5,NULL,2019,NULL),(224,22,6,5,6,NULL,2019,NULL),(225,22,7,6,7,NULL,2019,NULL),(226,22,8,7,8,NULL,2019,NULL),(227,22,9,8,9,NULL,2019,NULL),(228,22,10,1,10,NULL,2019,NULL),(229,22,11,1,11,NULL,2019,NULL),(230,22,12,1,12,NULL,2019,NULL),(231,23,26,6,1,NULL,2019,NULL),(232,23,27,6,2,NULL,2019,NULL),(233,23,28,6,3,NULL,2019,NULL),(234,23,29,6,4,NULL,2019,NULL),(235,23,30,6,5,NULL,2019,NULL),(236,23,31,6,6,NULL,2019,NULL),(237,24,13,5,1,NULL,2019,NULL),(238,24,14,5,2,NULL,2019,NULL),(239,24,15,5,3,NULL,2019,NULL),(240,24,16,5,4,NULL,2019,NULL),(241,24,17,5,5,NULL,2019,NULL),(242,24,18,5,6,NULL,2019,NULL),(243,24,19,5,7,NULL,2019,NULL),(244,24,20,5,8,NULL,2019,NULL),(245,24,21,5,9,NULL,2019,NULL),(246,24,22,5,10,NULL,2019,NULL),(247,24,23,5,11,NULL,2019,NULL),(248,24,24,5,12,NULL,2019,NULL),(249,24,25,5,13,NULL,2019,NULL);
/*!40000 ALTER TABLE `review_score` ENABLE KEYS */;
UNLOCK TABLES;

--
-- Table structure for table `score_item`
--

DROP TABLE IF EXISTS `score_item`;
/*!40101 SET @saved_cs_client     = @@character_set_client */;
/*!40101 SET character_set_client = utf8 */;
CREATE TABLE `score_item` (
  `score_item_id` int(11) NOT NULL AUTO_INCREMENT COMMENT '评分项目Id',
  `item_group_no` varchar(11) DEFAULT NULL COMMENT '评分项目分组编号',
  `item_name` varchar(255) DEFAULT NULL COMMENT '评分项目名称',
  `item_score` int(11) DEFAULT NULL COMMENT '分值',
  `weight` int(11) DEFAULT NULL COMMENT '权值',
  `item_type` varchar(255) DEFAULT NULL COMMENT '评分项目类型：00-评阅   01-规范审查',
  `year` int(11) DEFAULT NULL COMMENT '年度',
  PRIMARY KEY (`score_item_id`)
) ENGINE=InnoDB AUTO_INCREMENT=32 DEFAULT CHARSET=utf8;
/*!40101 SET character_set_client = @saved_cs_client */;

--
-- Dumping data for table `score_item`
--

LOCK TABLES `score_item` WRITE;
/*!40000 ALTER TABLE `score_item` DISABLE KEYS */;
INSERT INTO `score_item` (`score_item_id`, `item_group_no`, `item_name`, `item_score`, `weight`, `item_type`, `year`) VALUES (1,'g00-1','学习态度',7,1,'00',2019),(2,'g00-1','科学实践、调研',7,2,'00',2019),(3,'g00-1','题目工作量',6,3,'00',2019),(4,'g00-2','查阅文献资料',10,1,'00',2019),(5,'g00-2','综合运用知识能力',10,2,'00',2019),(6,'g00-2','研究方案的设计能力',10,3,'00',2019),(7,'g00-2','研究方法和手段的运用能力',10,4,'00',2019),(8,'g00-3','外文运用能力',10,1,'00',2019),(9,'g00-3','写作水平',10,2,'00',2019),(10,'g00-3','写作规范',5,3,'00',2019),(11,'g00-3','篇幅',5,4,'00',2019),(12,'g00-3','成果的理论或实际价值',10,5,'00',2019),(13,'g01-1','专业培养目标',5,1,'00',2019),(14,'g01-1','理论意义或实际价值',5,2,'00',2019),(15,'g01-1','选题',5,3,'00',2019),(16,'g01-1','题目工作量',5,4,'00',2019),(17,'g01-2','查阅文献资料',8,1,'00',2019),(18,'g01-2','综合运用知识能力',8,2,'00',2019),(19,'g01-2','研究方案的设计能力',8,3,'00',2019),(20,'g01-2','研究方法和手段的运用能力',8,4,'00',2019),(21,'g01-2','外文运用能力',8,5,'00',2019),(22,'g01-3','写作水平',12,1,'00',2019),(23,'g01-3','写作规范',8,2,'00',2019),(24,'g01-3','篇幅',8,3,'00',2019),(25,'g01-3','成果的理论或实际价值',12,4,'00',2019),(26,'g02-1','开题报告完成情况',10,1,'01',2019),(27,'g02-1','毕业实习、毕业设计(论文)出勤情况',10,2,'01',2019),(28,'g02-1','毕业设计(论文)工作进度完成情况',20,3,'01',2019),(29,'g02-1','中、英文摘要、外文资料完成情况',10,4,'01',2019),(30,'g02-1','独立完成情况',20,5,'01',2019),(31,'g02-1','毕业设计(论文)内容、格式规范情况',30,6,'01',2019);
/*!40000 ALTER TABLE `score_item` ENABLE KEYS */;
UNLOCK TABLES;

--
-- Table structure for table `score_item_group`
--

DROP TABLE IF EXISTS `score_item_group`;
/*!40101 SET @saved_cs_client     = @@character_set_client */;
/*!40101 SET character_set_client = utf8 */;
CREATE TABLE `score_item_group` (
  `item_group_id` int(11) NOT NULL AUTO_INCREMENT COMMENT '评分项目分组Id',
  `group_name` varchar(255) DEFAULT NULL COMMENT '评分项目组名',
  `weight` int(11) DEFAULT NULL COMMENT '权值',
  `group_percent` varchar(255) DEFAULT NULL COMMENT '百分比',
  `group_type` varchar(255) DEFAULT NULL COMMENT '分组类别：00-指导老师评阅  01-评阅老师评阅  02-指导老师规范审查',
  `group_no` varchar(255) DEFAULT NULL COMMENT '组编号',
  PRIMARY KEY (`item_group_id`)
) ENGINE=InnoDB AUTO_INCREMENT=8 DEFAULT CHARSET=utf8;
/*!40101 SET character_set_client = @saved_cs_client */;

--
-- Dumping data for table `score_item_group`
--

LOCK TABLES `score_item_group` WRITE;
/*!40000 ALTER TABLE `score_item_group` DISABLE KEYS */;
INSERT INTO `score_item_group` (`item_group_id`, `group_name`, `weight`, `group_percent`, `group_type`, `group_no`) VALUES (1,'工作表现',1,'20%','00','g00-1'),(2,'能力水平',2,'50%','00','g00-2'),(3,'成果质量',3,'30%','00','g00-3'),(4,'选题质量',1,'20%','01','g01-1'),(5,'能力水平',2,'40%','01','g01-2'),(6,'成果质量',3,'40%','01','g01-3'),(7,'评阅老师评阅审查',1,NULL,'02','g02-1');
/*!40000 ALTER TABLE `score_item_group` ENABLE KEYS */;
UNLOCK TABLES;

--
-- Table structure for table `student_file`
--

DROP TABLE IF EXISTS `student_file`;
/*!40101 SET @saved_cs_client     = @@character_set_client */;
/*!40101 SET character_set_client = utf8 */;
CREATE TABLE `student_file` (
  `file_id` int(11) NOT NULL DEFAULT '0',
  `file_name` varchar(255) DEFAULT NULL,
  `stu_id` int(11) DEFAULT NULL,
  `teacher_id` int(11) DEFAULT NULL,
  `year` int(11) DEFAULT NULL,
  PRIMARY KEY (`file_id`)
) ENGINE=InnoDB DEFAULT CHARSET=utf8;
/*!40101 SET character_set_client = @saved_cs_client */;

--
-- Dumping data for table `student_file`
--

LOCK TABLES `student_file` WRITE;
/*!40000 ALTER TABLE `student_file` DISABLE KEYS */;
/*!40000 ALTER TABLE `student_file` ENABLE KEYS */;
UNLOCK TABLES;

--
-- Table structure for table `student_paper`
--

DROP TABLE IF EXISTS `student_paper`;
/*!40101 SET @saved_cs_client     = @@character_set_client */;
/*!40101 SET character_set_client = utf8 */;
CREATE TABLE `student_paper` (
  `paper_id` int(11) NOT NULL AUTO_INCREMENT,
  `paper_name` varchar(255) DEFAULT NULL COMMENT '论文名称',
  `stu_id` int(11) DEFAULT NULL,
  `teacher_id` int(11) DEFAULT NULL,
  `year` int(11) DEFAULT NULL,
  `path` varchar(255) DEFAULT NULL,
  `file_size` int(11) DEFAULT NULL COMMENT '文件大小',
  `file_type` varchar(255) DEFAULT NULL COMMENT '文件类型（1-论文 2-查重报告 3-承诺书）',
  `opTime` datetime DEFAULT NULL COMMENT '分配时间',
  PRIMARY KEY (`paper_id`)
) ENGINE=InnoDB AUTO_INCREMENT=5 DEFAULT CHARSET=utf8;
/*!40101 SET character_set_client = @saved_cs_client */;

--
-- Dumping data for table `student_paper`
--

LOCK TABLES `student_paper` WRITE;
/*!40000 ALTER TABLE `student_paper` DISABLE KEYS */;
INSERT INTO `student_paper` (`paper_id`, `paper_name`, `stu_id`, `teacher_id`, `year`, `path`, `file_size`, `file_type`, `opTime`) VALUES (1,'各种密码.txt',324,180,2019,'D:\\Program Files\\Apache Software Foundation\\Tomcat 8.5\\webapps\\gdm\\attached\\paper\\CDFD652A-3D4A-46EA-AD4D-3F4B26B3BA20_各种密码.txt',NULL,NULL,NULL),(2,'看你们把运维给逼到什么程度了！.jpg',280,159,2019,'/upload/10F19CAA-66E4-45CA-ADB5-AA03D6160C8F_看你们把运维给逼到什么程度了！.jpg',56722,'00',NULL),(3,'接口定义好了，后台简单实现一下先上线再说.jpeg',280,159,2019,'/upload/98510F2B-5290-43AE-9A84-9CC0E41CF6C2_接口定义好了，后台简单实现一下先上线再说.jpeg',260712,'01',NULL),(4,'Screenshot from 2019-06-14 12-16-10.png',280,159,2019,'/upload/13418A2C-C864-4970-BC80-B4935587F7BE_Screenshot from 2019-06-14 12-16-10.png',1246132,'02',NULL);
/*!40000 ALTER TABLE `student_paper` ENABLE KEYS */;
UNLOCK TABLES;

--
-- Table structure for table `sys_category`
--

DROP TABLE IF EXISTS `sys_category`;
/*!40101 SET @saved_cs_client     = @@character_set_client */;
/*!40101 SET character_set_client = utf8 */;
CREATE TABLE `sys_category` (
  `category_id` int(11) NOT NULL AUTO_INCREMENT,
  `category_name` varchar(250) DEFAULT NULL,
  `dept_number` varchar(250) DEFAULT NULL,
  PRIMARY KEY (`category_id`)
) ENGINE=InnoDB AUTO_INCREMENT=9 DEFAULT CHARSET=utf8;
/*!40101 SET character_set_client = @saved_cs_client */;

--
-- Dumping data for table `sys_category`
--

LOCK TABLES `sys_category` WRITE;
/*!40000 ALTER TABLE `sys_category` DISABLE KEYS */;
INSERT INTO `sys_category` (`category_id`, `category_name`, `dept_number`) VALUES (3,'计算机类','201700201'),(4,'物联网类','201700201'),(5,'数字媒体类','201700201'),(6,'电子类','201700201'),(7,'数学类','201700201'),(8,'软件类','201700201');
/*!40000 ALTER TABLE `sys_category` ENABLE KEYS */;
UNLOCK TABLES;

--
-- Table structure for table `sys_class`
--

DROP TABLE IF EXISTS `sys_class`;
/*!40101 SET @saved_cs_client     = @@character_set_client */;
/*!40101 SET character_set_client = utf8 */;
CREATE TABLE `sys_class` (
  `class_id` int(11) NOT NULL AUTO_INCREMENT,
  `class_no` varchar(50) DEFAULT NULL COMMENT '班级编号',
  `class_name` varchar(50) DEFAULT NULL COMMENT '班级名称',
  `dept_number` varchar(255) DEFAULT NULL COMMENT '学院编号',
  `major_id` int(11) DEFAULT NULL COMMENT '专业Id',
  PRIMARY KEY (`class_id`)
) ENGINE=InnoDB AUTO_INCREMENT=17 DEFAULT CHARSET=utf8;
/*!40101 SET character_set_client = @saved_cs_client */;

--
-- Dumping data for table `sys_class`
--

LOCK TABLES `sys_class` WRITE;
/*!40000 ALTER TABLE `sys_class` DISABLE KEYS */;
INSERT INTO `sys_class` (`class_id`, `class_no`, `class_name`, `dept_number`, `major_id`) VALUES (1,'','14软件工程1班','201700201',4),(2,'','14软件工程2班','201700201',4),(3,NULL,'14软件工程中职升本班','201700201',4),(4,NULL,'14物联网工程','201700201',5),(5,NULL,'14电子信息工程1班','201700201',8),(7,NULL,'14电子与科学技术班','201700201',11),(8,NULL,'14数学与应用数学班','201700201',9),(9,NULL,'14计算机与科学技术班','201700201',6),(10,NULL,'14电子信息工程2班','201700201',8),(11,NULL,'14信息与计算科学班','201700201',11),(12,NULL,'14电子科学与技术班','201700201',10),(13,NULL,'13软件工程中职升本班','201700201',4),(14,NULL,'13软件工程2班','201700201',4),(15,NULL,'13软件工程1班','201700201',4),(16,NULL,'14数字媒体应用技术','201700201',12);
/*!40000 ALTER TABLE `sys_class` ENABLE KEYS */;
UNLOCK TABLES;

--
-- Table structure for table `sys_classroom`
--

DROP TABLE IF EXISTS `sys_classroom`;
/*!40101 SET @saved_cs_client     = @@character_set_client */;
/*!40101 SET character_set_client = utf8 */;
CREATE TABLE `sys_classroom` (
  `id` int(11) NOT NULL AUTO_INCREMENT,
  `classroom_name` varchar(255) NOT NULL COMMENT '教研室名称',
  PRIMARY KEY (`id`)
) ENGINE=InnoDB AUTO_INCREMENT=33 DEFAULT CHARSET=utf8;
/*!40101 SET character_set_client = @saved_cs_client */;

--
-- Dumping data for table `sys_classroom`
--

LOCK TABLES `sys_classroom` WRITE;
/*!40000 ALTER TABLE `sys_classroom` DISABLE KEYS */;
INSERT INTO `sys_classroom` (`id`, `classroom_name`) VALUES (1,'n201'),(2,'n202'),(3,'n203'),(4,'n204'),(5,'n205'),(7,'n301'),(8,'n302'),(9,'n303'),(10,'n304'),(11,'n305'),(12,'n401'),(13,'n501'),(14,'n402'),(15,'n405'),(16,'n403'),(17,'n502'),(18,'n404'),(19,'n503'),(20,'n504'),(21,'n505'),(22,'n601'),(23,'n602'),(24,'n603'),(25,'n604'),(26,'n605'),(27,'m401'),(28,'m402'),(29,'m403'),(30,'m404'),(31,'m405'),(32,'m406');
/*!40000 ALTER TABLE `sys_classroom` ENABLE KEYS */;
UNLOCK TABLES;

--
-- Table structure for table `sys_department`
--

DROP TABLE IF EXISTS `sys_department`;
/*!40101 SET @saved_cs_client     = @@character_set_client */;
/*!40101 SET character_set_client = utf8 */;
CREATE TABLE `sys_department` (
  `id` int(11) NOT NULL AUTO_INCREMENT,
  `dept_number` varchar(250) DEFAULT NULL COMMENT '学院',
  `dept_name` varchar(250) DEFAULT NULL COMMENT '学院名称',
  `dept_description` varchar(250) DEFAULT NULL COMMENT '学院描述',
  PRIMARY KEY (`id`)
) ENGINE=InnoDB AUTO_INCREMENT=14 DEFAULT CHARSET=utf8;
/*!40101 SET character_set_client = @saved_cs_client */;

--
-- Dumping data for table `sys_department`
--

LOCK TABLES `sys_department` WRITE;
/*!40000 ALTER TABLE `sys_department` DISABLE KEYS */;
INSERT INTO `sys_department` (`id`, `dept_number`, `dept_name`, `dept_description`) VALUES (1,'201700201','信息与电子工程学院',' 	信息与电子工程学院'),(2,'201700202','大数据与软件工程学院','大数据与软件工程学院'),(3,'201700203','教师教育学院','教师教育学院'),(4,'201700204','宝石与艺术设计学院','宝石与艺术设计学院'),(5,'201700205','外国语学院','外国语学院'),(6,'201700206','商学院','商学院'),(7,'201700207','机械与材料工程学院','机械与材料工程学院'),(8,'201700208','化学工程与资源再利用学院','化学工程与资源再利用学院'),(9,'201700209','文学与传媒学院','文学与传媒学院'),(10,'201700210','法学与公共管理学院','法学与公共管理学院'),(11,'201700211','马克思主义学院','马克思主义学院'),(12,'201700212','继续教育学院','继续教育学院'),(13,'201700213','高等职业技术学院 ','高等职业技术学院 ');
/*!40000 ALTER TABLE `sys_department` ENABLE KEYS */;
UNLOCK TABLES;

--
-- Table structure for table `sys_directions`
--

DROP TABLE IF EXISTS `sys_directions`;
/*!40101 SET @saved_cs_client     = @@character_set_client */;
/*!40101 SET character_set_client = utf8 */;
CREATE TABLE `sys_directions` (
  `directions_id` int(11) NOT NULL AUTO_INCREMENT,
  `directions_name` varchar(225) DEFAULT NULL,
  PRIMARY KEY (`directions_id`)
) ENGINE=InnoDB AUTO_INCREMENT=6 DEFAULT CHARSET=utf8;
/*!40101 SET character_set_client = @saved_cs_client */;

--
-- Dumping data for table `sys_directions`
--

LOCK TABLES `sys_directions` WRITE;
/*!40000 ALTER TABLE `sys_directions` DISABLE KEYS */;
INSERT INTO `sys_directions` (`directions_id`, `directions_name`) VALUES (1,'软件开发'),(2,'AR技术'),(3,'网络安全'),(4,'UI设计'),(5,'软件测试');
/*!40000 ALTER TABLE `sys_directions` ENABLE KEYS */;
UNLOCK TABLES;

--
-- Table structure for table `sys_duties`
--

DROP TABLE IF EXISTS `sys_duties`;
/*!40101 SET @saved_cs_client     = @@character_set_client */;
/*!40101 SET character_set_client = utf8 */;
CREATE TABLE `sys_duties` (
  `duties_id` int(11) NOT NULL AUTO_INCREMENT,
  `duties_no` varchar(255) DEFAULT NULL COMMENT '职称编号',
  `duties_name` varchar(255) DEFAULT NULL COMMENT '职务名称',
  PRIMARY KEY (`duties_id`)
) ENGINE=InnoDB AUTO_INCREMENT=27 DEFAULT CHARSET=utf8;
/*!40101 SET character_set_client = @saved_cs_client */;

--
-- Dumping data for table `sys_duties`
--

LOCK TABLES `sys_duties` WRITE;
/*!40000 ALTER TABLE `sys_duties` DISABLE KEYS */;
INSERT INTO `sys_duties` (`duties_id`, `duties_no`, `duties_name`) VALUES (3,'00','院党委书记'),(4,'01','院长'),(5,'02','院党委副书记'),(6,'03','副院长（主管教学）'),(7,'04','副院长（主管行政）'),(8,'05','副院长（主管科研）'),(9,'06','行政办公室主任'),(10,'07','教学办公室主任'),(11,'08','教学秘书'),(12,'09','实验室主任'),(13,'10','课程教研室主任'),(14,'11','计算机科学与技术专业教研室主任'),(15,'12','物联网工程专业教研室主任'),(16,'13','数字媒体技专业教研室主任'),(17,'14','电子信息工程专业教研室主任'),(18,'15','软件工程专业教研室主任'),(19,'16','数学与应用数学专业教研室主任'),(20,'17','电子科学与技术专业教研室主任'),(21,'18','信息与计算科学专业教研室主任'),(22,'19','应用物理学专业教研室主任'),(23,'20','辅导员'),(24,'21','实验技术人员'),(25,'22','教师'),(26,'23','实验室管理员');
/*!40000 ALTER TABLE `sys_duties` ENABLE KEYS */;
UNLOCK TABLES;

--
-- Table structure for table `sys_file_type`
--

DROP TABLE IF EXISTS `sys_file_type`;
/*!40101 SET @saved_cs_client     = @@character_set_client */;
/*!40101 SET character_set_client = utf8 */;
CREATE TABLE `sys_file_type` (
  `file_id` int(11) NOT NULL AUTO_INCREMENT,
  `file_name` varchar(255) DEFAULT NULL COMMENT '文件名',
  `file_type_no` varchar(255) DEFAULT NULL COMMENT '文件类型编号',
  PRIMARY KEY (`file_id`)
) ENGINE=InnoDB AUTO_INCREMENT=4 DEFAULT CHARSET=utf8;
/*!40101 SET character_set_client = @saved_cs_client */;

--
-- Dumping data for table `sys_file_type`
--

LOCK TABLES `sys_file_type` WRITE;
/*!40000 ALTER TABLE `sys_file_type` DISABLE KEYS */;
INSERT INTO `sys_file_type` (`file_id`, `file_name`, `file_type_no`) VALUES (1,'论文','00'),(2,'查重报告','01'),(3,'承诺书','02');
/*!40000 ALTER TABLE `sys_file_type` ENABLE KEYS */;
UNLOCK TABLES;

--
-- Table structure for table `sys_group`
--

DROP TABLE IF EXISTS `sys_group`;
/*!40101 SET @saved_cs_client     = @@character_set_client */;
/*!40101 SET character_set_client = utf8 */;
CREATE TABLE `sys_group` (
  `groupId` int(11) NOT NULL AUTO_INCREMENT,
  `groupName` varchar(255) DEFAULT NULL COMMENT '权限分组名称',
  `groupPerm` varchar(255) DEFAULT NULL COMMENT '分组权限',
  `menuId` int(11) DEFAULT NULL COMMENT '分组ID',
  `weight` int(11) DEFAULT NULL COMMENT '权值',
  `group_url` varchar(255) DEFAULT NULL COMMENT '访问地址',
  PRIMARY KEY (`groupId`),
  KEY `FK1F960A8D9B76FDFA` (`menuId`),
  CONSTRAINT `sys_group_ibfk_1` FOREIGN KEY (`menuId`) REFERENCES `sys_menu` (`menuId`)
) ENGINE=InnoDB AUTO_INCREMENT=94 DEFAULT CHARSET=utf8;
/*!40101 SET character_set_client = @saved_cs_client */;

--
-- Dumping data for table `sys_group`
--

LOCK TABLES `sys_group` WRITE;
/*!40000 ALTER TABLE `sys_group` DISABLE KEYS */;
INSERT INTO `sys_group` (`groupId`, `groupName`, `groupPerm`, `menuId`, `weight`, `group_url`) VALUES (49,'用户管理','perm:userHelpManagement',16,1,'/sys/userHelp_list.action?view=list'),(50,'角色管理','perm:roleManagement',16,2,'/sys/sysRole_list.action?view=list'),(51,'我的毕业课题','perm:myTopicInformation',27,1,'/biz/materialInfo_info.action?view=info'),(52,'我的个人资料','perm:myPersonalInformation',28,1,'/sys/userHelp_openUserInfo.action?view=userInfo'),(53,'我的任务书','perm:myTaskBook',26,1,'/biz/materialInfo_info.action?view=info&mark=taskBook&flag=03'),(54,'选择指导老师','perm:chooseTheInstructor',20,1,'/biz/allotGuide_allotTeacherList.action?view=teacher_list&flag=01'),(55,'我的开题报告','perm:myOpeningReport',25,1,'/biz/materialInfo_info.action?view=info&mark=openingReport&flag=04'),(56,'我的进度情况','perm:myProgressStatus',24,1,'/biz/materialInfo_info.action?view=info&mark=progressStatus&flag=05'),(57,'学生答辩记录','perm:myDefenseRecord',21,1,'/biz/materialInfo_info.action?view=info'),(58,'我的论文','perm:myPaper',29,1,'/biz/materialInfo_info.action?view=uploadFile&tabFlag=04'),(59,'学生信息','perm:BasicInformation',17,1,'/sys/student_list.action?view=list'),(60,'学生课题信息','perm:topicInformation',27,2,'/biz/materialInfo_guideStudentList.action?view=guide_student_list&flag=13'),(61,'选择所带学生','perm:selectStudent',20,2,'/biz/allotGuide_allotStudentList.action?view=student_list&flag=01'),(62,'老师分组','perm:enterTheTeacherGroup',19,1,'/biz/GroupTeacher_list.action?view=teacher_list&flag=08'),(63,'学生分组','perm:enterTheStudentGroup',19,2,'/biz/GroupStudent_list.action?view=student_list&flag=08'),(64,'学生任务书','perm:studentTaskBook',26,1,'/biz/taskBook_openAdd.action?view=detail'),(65,'学生开题报告','perm:studentOpeningReport',25,1,'/sys/userHelp_openUserInfo.action?view=userInfo'),(66,'进度计划','perm:planProgress',18,2,'/biz/PlanProgress_list.action?view=progress_list&tabFlag=01'),(67,'年度计划','perm:planYear',18,1,'/biz/PlanYear_list.action?view=year_list&tabFlag=00'),(68,'指导人数安排','perm:planGuide',18,3,'/biz/PlanGuide_list.action?view=guide_list&tabFlag=02'),(69,'答辩过程记录','perm:defenseRecord',21,1,'/biz/defenseRecord_groupAllStudentList.action?view=groupAllStudentList&flag=12&thisReplyType=00'),(70,'成绩及评阅','perm:replyScore',21,2,'/biz/replyScore_list.action?view=list&flag=12&thisReplyType=00'),(73,'学生论文','perm:studentPapers',29,1,'/biz/materialInfo_info.action?view=info&mark=paper'),(74,'老师信息','perm:teacherInformation',17,2,'/sys/teacher_list.action?view=list'),(75,'班级信息','perm:classInformation',17,5,'/sys/classes_list.action?view=list'),(76,'学院信息','perm:departInformation',17,3,'/sys/department_list.action?view=list'),(77,'专业信息','perm:majorInformation',17,4,'/sys/major_list.action?view=list'),(78,'教室管理','perm:classrommInformation',17,6,'/sys/classroom_list.action?view=list'),(80,'职称管理','perm:technicalInformation',17,8,'/sys/technical_list.action?view=list'),(81,'大类信息','perm:categoryInformation',17,9,'/sys/category_list.action?view=list'),(82,'研究方向信息','perm:directionsInformation',17,10,'/sys/directions_list.action?view=list'),(83,'职务信息','perm:positionInformation',17,11,'/sys/duties_list.action?view=list'),(84,'课题类型信息','perm:issueTypeInformation',17,12,'/sys/issueType_list.action?view=list'),(85,'成绩录入','perm:RecordEntryInformation',21,1,'/biz/materialInfo_groupStudentList.action?view=recordEntry&flag=13&thisReplyType=00'),(86,'评阅分配','perm:reviewAssignInformation',30,2,'/biz/materialInfo_groupDefenseStudentList.action?view=defense_student_list&flag=13'),(87,'文件类型信息','perm:fileTypeInformation',17,13,'/sys/fileType_list.action?view=list'),(88,'公告信息','perm:noticeInformation',17,14,'/sys/notice_list.action?view=list'),(90,'评阅信息','perm:reviewInformation',31,1,'/biz/materialInfo_groupDefenseStudentList.action?view=reviewDissertation&flag=13'),(91,'导师课题信息','perm:projectInformation',27,1,'/biz/teacherProject_list.action?view=list'),(92,'我的导师课题','perm:myTeaProInformation',27,2,'/biz/teacherProject_detail.action?view=detail'),(93,'课题类型统计','perm:typeStatistics',27,3,'/biz/issueInfo_openChart.action?view=statistics');
/*!40000 ALTER TABLE `sys_group` ENABLE KEYS */;
UNLOCK TABLES;

--
-- Table structure for table `sys_issue_type`
--

DROP TABLE IF EXISTS `sys_issue_type`;
/*!40101 SET @saved_cs_client     = @@character_set_client */;
/*!40101 SET character_set_client = utf8 */;
CREATE TABLE `sys_issue_type` (
  `issue_type_id` int(11) NOT NULL AUTO_INCREMENT,
  `issue_type_name` varchar(255) DEFAULT NULL COMMENT '课题类型名称',
  PRIMARY KEY (`issue_type_id`)
) ENGINE=InnoDB AUTO_INCREMENT=6 DEFAULT CHARSET=utf8;
/*!40101 SET character_set_client = @saved_cs_client */;

--
-- Dumping data for table `sys_issue_type`
--

LOCK TABLES `sys_issue_type` WRITE;
/*!40000 ALTER TABLE `sys_issue_type` DISABLE KEYS */;
INSERT INTO `sys_issue_type` (`issue_type_id`, `issue_type_name`) VALUES (1,'基础研究'),(2,'应用基础'),(3,'应用研究'),(4,'工程设计'),(5,'实验研究');
/*!40000 ALTER TABLE `sys_issue_type` ENABLE KEYS */;
UNLOCK TABLES;

--
-- Table structure for table `sys_major`
--

DROP TABLE IF EXISTS `sys_major`;
/*!40101 SET @saved_cs_client     = @@character_set_client */;
/*!40101 SET character_set_client = utf8 */;
CREATE TABLE `sys_major` (
  `major_id` int(11) NOT NULL AUTO_INCREMENT,
  `major_no` varchar(250) DEFAULT NULL COMMENT '专业编号',
  `dept_number` varchar(250) DEFAULT NULL,
  `category_id` int(11) DEFAULT NULL COMMENT '大类Id',
  `major_name` varchar(250) DEFAULT NULL COMMENT '专业名称',
  `staff_name` varchar(250) DEFAULT NULL COMMENT '教研室名称',
  PRIMARY KEY (`major_id`)
) ENGINE=InnoDB AUTO_INCREMENT=13 DEFAULT CHARSET=utf8;
/*!40101 SET character_set_client = @saved_cs_client */;

--
-- Dumping data for table `sys_major`
--

LOCK TABLES `sys_major` WRITE;
/*!40000 ALTER TABLE `sys_major` DISABLE KEYS */;
INSERT INTO `sys_major` (`major_id`, `major_no`, `dept_number`, `category_id`, `major_name`, `staff_name`) VALUES (4,'000','201700201',8,'软件工程','软件工程专业教研室'),(5,'001','201700201',4,'物联网工程','物联网工程专业教研室'),(6,'002','201700201',3,'计算机科学与技术','计算机科学与技术专业教研室'),(8,'004','201700201',6,'电子信息工程','电子信息工程专业教研室'),(9,'005','201700201',7,'数学与应用数学','数学与应用数学专业教研室'),(10,'006','201700201',6,'电子科学与技术','电子科学与技术专业教研室'),(11,'007','201700201',3,'信息与计算科学','信息与计算科学专业教研室'),(12,'008','201700201',5,'数字媒体应用技术','数字媒体应用技术实验室');
/*!40000 ALTER TABLE `sys_major` ENABLE KEYS */;
UNLOCK TABLES;

--
-- Table structure for table `sys_menu`
--

DROP TABLE IF EXISTS `sys_menu`;
/*!40101 SET @saved_cs_client     = @@character_set_client */;
/*!40101 SET character_set_client = utf8 */;
CREATE TABLE `sys_menu` (
  `menuId` int(11) NOT NULL AUTO_INCREMENT,
  `menuName` varchar(255) DEFAULT NULL COMMENT '菜单名称',
  `menuPerm` varchar(255) DEFAULT NULL COMMENT '菜单权限',
  `weight` int(11) DEFAULT NULL COMMENT '权值',
  PRIMARY KEY (`menuId`)
) ENGINE=InnoDB AUTO_INCREMENT=32 DEFAULT CHARSET=utf8;
/*!40101 SET character_set_client = @saved_cs_client */;

--
-- Dumping data for table `sys_menu`
--

LOCK TABLES `sys_menu` WRITE;
/*!40000 ALTER TABLE `sys_menu` DISABLE KEYS */;
INSERT INTO `sys_menu` (`menuId`, `menuName`, `menuPerm`, `weight`) VALUES (16,'系统管理','perm:SystemManagement',14),(17,'基础信息','perm:BasicInformation',11),(18,'安排计划','perm:Schedule',2),(19,'分组管理','perm:GroupManagement',5),(20,'指导分配','perm:InstructionAllocation',3),(21,'答辩记录','perm:DefenseRecord',12),(24,'进度情况','perm:ProgressStatus',9),(25,'开题报告','perm:OpeningReport',8),(26,'任务书','perm:TaskBook',7),(27,'毕业课题','perm:Topic',4),(28,'个人信息','perm:Personalnformation',13),(29,'毕业论文','perm:Dissertation',10),(30,'评阅分配','perm:DefenseGrouplnformation',6),(31,'论文评阅','perm:ReviewDissertationlnformation',11);
/*!40000 ALTER TABLE `sys_menu` ENABLE KEYS */;
UNLOCK TABLES;

--
-- Table structure for table `sys_notice`
--

DROP TABLE IF EXISTS `sys_notice`;
/*!40101 SET @saved_cs_client     = @@character_set_client */;
/*!40101 SET character_set_client = utf8 */;
CREATE TABLE `sys_notice` (
  `notice_id` int(11) NOT NULL AUTO_INCREMENT,
  `notice_name` varchar(255) DEFAULT NULL COMMENT '公告标题',
  `notice_content` varchar(255) DEFAULT NULL COMMENT '公告内容',
  `notice_time` datetime DEFAULT NULL COMMENT '公告发布时间',
  `user_id` int(11) DEFAULT NULL COMMENT '公告发布者',
  `notice_path` varchar(255) DEFAULT NULL COMMENT '图片路径',
  `notice_type` int(11) DEFAULT NULL COMMENT '公告类型，1-文本 2-图片 3-文件',
  `dept_number` int(11) DEFAULT NULL,
  `year` int(11) DEFAULT NULL COMMENT '年度',
  `major_id` int(11) DEFAULT NULL,
  PRIMARY KEY (`notice_id`)
) ENGINE=InnoDB AUTO_INCREMENT=3 DEFAULT CHARSET=utf8;
/*!40101 SET character_set_client = @saved_cs_client */;

--
-- Dumping data for table `sys_notice`
--

LOCK TABLES `sys_notice` WRITE;
/*!40000 ALTER TABLE `sys_notice` DISABLE KEYS */;
INSERT INTO `sys_notice` (`notice_id`, `notice_name`, `notice_content`, `notice_time`, `user_id`, `notice_path`, `notice_type`, `dept_number`, `year`, `major_id`) VALUES (2,'关于开题报告地点更换通知','由于与老师课程时间冲突，将原定N202答辩地点改为S502，请同学相互通知！','2019-07-08 17:14:10',772,NULL,NULL,NULL,2019,-2);
/*!40000 ALTER TABLE `sys_notice` ENABLE KEYS */;
UNLOCK TABLES;

--
-- Table structure for table `sys_operation`
--

DROP TABLE IF EXISTS `sys_operation`;
/*!40101 SET @saved_cs_client     = @@character_set_client */;
/*!40101 SET character_set_client = utf8 */;
CREATE TABLE `sys_operation` (
  `operationId` int(11) NOT NULL AUTO_INCREMENT,
  `operationName` varchar(255) DEFAULT NULL COMMENT '操作名称',
  `operationPerm` varchar(255) DEFAULT NULL COMMENT '操作权限',
  `groupId` int(11) DEFAULT NULL COMMENT '分组ID',
  PRIMARY KEY (`operationId`),
  KEY `FK2C5D5255467D909E` (`groupId`),
  CONSTRAINT `sys_operation_ibfk_1` FOREIGN KEY (`groupId`) REFERENCES `sys_group` (`groupId`)
) ENGINE=InnoDB DEFAULT CHARSET=utf8;
/*!40101 SET character_set_client = @saved_cs_client */;

--
-- Dumping data for table `sys_operation`
--

LOCK TABLES `sys_operation` WRITE;
/*!40000 ALTER TABLE `sys_operation` DISABLE KEYS */;
/*!40000 ALTER TABLE `sys_operation` ENABLE KEYS */;
UNLOCK TABLES;

--
-- Table structure for table `sys_permission`
--

DROP TABLE IF EXISTS `sys_permission`;
/*!40101 SET @saved_cs_client     = @@character_set_client */;
/*!40101 SET character_set_client = utf8 */;
CREATE TABLE `sys_permission` (
  `id` int(11) NOT NULL AUTO_INCREMENT,
  `resource` varchar(255) DEFAULT NULL COMMENT '权限资源',
  `roleId` int(11) DEFAULT NULL COMMENT '角色Id',
  PRIMARY KEY (`id`),
  KEY `FKC9610A816F1ACE7F` (`roleId`),
  CONSTRAINT `sys_permission_ibfk_1` FOREIGN KEY (`roleId`) REFERENCES `sys_role` (`id`)
) ENGINE=InnoDB AUTO_INCREMENT=805 DEFAULT CHARSET=utf8;
/*!40101 SET character_set_client = @saved_cs_client */;

--
-- Dumping data for table `sys_permission`
--

LOCK TABLES `sys_permission` WRITE;
/*!40000 ALTER TABLE `sys_permission` DISABLE KEYS */;
INSERT INTO `sys_permission` (`id`, `resource`, `roleId`) VALUES (185,'perm:myTopicInformation',24),(186,'perm:Personalnformation',24),(187,'perm:ProgressStatus',24),(188,'perm:Topic',24),(189,'perm:myPersonalInformation',24),(190,'perm:chooseTheInstructor',24),(191,'perm:TaskBook',24),(192,'perm:myTaskBook',24),(193,'perm:DefenseRecord',24),(194,'perm:myProgressStatus',24),(195,'perm:InstructionAllocation',24),(196,'perm:myDefenseRecord',24),(197,'perm:myPaper',24),(198,'perm:OpeningReport',24),(199,'perm:Dissertation',24),(200,'perm:myOpeningReport',24),(651,'perm:planGuide',26),(652,'perm:teacherInformation',26),(653,'perm:selectStudent',26),(654,'perm:Personalnformation',26),(655,'perm:reviewAssignInformation',26),(656,'perm:BasicInformation',26),(657,'perm:Schedule',26),(658,'perm:Topic',26),(659,'perm:classInformation',26),(660,'perm:majorInformation',26),(661,'perm:RecordEntryInformation',26),(662,'perm:reviewInformation',26),(663,'perm:enterTheTeacherGroup',26),(664,'perm:DefenseGrouplnformation',26),(665,'perm:InstructionAllocation',26),(666,'perm:ReviewDissertationlnformation',26),(667,'perm:GroupManagement',26),(668,'perm:enterTheStudentGroup',26),(669,'perm:topicInformation',26),(670,'perm:BasicInformation',26),(671,'perm:planProgress',26),(672,'perm:myPersonalInformation',26),(717,'perm:teacherInformation',23),(718,'perm:classrommInformation',23),(719,'perm:planProgress',23),(720,'perm:DefenseRecord',23),(721,'perm:ProgressStatus',23),(722,'perm:TaskBook',23),(723,'perm:topicInformation',23),(724,'perm:defenseRecord',23),(725,'perm:Dissertation',23),(726,'perm:userHelpManagement',23),(727,'perm:majorInformation',23),(728,'perm:reviewInformation',23),(729,'perm:issueTypeInformation',23),(730,'perm:Schedule',23),(731,'perm:categoryInformation',23),(732,'perm:departInformation',23),(733,'perm:ReviewDissertationlnformation',23),(734,'perm:myPersonalInformation',23),(735,'perm:RecordEntryInformation',23),(736,'perm:planYear',23),(737,'perm:BasicInformation',23),(738,'perm:directionsInformation',23),(739,'perm:myOpeningReport',23),(740,'perm:planGuide',23),(741,'perm:chooseTheInstructor',23),(742,'perm:classInformation',23),(743,'perm:myDefenseRecord',23),(744,'perm:replyScore',23),(745,'perm:selectStudent',23),(746,'perm:reviewAssignInformation',23),(747,'perm:typeStatistics',23),(748,'perm:BasicInformation',23),(749,'perm:GroupManagement',23),(750,'perm:studentTaskBook',23),(751,'perm:DefenseGrouplnformation',23),(752,'perm:InstructionAllocation',23),(753,'perm:enterTheStudentGroup',23),(754,'perm:myPaper',23),(755,'perm:fileTypeInformation',23),(756,'perm:studentOpeningReport',23),(757,'perm:myProgressStatus',23),(758,'perm:OpeningReport',23),(759,'perm:enterTheTeacherGroup',23),(760,'perm:SystemManagement',23),(761,'perm:Topic',23),(762,'perm:roleManagement',23),(763,'perm:positionInformation',23),(764,'perm:noticeInformation',23),(765,'perm:Personalnformation',23),(766,'perm:technicalInformation',23),(767,'perm:myTopicInformation',23),(768,'perm:myTaskBook',23),(769,'perm:studentPapers',23),(788,'perm:DefenseGrouplnformation',25),(789,'perm:enterTheTeacherGroup',25),(790,'perm:myPersonalInformation',25),(791,'perm:DefenseRecord',25),(792,'perm:RecordEntryInformation',25),(793,'perm:topicInformation',25),(794,'perm:selectStudent',25),(795,'perm:Topic',25),(796,'perm:reviewInformation',25),(797,'perm:InstructionAllocation',25),(798,'perm:ReviewDissertationlnformation',25),(799,'perm:replyScore',25),(800,'perm:defenseRecord',25),(801,'perm:reviewAssignInformation',25),(802,'perm:GroupManagement',25),(803,'perm:enterTheStudentGroup',25),(804,'perm:Personalnformation',25);
/*!40000 ALTER TABLE `sys_permission` ENABLE KEYS */;
UNLOCK TABLES;

--
-- Table structure for table `sys_role`
--

DROP TABLE IF EXISTS `sys_role`;
/*!40101 SET @saved_cs_client     = @@character_set_client */;
/*!40101 SET character_set_client = utf8 */;
CREATE TABLE `sys_role` (
  `id` int(11) NOT NULL AUTO_INCREMENT,
  `roleName` varchar(255) DEFAULT NULL COMMENT '角色名称',
  `description` varchar(255) DEFAULT NULL COMMENT '角色详情',
  PRIMARY KEY (`id`)
) ENGINE=InnoDB AUTO_INCREMENT=28 DEFAULT CHARSET=utf8;
/*!40101 SET character_set_client = @saved_cs_client */;

--
-- Dumping data for table `sys_role`
--

LOCK TABLES `sys_role` WRITE;
/*!40000 ALTER TABLE `sys_role` DISABLE KEYS */;
INSERT INTO `sys_role` (`id`, `roleName`, `description`) VALUES (23,'系统管理员','获得系统所有操作'),(24,'学生用户','学院所有学生'),(25,'教师','学校教师'),(26,'教研室主任','学院教研室主任'),(27,'院系管理员','主管院系所有信息');
/*!40000 ALTER TABLE `sys_role` ENABLE KEYS */;
UNLOCK TABLES;

--
-- Table structure for table `sys_student`
--

DROP TABLE IF EXISTS `sys_student`;
/*!40101 SET @saved_cs_client     = @@character_set_client */;
/*!40101 SET character_set_client = utf8 */;
CREATE TABLE `sys_student` (
  `stu_id` int(11) NOT NULL AUTO_INCREMENT,
  `stu_no` varchar(255) DEFAULT NULL COMMENT '学生学号',
  `stu_name` varchar(255) NOT NULL COMMENT '学生姓名',
  `stu_idcart` varchar(255) DEFAULT NULL COMMENT '身份证号',
  `stu_address` varchar(255) DEFAULT NULL COMMENT '家庭地址',
  `stu_arrangement` varchar(255) DEFAULT NULL COMMENT '学历层次(1-本科 2-高职)',
  `stu_schoollength` varchar(255) DEFAULT NULL COMMENT '学制',
  `stu_entrance` date DEFAULT NULL COMMENT '入学时间',
  `stu_grade` varchar(255) DEFAULT NULL COMMENT '年级',
  `dept_number` varchar(255) DEFAULT NULL COMMENT '院系编号',
  `category_id` int(11) DEFAULT NULL COMMENT '大类Id',
  `major_id` int(11) DEFAULT NULL COMMENT '专业编号',
  `class_id` int(11) DEFAULT NULL COMMENT '班级编号',
  `user_id` int(11) DEFAULT NULL COMMENT '用户编号',
  PRIMARY KEY (`stu_id`)
) ENGINE=InnoDB AUTO_INCREMENT=703 DEFAULT CHARSET=utf8;
/*!40101 SET character_set_client = @saved_cs_client */;

--
-- Dumping data for table `sys_student`
--

LOCK TABLES `sys_student` WRITE;
/*!40000 ALTER TABLE `sys_student` DISABLE KEYS */;
INSERT INTO `sys_student` (`stu_id`, `stu_no`, `stu_name`, `stu_idcart`, `stu_address`, `stu_arrangement`, `stu_schoollength`, `stu_entrance`, `stu_grade`, `dept_number`, `category_id`, `major_id`, `class_id`, `user_id`) VALUES (278,'201400208110','朱炳安','','梧州学院','0','4','2014-09-18','2014','201700201',NULL,4,1,638),(279,'201400208117','梁成羽','','梧州学院','0','4','2014-09-18','2014','201700201',NULL,4,1,639),(280,'201400208118','庞运兴','','梧州学院','0','4','2014-09-18','2014','201700201',NULL,4,1,640),(281,'201400208122','姚景标','','梧州学院','0','4','2014-09-18','2014','201700201',NULL,4,1,641),(282,'201400208126','韦集文','','梧州学院','0','4','2014-09-18','2014','201700201',NULL,4,1,642),(283,'201400208130 ','白慧冬','','梧州学院','0','4','2014-09-18','2014','201700201',NULL,4,1,643),(284,'201400208133','胡海宗','','梧州学院','0','4','2014-09-18','2014','201700201',NULL,4,1,644),(285,'201400208230','李加伟','','梧州学院','0','4','2014-09-18','2014','201700201',NULL,4,2,645),(286,'201400208246','黄婉莹','','梧州学院','0','4','2014-09-18','2014','201700201',NULL,4,2,646),(287,'201400213002','梁灵杰','','梧州学院','0','4','2014-09-18','2014','201700201',NULL,4,3,647),(288,'201400213006','陈光良','','梧州学院','0','4','2014-09-18','2014','201700201',NULL,4,3,648),(289,'201400213026','李明丽','','梧州学院','0','4','2014-09-18','2014','201700201',NULL,4,3,649),(290,'201400213030','梁振华','','梧州学院','0','4','2014-09-18','2014','201700201',NULL,4,3,650),(291,'201400208138','吴小燕','','梧州学院','0','4','2014-09-18','2014','201700201',NULL,4,1,651),(292,'201400208144','虞春梅','','梧州学院','0','4','2014-09-18','2014','201700201',NULL,4,1,652),(293,'201400208210','黄永亮','','梧州学院','0','4','2014-09-18','2014','201700201',NULL,4,2,653),(294,'201400208214','卿红达','','梧州学院','0','4','2014-09-18','2014','201700201',NULL,4,2,654),(295,'201400208228','李仟','','梧州学院','0','4','2014-09-18','2014','201700201',NULL,4,2,655),(299,'201400208113','梁伟军','','梧州学院','0','4','2014-09-18','2014','201700201',NULL,4,2,659),(303,'201400208215','吴雄宇','','梧州学院','0','4','2014-09-18','2014','201700201',NULL,4,2,663),(304,'201400208217','秦千富','','梧州学院','0','4','2014-09-18','2014','201700201',NULL,4,2,664),(305,'201400208218','周皓','','梧州学院','0','4','2014-09-18','2014','201700201',NULL,4,2,665),(306,'201400208222','胡宇鹏','','梧州学院','0','4','2014-09-18','2014','201700201',NULL,4,2,666),(307,'201400208233','叶京强','','梧州学院','0','4','2014-09-18','2014','201700201',NULL,4,2,667),(308,'201400213051','蓝东','','梧州学院','0','4','2014-09-18','2014','201700201',NULL,4,3,668),(309,'201400208103','江妙玉','','梧州学院','0','4','2014-09-18','2014','201700201',NULL,4,1,669),(310,'201400208116','刘朝栋','','梧州学院','0','4','2014-09-18','2014','201700201',NULL,4,1,670),(311,'201400208123','刘剑','','梧州学院','0','4','2014-09-18','2014','201700201',NULL,4,1,671),(312,'201400208127','杨秀训','','梧州学院','0','4','2014-09-18','2014','201700201',NULL,4,1,672),(313,'201400208129','刘洪涛',NULL,'梧州学院','0','4','2014-09-18','2014','201700201',NULL,4,1,673),(314,'201400208136','李艳芳',NULL,'梧州学院','0','4','2014-09-18','2014','201700201',NULL,4,1,674),(315,'201400208137','卢丽',NULL,'梧州学院','0','4','2014-09-18','2014','201700201',NULL,4,1,675),(316,'201400208140','王明珠',NULL,'梧州学院','0','4','2014-09-18','2014','201700201',NULL,4,1,676),(317,'201400208146','覃文欣',NULL,'梧州学院','0','4','2014-09-18','2014','201700201',NULL,4,1,677),(318,'201400208147','韦曼玲',NULL,'梧州学院','0','4','2014-09-18','2014','201700201',NULL,4,1,678),(319,'201400208149','陈红梅',NULL,'梧州学院',NULL,'4','2014-09-18','2014','201700201',NULL,4,1,679),(320,'201400208226','张勇智',NULL,'梧州学院',NULL,'4','2014-09-18','2014','201700201',NULL,4,2,680),(321,'201400208239','曾小榕',NULL,'梧州学院',NULL,'4','2014-09-18','2014','201700201',NULL,4,2,681),(322,'201400208244','蓝秋颖',NULL,'梧州学院',NULL,'4','2014-09-18','2014','201700201',NULL,4,2,682),(323,'201400208134','何金燕',NULL,'梧州学院',NULL,'4','2014-09-18','2014','201700201',NULL,4,1,683),(324,'201400208135','黎艺侠',NULL,'梧州学院',NULL,'4','2014-09-18','2014','201700201',NULL,4,1,684),(325,'201400208141','韦东连',NULL,'梧州学院',NULL,'4','2014-09-18','2014','201700201',NULL,4,1,685),(326,'201400208142','俸捷',NULL,'梧州学院',NULL,'4','2014-09-18','2014','201700201',NULL,4,1,686),(327,'201400208148','张燕',NULL,'梧州学院',NULL,'4','2014-09-18','2014','201700201',NULL,4,1,687),(328,'201400208219','何志明',NULL,'梧州学院',NULL,'4','2014-09-18','2014','201700201',NULL,4,2,688),(329,'201400213005','梁俊杰',NULL,'梧州学院',NULL,'4','2014-09-18','2014','201700201',NULL,4,3,689),(330,'201400213027','吴春涧',NULL,'梧州学院',NULL,'4','2014-09-18','2014','201700201',NULL,4,3,690),(331,'201400213044','钟桂香',NULL,'梧州学院',NULL,'4','2014-09-18','2014','201700201',NULL,4,3,691),(332,'201400213047','韦柳霜',NULL,'梧州学院',NULL,'4','2014-09-18','2014','201700201',NULL,4,3,692),(333,'201400203048','覃金婷',NULL,'梧州学院',NULL,'4','2014-09-18','2014','201700201',NULL,4,3,693),(334,'201400213055','兰白强',NULL,'梧州学院',NULL,'4','2014-09-18','2014','201700201',NULL,4,3,694),(335,'201400213057','覃春榕',NULL,'梧州学院',NULL,'4','2014-09-18','2014','201700201',NULL,4,3,695),(336,'201400213058','姜华',NULL,'梧州学院',NULL,'4','2014-09-18','2014','201700201',NULL,4,3,696),(337,'201400208234','黄清燕',NULL,'梧州学院',NULL,'4','2014-09-18','2014','201700201',NULL,4,2,697),(338,'201400201438','钟海晴',NULL,'梧州学院',NULL,'4','2014-09-18','2014','201700201',NULL,4,2,698),(339,'201400208245','郑秋静',NULL,'梧州学院',NULL,'4','2014-09-18','2014','201700201',NULL,4,2,699),(340,'201400213025','李珊',NULL,'梧州学院',NULL,'4','2014-09-18','2014','201700201',NULL,4,3,700),(341,'201400213028','陆金兰',NULL,'梧州学院',NULL,'4','2014-09-18','2014','201700201',NULL,4,3,701),(342,'201400213034','张媛',NULL,'梧州学院',NULL,'4','2014-09-18','2014','201700201',NULL,4,3,702),(343,'201400213039','周春连',NULL,'梧州学院',NULL,'4','2014-09-18','2014','201700201',NULL,4,3,703),(344,'201400213041','宋素梅',NULL,'梧州学院',NULL,'4','2014-09-18','2014','201700201',NULL,4,3,704),(345,'201400213049','蓝柳吉',NULL,'梧州学院',NULL,'4','2014-09-18','2014','201700201',NULL,4,3,705),(346,'201400213056','杨秋苹',NULL,'梧州学院',NULL,'4','2014-09-18','2014','201700201',NULL,4,3,706),(347,'201400208204','潘卓杰',NULL,'梧州学院',NULL,'4','2014-09-18','2014','201700201',NULL,4,2,707),(348,'201400208206','顾全超',NULL,'梧州学院',NULL,'4','2014-09-18','2014','201700201',NULL,4,2,708),(349,'201400208216','李树铭',NULL,'梧州学院',NULL,'4','2014-09-18','2014','201700201',NULL,4,2,709),(350,'201400208220','冯辉盛',NULL,'梧州学院',NULL,'4','2014-09-18','2014','201700201',NULL,4,2,710),(351,'201400213007','刘河',NULL,'梧州学院',NULL,'4','2014-09-18','2014','201700201',NULL,4,3,711),(352,'201400213008','黎金荣',NULL,'梧州学院',NULL,'4','2014-09-18','2014','201700201',NULL,4,3,712),(353,'201400213009','秦小华',NULL,'梧州学院',NULL,'4','2014-09-18','2014','201700201',NULL,4,3,713),(354,'201400213010','李俊杰',NULL,'梧州学院',NULL,'4','2014-09-18','2014','201700201',NULL,4,3,714),(355,'201400213011','曾钰翔',NULL,'梧州学院',NULL,'4','2014-09-18','2014','201700201',NULL,4,3,715),(356,'201400213013','何健',NULL,'梧州学院',NULL,'4','2014-09-18','2014','201700201',NULL,4,3,716),(357,'201400213014','霍胜全',NULL,'梧州学院',NULL,'4','2014-09-18','2014','201700201',NULL,4,3,717),(358,'201400213015','张杰',NULL,'梧州学院',NULL,'4','2014-09-18','2014','201700201',NULL,4,3,718),(359,'201400213019','刘子铭',NULL,'梧州学院',NULL,'4','2014-09-18','2014','201700201',NULL,4,3,719),(360,'201400213020','曾超昆',NULL,'梧州学院',NULL,'4','2014-09-18','2014','201700201',NULL,4,3,720),(361,'201400213024','雷文杰',NULL,'梧州学院',NULL,'4','2014-09-18','2014','201700201',NULL,4,3,721),(362,'201400213029','李桂全',NULL,'梧州学院',NULL,'4','2014-09-18','2014','201700201',NULL,4,3,722),(363,'201400213031','张兴钧',NULL,'梧州学院',NULL,'4','2014-09-18','2014','201700201',NULL,4,3,723),(364,'201400212032','张兴业',NULL,'梧州学院',NULL,'4','2014-09-18','2014','201700201',NULL,4,3,724),(365,'201400213033','刘政浩',NULL,'梧州学院',NULL,'4','2014-09-18','2014','201700201',NULL,4,3,725),(366,'201400208107','杜金荣',NULL,'梧州学院',NULL,'4','2014-09-18','2014','201700201',NULL,4,1,726),(367,'201400208115','梁富明',NULL,'梧州学院',NULL,'4','2014-09-18','2014','201700201',NULL,4,1,727),(368,'201400208128','林昆玉',NULL,'梧州学院',NULL,'4','2014-09-18','2014','201700201',NULL,4,1,728),(369,'201400213045','张超',NULL,'梧州学院',NULL,'4','2014-09-18','2014','201700201',NULL,4,3,729),(370,'201400208139','梁蔡丽',NULL,'梧州学院',NULL,'4','2014-09-18','2014','201700201',NULL,4,1,730),(371,'201400208247','李运平',NULL,'梧州学院',NULL,'4','2014-09-18','2014','201700201',NULL,4,2,731),(372,'201400213042','廖冬梅',NULL,'梧州学院',NULL,'4','2014-09-18','2014','201700201',NULL,4,3,732),(373,'201400213016','范立毅',NULL,'梧州学院',NULL,'4','2014-09-18','2014','201700201',NULL,4,3,733),(374,'201400213017','莫冠华',NULL,'梧州学院',NULL,'4','2014-09-18','2014','201700201',NULL,4,3,734),(375,'201400213021','吴剑锋',NULL,'梧州学院',NULL,'4','2014-09-18','2014','201700201',NULL,4,3,735),(376,'201400213023','谢国昌',NULL,'梧州学院',NULL,'4','2014-09-18','2014','201700201',NULL,4,3,736),(377,'201400213040','董彦贵',NULL,'梧州学院',NULL,'4','2014-09-18','2014','201700201',NULL,4,3,737),(378,'201400208104','孙于锋',NULL,'梧州学院',NULL,'4','2014-09-18','2014','201700201',NULL,4,1,738),(379,'201400208131','姚航应',NULL,'梧州学院',NULL,'4','2014-09-18','2014','201700201',NULL,4,1,739),(380,'201400208150','李韬',NULL,'梧州学院',NULL,'4','2014-09-18','2014','201700201',NULL,4,1,740),(381,'201400208208','彭柏程',NULL,'梧州学院',NULL,'4','2014-09-18','2014','201700201',NULL,4,2,741),(382,'201400208221','罗乐',NULL,'梧州学院',NULL,'4','2014-09-18','2014','201700201',NULL,4,2,742),(383,'201400208224','马艺巍',NULL,'梧州学院',NULL,'4','2014-09-18','2014','201700201',NULL,4,2,743),(384,'201400208225','李谦颇',NULL,'梧州学院',NULL,'4','2014-09-18','2014','201700201',NULL,4,2,744),(385,'201400208232','倪先伟',NULL,'梧州学院',NULL,'4','2014-09-18','2014','201700201',NULL,4,2,745),(386,'201401902110','李念航',NULL,'梧州学院',NULL,'4','2014-09-18','2014','201700201',NULL,4,2,746),(387,'201400213038','岑春英',NULL,'梧州学院',NULL,'4','2014-09-18','2014','201700201',NULL,4,3,747),(388,'201400213043','廖梦欣',NULL,'梧州学院',NULL,'4','2014-09-18','2014','201700201',NULL,4,3,748),(389,'201400213046','蒙青慧',NULL,'梧州学院',NULL,'4','2014-09-18','2014','201700201',NULL,4,3,749),(390,'201400213054','蓝海星',NULL,'梧州学院',NULL,'4','2014-09-18','2014','201700201',NULL,4,3,750),(391,'201400208114','侯德世',NULL,'梧州学院',NULL,'4','2014-09-18','2014','201700201',NULL,4,1,751),(392,'201400208119','梁宗勤',NULL,'梧州学院',NULL,'4','2014-09-18','2014','201700201',NULL,4,1,752),(393,'201400208124','张治胜',NULL,'梧州学院',NULL,'4','2014-09-18','2014','201700201',NULL,4,1,753),(394,'201400208223','廖本榆',NULL,'梧州学院',NULL,'4','2014-09-18','2014','201700201',NULL,4,2,754),(395,'201400208237','闭丽婷',NULL,'梧州学院',NULL,'4','2014-09-18','2014','201700201',NULL,4,2,755),(396,'201400208240','李静雪',NULL,'梧州学院',NULL,'4','2014-09-18','2014','201700201',NULL,4,2,756),(397,'201400208241','程丹',NULL,'梧州学院',NULL,'4','2014-09-18','2014','201700201',NULL,4,2,757),(398,'201400208242','韦玉月',NULL,'梧州学院',NULL,'4','2014-09-18','2014','201700201',NULL,4,2,758),(399,'201400208111','刘镇华',NULL,'梧州学院',NULL,'4','2014-09-18','2014','201700201',NULL,4,1,759),(400,'201400208120','唐隆',NULL,'梧州学院',NULL,'4','2014-09-18','2014','201700201',NULL,4,1,760),(401,'201400208132','杜帆',NULL,'梧州学院',NULL,'4','2014-09-18','2014','201700201',NULL,4,1,761),(402,'201310202003','黄有泉',NULL,'梧州学院',NULL,'4','2014-09-18','2014','201700201',NULL,4,1,762),(403,'201400208205','黄铭',NULL,'梧州学院',NULL,'4','2014-09-18','2014','201700201',NULL,4,2,763),(404,'201400208207','梁立平',NULL,'梧州学院',NULL,'4','2014-09-18','2014','201700201',NULL,4,2,764),(405,'201400208227','梁富强',NULL,'梧州学院',NULL,'4','2014-09-18','2014','201700201',NULL,4,2,765),(406,'201400208229','谢云',NULL,'梧州学院',NULL,'4','2014-09-18','2014','201700201',NULL,4,2,766),(407,'201400208235','吴迎','','梧州学院','0','4','2014-09-18','2014','201700201',NULL,4,2,767),(408,'201400208236','温传兰',NULL,'梧州学院',NULL,'4','2014-09-18','2014','201700201',NULL,4,2,768),(409,'201400208243','岑柳玲','','梧州学院','0','4','2014-09-18','2014','201700201',NULL,4,2,769),(410,'201400208249','祁桃','','梧州学院','0','4','2014-09-18','2014','201700201',NULL,4,2,770),(460,'1100207029','文松林','20170001','梧州学院','本科','4',NULL,'2014','201700201',NULL,5,4,822),(461,'201300210049','韦珊夏','20170002','梧州学院','本科','4',NULL,'2014','201700201',NULL,5,4,823),(462,'201400210003','翟其俊','20170003','梧州学院','本科','4',NULL,'2014','201700201',NULL,5,4,824),(463,'201400210007','韦祖鸿','20170004','梧州学院','本科','4',NULL,'2014','201700201',NULL,5,4,825),(464,'201400210009','陈晓鹏','20170005','梧州学院','本科','4',NULL,'2014','201700201',NULL,5,4,826),(465,'201400210010','周凌文','20170006','梧州学院','本科','4',NULL,'2014','201700201',NULL,5,4,827),(466,'201400210015','张桂华','20170007','梧州学院','本科','4',NULL,'2014','201700201',NULL,5,4,828),(467,'201400210020','韦中苗','20170008','梧州学院','本科','4',NULL,'2014','201700201',NULL,5,4,829),(468,'201400210023','梁善钱','20170009','梧州学院','本科','4',NULL,'2014','201700201',NULL,5,4,830),(469,'201400210025','李科','20170010','梧州学院','本科','4',NULL,'2014','201700201',NULL,5,4,831),(470,'201400210027','顾小寅','20170011','梧州学院','本科','4',NULL,'2014','201700201',NULL,5,4,832),(471,'201400210031','甘明丽','20170012','梧州学院','本科','4',NULL,'2014','201700201',NULL,5,4,833),(472,'201400210032','雷霖','20170013','梧州学院','本科','4',NULL,'2014','201700201',NULL,5,4,834),(473,'201400210033','李晓雪','20170014','梧州学院','本科','4',NULL,'2014','201700201',NULL,5,4,835),(474,'201400210035','张婉君','20170015','梧州学院','本科','4',NULL,'2014','201700201',NULL,5,4,836),(475,'201400210037','赵雅芝','20170016','梧州学院','本科','4',NULL,'2014','201700201',NULL,5,4,837),(476,'201400210041','卢春利','20170017','梧州学院','本科','4',NULL,'2014','201700201',NULL,5,4,838),(477,'201400210042','陈柏合','20170018','梧州学院','本科','4',NULL,'2014','201700201',NULL,5,4,839),(478,'201400210043','吕文秀','20170019','梧州学院','本科','4',NULL,'2014','201700201',NULL,5,4,840),(479,'201400210044','杨俊璇','20170020','梧州学院','本科','4',NULL,'2014','201700201',NULL,5,4,841),(480,'201400210045','王玲','20170021','梧州学院','本科','4',NULL,'2014','201700201',NULL,5,4,842),(481,'201400210046','孙银银','20170022','梧州学院','本科','4',NULL,'2014','201700201',NULL,5,4,843),(482,'201400210047','吕智慧','20170023','梧州学院','本科','4',NULL,'2014','201700201',NULL,5,4,844),(483,'201400210048','陈媛','20170024','梧州学院','本科','4',NULL,'2014','201700201',NULL,5,4,845),(484,'201300210047','孙起嫦','20170025','梧州学院','本科','4',NULL,'2014','201700201',NULL,5,4,846),(485,'201400210002','黄修镇','20170026','梧州学院','本科','4',NULL,'2014','201700201',NULL,5,4,847),(486,'201400210004','莫东林','20170027','梧州学院','本科','4',NULL,'2014','201700201',NULL,5,4,848),(487,'201400210005','莫家敏','20170028','梧州学院','本科','4',NULL,'2014','201700201',NULL,5,4,849),(488,'201400210006','郭锦辉','20170029','梧州学院','本科','4',NULL,'2014','201700201',NULL,5,4,850),(489,'201400210008','杨展通','20170030','梧州学院','本科','4',NULL,'2014','201700201',NULL,5,4,851),(490,'201400210011','赵鑫','20170031','梧州学院','本科','4',NULL,'2014','201700201',NULL,5,4,852),(491,'201400210013','张斌','20170032','梧州学院','本科','4',NULL,'2014','201700201',NULL,5,4,853),(492,'201400210014','覃宗宇','20170033','梧州学院','本科','4',NULL,'2014','201700201',NULL,5,4,854),(493,'201400210016','林建','20170034','梧州学院','本科','4',NULL,'2014','201700201',NULL,5,4,855),(494,'201400210017','卢冠灼','20170035','梧州学院','本科','4',NULL,'2014','201700201',NULL,5,4,856),(495,'201400210018','林建国','20170036','梧州学院','本科','4',NULL,'2014','201700201',NULL,5,4,857),(496,'201400210019','覃龙','20170037','梧州学院','本科','4',NULL,'2014','201700201',NULL,5,4,858),(497,'201400210021','钟杰','20170038','梧州学院','本科','4',NULL,'2014','201700201',NULL,5,4,859),(498,'201400210022','徐佳楠','20170039','梧州学院','本科','4',NULL,'2014','201700201',NULL,5,4,860),(499,'201400210024','李广','20170040','梧州学院','本科','4',NULL,'2014','201700201',NULL,5,4,861),(500,'201400210026','莫昆和','20170041','梧州学院','本科','4',NULL,'2014','201700201',NULL,5,4,862),(501,'201400210028','袁琼瑶','20170042','梧州学院','本科','4',NULL,'2014','201700201',NULL,5,4,863),(502,'201400210029','黄幸','20170043','梧州学院','本科','4',NULL,'2014','201700201',NULL,5,4,864),(503,'201400210030','王红程','20170044','梧州学院','本科','4',NULL,'2014','201700201',NULL,5,4,865),(504,'201400210034','杨洋潇','20170045','梧州学院','本科','4',NULL,'2014','201700201',NULL,5,4,866),(505,'201400210036','黄靖玉','20170046','梧州学院','本科','4',NULL,'2014','201700201',NULL,5,4,867),(506,'201400210038','陈凤清','20170047','梧州学院','本科','4',NULL,'2014','201700201',NULL,5,4,868),(507,'201400210039','磨洁莹','20170048','梧州学院','本科','4',NULL,'2014','201700201',NULL,5,4,869),(508,'201400210040','梁嘉欣','20170049','梧州学院','本科','4',NULL,'2014','201700201',NULL,5,4,870),(510,'201400208202','潘以宝','452126199509111228','梧州学院','本科','4','2014-09-19','2014','201700201',NULL,4,2,872),(511,'201400208108','苏金发','452126199509111228','梧州学院','本科','4','2014-09-19','2014','201700201',NULL,4,1,873),(512,'201400208106','曾健','452126199509111228','梧州学院','本科','4','2014-09-19','2014','201700201',NULL,4,1,874),(513,'201400208211','梁毓文','452126199509111228','梧州学院','本科','1','2014-09-19','2014','201700201',NULL,4,2,875),(514,'201300208401','陈傲','20170001','梧州学院','本科','5',NULL,'2013','201700201',NULL,4,13,876),(515,'201300208207','胡晓东','20170002','梧州学院','本科','5',NULL,'2013','201700201',NULL,4,14,877),(516,'201300208220','谢宏天','20170003','梧州学院','本科','5',NULL,'2013','201700201',NULL,4,14,878),(517,'201300208216','秦键云','20170004','梧州学院','本科','5',NULL,'2013','201700201',NULL,4,14,879),(518,'201300208222','徐振强','20170005','梧州学院','本科','5',NULL,'2013','201700201',NULL,4,14,880),(519,'201300208227','张李平','20170006','梧州学院','本科','5',NULL,'2013','201700201',NULL,4,14,881),(520,'201300208221','谢绪金','20170007','梧州学院','本科','5',NULL,'2013','201700201',NULL,4,15,882),(521,'201300208202','陈飞鸿','20170008','梧州学院','本科','5',NULL,'2013','201700201',NULL,4,15,883),(562,'201300208202','韦杉','20170008','梧州学院','本科','6',NULL,'2012','201700201',NULL,4,15,884),(661,'201400211018','王紫燕','201400211018','梧州学院','本科','4',NULL,'2014','201700201',NULL,12,16,1022),(662,'201400211019','韦珍红','201400211019','梧州学院','本科','4',NULL,'2014','201700201',NULL,12,16,1023),(663,'201400211026','郭田田','201400211026','梧州学院','本科','4',NULL,'2014','201700201',NULL,12,16,1024),(664,'201400211028','王春阳','201400211028','梧州学院','本科','4',NULL,'2014','201700201',NULL,12,16,1025),(665,'201400211042','蔡炎真','201400211042','梧州学院','本科','4',NULL,'2014','201700201',NULL,12,16,1026),(666,'201400211007','韦庆明','201400211007','梧州学院','本科','4',NULL,'2014','201700201',NULL,12,16,1027),(667,'201400211006','吴国志','201400211006','梧州学院','本科','4',NULL,'2014','201700201',NULL,12,16,1028),(668,'201400211010','黎治宏','201400211010','梧州学院','本科','4',NULL,'2014','201700201',NULL,12,16,1029),(669,'201400211025','韦欣','201400211025','梧州学院','本科','4',NULL,'2014','201700201',NULL,12,16,1030),(670,'201400211037','李幸','201400211037','梧州学院','本科','4',NULL,'2014','201700201',NULL,12,16,1031),(671,'201400211038','罗偲','201400211038','梧州学院','本科','4',NULL,'2014','201700201',NULL,12,16,1032),(672,'201400211041','刘其明','201400211041','梧州学院','本科','4',NULL,'2014','201700201',NULL,12,16,1033),(673,'201400211047','王宇蒙','201400211047','梧州学院','本科','4',NULL,'2014','201700201',NULL,12,16,1034),(674,'201400211015','梁家漫','201400211015','梧州学院','本科','4',NULL,'2014','201700201',NULL,12,16,1035),(675,'201400211020','卢美容','201400211020','梧州学院','本科','4',NULL,'2014','201700201',NULL,12,16,1036),(676,'201400211022','卓艳玲','201400211022','梧州学院','本科','4',NULL,'2014','201700201',NULL,12,16,1037),(677,'201400211027','郑远玲','201400211027','梧州学院','本科','4',NULL,'2014','201700201',NULL,12,16,1038),(678,'201400211030','陈建英','201400211030','梧州学院','本科','4',NULL,'2014','201700201',NULL,12,16,1039),(679,'201400211032','梁梦银','201400211032','梧州学院','本科','4',NULL,'2014','201700201',NULL,12,16,1040),(680,'201400211035','黄英','201400211035','梧州学院','本科','4',NULL,'2014','201700201',NULL,12,16,1041),(681,'201400211023','李曼玉','201400211023','梧州学院','本科','4',NULL,'2014','201700201',NULL,12,16,1042),(682,'201400211024','邓洁','201400211024','梧州学院','本科','4',NULL,'2014','201700201',NULL,12,16,1043),(683,'201400211029','曾艺','201400211029','梧州学院','本科','4',NULL,'2014','201700201',NULL,12,16,1044),(684,'201400211011','邹小平','201400211011','梧州学院','本科','4',NULL,'2014','201700201',NULL,12,16,1045),(685,'201400211040','赵宇洁','201400211040','梧州学院','本科','4',NULL,'2014','201700201',NULL,12,16,1046),(686,'201400211001','张识宝','201400211001','梧州学院','本科','4',NULL,'2014','201700201',NULL,12,16,1047),(687,'201400211036','梁林榕','201400211036','梧州学院','本科','4',NULL,'2014','201700201',NULL,12,16,1048),(688,'201400211012','王凯明','201400211012','梧州学院','本科','4',NULL,'2014','201700201',NULL,12,16,1049),(689,'201400211016','苏晓雪','201400211016','梧州学院','本科','4',NULL,'2014','201700201',NULL,12,16,1050),(690,'201400211031','梁琼宇','201400211031','梧州学院','本科','4',NULL,'2014','201700201',NULL,12,16,1051),(691,'201400211033','粟秋艺','201400211033','梧州学院','本科','4',NULL,'2014','201700201',NULL,12,16,1052),(692,'201400211034','宁丹','201400211034','梧州学院','本科','4',NULL,'2014','201700201',NULL,12,16,1053),(693,'201400211044','黄雪芳','201400211044','梧州学院','本科','4',NULL,'2014','201700201',NULL,12,16,1054),(694,'201400211008','覃琦超','201400211008','梧州学院','本科','4',NULL,'2014','201700201',NULL,12,16,1055),(695,'201400211009','李良','201400211009','梧州学院','本科','4',NULL,'2014','201700201',NULL,12,16,1056),(696,'201300211002','陈志斌','201300211002','梧州学院','本科','4',NULL,'2014','201700201',NULL,12,16,1057),(697,'201400211014','杨国华','201400211014','梧州学院','本科','4',NULL,'2014','201700201',NULL,12,16,1058),(698,'201400208101','龙宇晖',NULL,'梧州学院','0','4','2014-09-18','2014','201700201',NULL,4,1,1059),(699,'201400208203','梁春波','201400208203','梧州学院','本科','4',NULL,'2014','201700201',NULL,4,2,1060),(700,'201400208238','钟海晴','201400208238','梧州学院','本科','4',NULL,'2014','201700201',NULL,4,2,1061),(701,'18276297824','杨彪','452228199902202554','201700208524','0','1',NULL,'2019','201700201',NULL,10,12,1065),(702,'222222233','222222233','452228199902202554','http://localhost:8080/gdm_war_exploded/','0','1','2019-07-10','2018','201700201',NULL,4,15,1068);
/*!40000 ALTER TABLE `sys_student` ENABLE KEYS */;
UNLOCK TABLES;

--
-- Table structure for table `sys_teacher`
--

DROP TABLE IF EXISTS `sys_teacher`;
/*!40101 SET @saved_cs_client     = @@character_set_client */;
/*!40101 SET character_set_client = utf8 */;
CREATE TABLE `sys_teacher` (
  `teacher_id` int(11) NOT NULL AUTO_INCREMENT,
  `teacher_no` varchar(50) DEFAULT NULL COMMENT '老师编号',
  `teacher_name` varchar(50) DEFAULT NULL,
  `dept_number` varchar(50) DEFAULT NULL COMMENT '学院标号',
  `category_id` int(11) DEFAULT NULL COMMENT '大类Id',
  `staffroom_id` int(11) DEFAULT NULL COMMENT '教研室ID',
  `technical_id` int(11) DEFAULT NULL COMMENT '职称ID',
  `duties_no` varchar(255) DEFAULT NULL COMMENT '职务编号:',
  `user_id` int(11) DEFAULT NULL COMMENT '用户Id',
  PRIMARY KEY (`teacher_id`)
) ENGINE=InnoDB AUTO_INCREMENT=203 DEFAULT CHARSET=utf8;
/*!40101 SET character_set_client = @saved_cs_client */;

--
-- Dumping data for table `sys_teacher`
--

LOCK TABLES `sys_teacher` WRITE;
/*!40000 ALTER TABLE `sys_teacher` DISABLE KEYS */;
INSERT INTO `sys_teacher` (`teacher_id`, `teacher_no`, `teacher_name`, `dept_number`, `category_id`, `staffroom_id`, `technical_id`, `duties_no`, `user_id`) VALUES (101,'03002','谭伟明','201700201',NULL,NULL,215,'3',257),(102,'23002','甘金明','201700201',NULL,NULL,215,'4',258),(103,'23003','吴燕端','201700201',NULL,NULL,215,'5',259),(104,'23004','万励','201700201',8,4,215,'6',260),(105,'23005','邹木春','201700201',6,10,213,'7',261),(106,'23006','郭慧','201700201',6,10,214,'8',262),(107,'23007','龚红梅','201700201',NULL,NULL,213,'9',263),(108,'23008','韦翠兰','201700201',4,5,213,'10',264),(109,'23097','刘树先','201700201',NULL,NULL,213,'11',265),(110,'23009','黄永庆','201700201',6,10,213,'12',266),(111,'23010','陆科达','201700201',8,4,216,'12',267),(112,'23011','苏芳','201700201',5,12,213,'13',268),(113,'23012','梁朝湘','201700201',3,6,213,'13',269),(114,'23014','龚平','201700201',3,6,214,'14',270),(115,'23015','何高明','201700201',4,5,213,'15',271),(116,'23016','贺杰','201700201',5,12,214,'16',272),(117,'23017','侯义锋','201700201',6,10,213,'17',273),(118,'23018','莫智懿','201700201',8,4,216,'18',274),(119,'23019','许成章','201700201',7,9,213,'19',275),(120,'23020','于健海','201700201',6,10,213,'20',276),(121,'23021','赵贤','201700201',7,9,213,'21',277),(122,'23036','盖双旗','201700201',4,4,213,'22',278),(123,'23023','冀占江','201700201',7,9,213,'20',279),(124,'23024','李泽庆','201700201',NULL,NULL,213,'20',280),(125,'23025','丘妮','201700201',NULL,NULL,213,'20',281),(126,'23026','邵晋芳','201700201',NULL,NULL,213,'20',282),(127,'23027','沈翩翩','201700201',NULL,NULL,213,'20',283),(128,'23028','覃汉龙','201700201',NULL,NULL,213,'20',284),(129,'23029','吴芳','201700201',NULL,NULL,213,'20',285),(130,'23103','蔡敏仪','201700201',NULL,NULL,213,'20',286),(131,'23104','周源','201700201',NULL,NULL,213,'20',287),(132,'23031','陈聪','201700201',4,5,213,'25',288),(133,'23032','陈红','201700201',7,9,213,'25',289),(134,'23033','陈佳','201700201',3,6,213,'25',290),(135,'23034','陈伟华','201700201',4,5,213,'25',291),(136,'23035','代丽娴','201700201',3,6,213,'25',292),(137,'23037','宫海晓','201700201',5,12,213,'25',293),(138,'23038','胡庆席','201700201',7,9,213,'25',294),(139,'23039','黄劲','201700201',7,9,213,'25',295),(140,'23040','黄洁明','201700201',3,6,213,'25',296),(141,'23041','黄筱佟','201700201',5,12,213,'25',297),(142,'23042','蒋琳琼','201700201',4,5,213,'25',298),(143,'23043','黎达安','201700201',6,10,213,'25',299),(144,'23044','李健','201700201',3,6,213,'25',300),(145,'23045','李军','201700201',4,5,213,'25',301),(146,'23046','李翊','201700201',3,6,213,'25',302),(147,'23047','李琛','201700201',6,10,213,'25',303),(148,'23048','李海英','201700201',4,5,213,'25',304),(149,'23049','李连芬','201700201',7,9,213,'25',305),(150,'23050','李学海','201700201',6,10,213,'25',306),(151,'23051','李志军','201700201',7,9,213,'25',307),(152,'23052','梁菁','201700201',5,12,213,'25',308),(153,'23053','廖秋香','201700201',6,10,213,'25',309),(154,'23054','刘玲玲','201700201',NULL,NULL,213,'25',310),(155,'23055','刘敏捷','201700201',7,9,213,'25',311),(156,'23056','卢雪燕','201700201',3,6,213,'25',312),(157,'23057','卢在盛','201700201',6,10,213,'25',313),(158,'23058','莫协强','201700201',7,9,213,'25',314),(159,'23059','彭金虎','201700201',8,4,213,'25',315),(160,'23060','钱俊','201700201',4,5,213,'25',316),(161,'23061','卿海军','201700201',3,6,213,'25',317),(162,'23062','石向东','201700201',7,9,213,'25',318),(163,'23063','覃桂茳','201700201',7,9,213,'25',319),(164,'23064','覃学文','201700201',7,9,213,'25',320),(165,'23065','谭军安','201700201',7,9,213,'25',321),(166,'23066','唐智权','201700201',6,10,213,'25',322),(167,'23067','汪梅','201700201',3,6,213,'25',323),(168,'23068','韦雪娇','201700201',4,5,213,'25',324),(169,'23069','吴炎桃','201700201',8,4,213,'25',325),(170,'23072','杨甲山','201700201',7,9,213,'25',326),(171,'23073','姚高华','201700201',6,10,213,'25',327),(172,'23074','曾福军','201700201',7,9,212,'25',328),(173,'23075','郑瑶','201700201',6,10,213,'25',329),(174,'23087','杨秋慧','201700201',6,10,213,'25',330),(175,'23094','陈悦','201700201',8,4,213,'25',331),(176,'23095','周宇媚','201700201',NULL,NULL,213,'25',332),(177,'23096','彭国晋','201700201',6,10,213,'25',333),(178,'23098','吴飞燕','201700201',5,12,213,'25',334),(179,'23099','高晓峰','201700201',4,5,213,'25',335),(180,'23100','赵春茹','201700201',7,9,213,'25',336),(181,'23101','王奎奎','201700201',6,10,213,'25',337),(182,'23102','涂井先','201700201',7,9,213,'25',338),(183,'23105','何希','201700201',8,4,213,'25',339),(184,'23106','李宗妮','201700201',3,6,213,'25',340),(185,'23076','杜汝涛','201700201',3,6,213,'24',341),(186,'23077','黄容兰','201700201',6,10,213,'26',342),(187,'23078','冀肖榆','201700201',8,4,214,'24',343),(188,'23079','李红亮','201700201',4,5,213,'24',344),(189,'23081','农健','201700201',3,6,213,'24',345),(190,'23082','潘明华','201700201',6,10,213,'26',346),(191,'23083','庞光垚','201700201',8,4,213,'24',347),(192,'23084','王先龙','201700201',6,10,213,'24',348),(193,'23085','张金城','201700201',6,10,213,'24',349),(194,'23086','郑明','201700201',3,6,213,'24',350),(195,'23022','邸臻炜','201700201',5,12,213,'24',351),(196,'23030','许传本','201700201',8,4,213,'24',352),(197,'23089','甘辉','201700201',6,10,213,'24',353),(198,'23088','周信健','201700201',6,10,213,'24',354),(199,'23090','朱肖颖','201700201',8,4,213,'24',355),(200,'23092','李庆','201700201',8,4,213,'24',356),(201,'admin','admin','201700201',NULL,NULL,213,'24',772),(202,'02655555','02655555','201700201',8,4,212,NULL,1064);
/*!40000 ALTER TABLE `sys_teacher` ENABLE KEYS */;
UNLOCK TABLES;

--
-- Table structure for table `sys_technical`
--

DROP TABLE IF EXISTS `sys_technical`;
/*!40101 SET @saved_cs_client     = @@character_set_client */;
/*!40101 SET character_set_client = utf8 */;
CREATE TABLE `sys_technical` (
  `technical_id` int(10) NOT NULL AUTO_INCREMENT COMMENT '职称id',
  `technical_no` varchar(255) DEFAULT NULL COMMENT '职称编号',
  `technical_name` varchar(50) DEFAULT NULL,
  PRIMARY KEY (`technical_id`)
) ENGINE=InnoDB AUTO_INCREMENT=217 DEFAULT CHARSET=utf8;
/*!40101 SET character_set_client = @saved_cs_client */;

--
-- Dumping data for table `sys_technical`
--

LOCK TABLES `sys_technical` WRITE;
/*!40000 ALTER TABLE `sys_technical` DISABLE KEYS */;
INSERT INTO `sys_technical` (`technical_id`, `technical_no`, `technical_name`) VALUES (212,'01','助教'),(213,'02','讲师'),(214,'03','副教授'),(215,'04','教授'),(216,'05','高级工程师');
/*!40000 ALTER TABLE `sys_technical` ENABLE KEYS */;
UNLOCK TABLES;

--
-- Table structure for table `task_book`
--

DROP TABLE IF EXISTS `task_book`;
/*!40101 SET @saved_cs_client     = @@character_set_client */;
/*!40101 SET character_set_client = utf8 */;
CREATE TABLE `task_book` (
  `task_id` int(11) NOT NULL AUTO_INCREMENT,
  `task_content` longtext COMMENT '论文内容和要求',
  `task_plan_job` longtext COMMENT '进度计划与完成的工作',
  `task_document` longtext COMMENT '主要参考文献、资料',
  `stu_id` int(11) DEFAULT NULL COMMENT '学生ID',
  `teacher_id` int(11) DEFAULT NULL COMMENT '指导老师Id',
  `year` int(11) DEFAULT NULL COMMENT '年度',
  PRIMARY KEY (`task_id`)
) ENGINE=InnoDB AUTO_INCREMENT=69 DEFAULT CHARSET=utf8;
/*!40101 SET character_set_client = @saved_cs_client */;

--
-- Dumping data for table `task_book`
--

LOCK TABLES `task_book` WRITE;
/*!40000 ALTER TABLE `task_book` DISABLE KEYS */;
INSERT INTO `task_book` (`task_id`, `task_content`, `task_plan_job`, `task_document`, `stu_id`, `teacher_id`, `year`) VALUES (1,'<p><span style=\"font-size:16px;font-family:宋体\"></span></p><p><span style=\"font-size:19px\">&nbsp;</span><span style=\"font-size:16px;font-family:宋体\">本课题以广西梧州食品药品检验所报告书系统项目为背景，根据广西梧州药检所样品检验流程，按照软件工程的规范，设计一个满足实际业务要求的检验报告系统，从而实现业务科与实验室协同工作以及检品过程监督，具体内容要求如下：</span></p><p><span style=\"font-size:16px\">&nbsp; </span></p><p style=\"margin-left:67px\"><span style=\"font-size:16px\">1、<span style=\"font-variant-numeric: normal;font-stretch: normal;font-size: 9px;line-height: normal;font-family: &#39;Times New Roman&#39;\">&nbsp;&nbsp;&nbsp;&nbsp;&nbsp;&nbsp;&nbsp;&nbsp;&nbsp;&nbsp;&nbsp; </span></span><span style=\"font-size:16px;font-family:宋体\">查阅实验室信息管理系统</span><span style=\"font-size:16px\">(LIMS)</span><span style=\"font-size:16px;font-family:宋体\">相关文献资料，了解相关技术。</span></p><p style=\"margin-left:67px\"><span style=\"font-size:16px\">2、<span style=\"font-variant-numeric: normal;font-stretch: normal;font-size: 9px;line-height: normal;font-family: &#39;Times New Roman&#39;\">&nbsp;&nbsp;&nbsp;&nbsp;&nbsp;&nbsp;&nbsp;&nbsp;&nbsp;&nbsp;&nbsp; </span></span><span style=\"font-size:16px;font-family:宋体\">在毕业设计周期内，定期实地调研相关单位的实际需求。</span></p><p style=\"margin-left:67px\"><span style=\"font-size:16px\">3、<span style=\"font-variant-numeric: normal;font-stretch: normal;font-size: 9px;line-height: normal;font-family: &#39;Times New Roman&#39;\">&nbsp;&nbsp;&nbsp;&nbsp;&nbsp;&nbsp;&nbsp;&nbsp;&nbsp;&nbsp;&nbsp; </span></span><span style=\"font-size:16px;font-family:宋体\">整理系统的需求并形成技术解决方案；</span></p><p style=\"margin-left:67px\"><span style=\"font-size:16px\">4、<span style=\"font-variant-numeric: normal;font-stretch: normal;font-size: 9px;line-height: normal;font-family: &#39;Times New Roman&#39;\">&nbsp;&nbsp;&nbsp;&nbsp;&nbsp;&nbsp;&nbsp;&nbsp;&nbsp;&nbsp;&nbsp; </span></span><span style=\"font-size:16px;font-family:宋体\">根据需求规格文档开展系统功能设计与实现；</span></p><p style=\"margin-left:67px\"><span style=\"font-size:16px\">5、<span style=\"font-variant-numeric: normal;font-stretch: normal;font-size: 9px;line-height: normal;font-family: &#39;Times New Roman&#39;\">&nbsp;&nbsp;&nbsp;&nbsp;&nbsp;&nbsp;&nbsp;&nbsp;&nbsp;&nbsp;&nbsp; </span></span><span style=\"font-size:16px;font-family:宋体\">按梧州学院毕业论文格式撰写毕业论文；</span></p><p><span style=\"font-size:16px;font-family:宋体\"></span><br/></p><p>嘎嘎嘎</p>','<p><span style=\"font-size:16px;font-family:宋体\"></span></p><p><span style=\"font-size:16px;font-family:宋体\">1</span><span style=\"font-size:16px;font-family:宋体\">、第一阶段：查阅资料，了解梧州食品药品检验所对样品检测的相关政策文件，了解国内外相关的食品药品检测现状。</span></p><p><span style=\"font-size:16px;font-family:宋体\">&nbsp;&nbsp; 2</span><span style=\"font-size:16px;font-family:宋体\">、第二阶段：应用第一阶段收集和整理的资料，并着手进行需求分析。</span></p><p><span style=\"font-size:16px;font-family:宋体\">&nbsp;&nbsp; 3</span><span style=\"font-size:16px;font-family:宋体\">、第三阶段：完成系统设计、编码与测试。</span></p><p><span style=\"font-size:16px;font-family:宋体\">&nbsp;&nbsp; 4</span><span style=\"font-size:16px;font-family:宋体\">、第四阶段：根据以上三个阶段完成的任务和积累的相关文档草拟论文提纲并提交指导老师审阅。</span></p><p><span style=\"font-size:16px;font-family:宋体\">&nbsp;&nbsp; 5</span><span style=\"font-size:16px;font-family:宋体\">、第五阶段：撰写毕业论文并提交指导老师审阅。</span></p><p><span style=\"font-size:16px;font-family:宋体\">&nbsp;&nbsp; 6</span><span style=\"font-size:16px;font-family:宋体\">、第六阶段：答辩、再次整理论文和作品相关资料、归档和提交指导老师。</span></p><p style=\"text-indent:32px\"><span style=\"font-size:16px;font-family:宋体\">&nbsp;</span></p><p><span style=\"font-size:16px;font-family:宋体\"></span><br/></p><p><br/></p>','<p style=\"line-height:125%\"><span style=\"font-size: 16px;line-height:125%;font-family:宋体\">[1] </span><span style=\"font-size:16px;line-height:125%;font-family:宋体\">黄宝斌,许明哲,董中平等.药品检验业务流程效率研究概述[J].中国药事.2016,</span> <span style=\"font-size:16px;line-height:125%;font-family:宋体\">(12):1204-1208.</span></p><p style=\"line-height:125%\"><span style=\"font-size: 16px;line-height:125%;font-family:宋体\">[2]</span><span style=\"font-size:16px;line-height:125%;font-family:宋体\">张华,周中木,杨雪梅.食品药品检验实验室LIMS的设计与实现[J].计量与测试技术,2015,(11):22-23.</span></p><p style=\"line-height:125%\"><span style=\"font-size: 16px;line-height:125%;font-family:宋体\">[3]</span><span style=\"font-size:16px;line-height:125%;font-family:宋体\">林伟强.广东省药品检验所LIMS应用[J].今日药学,2008,(04):88-90.</span></p><p style=\"line-height:125%\"><span style=\"font-size: 16px;line-height:125%;font-family:宋体\">[4]</span><span style=\"font-size:16px;line-height:125%;font-family:宋体\">杨春福.药厂质量检验信息管理系统的设计与实现[D].山东大学,2013.</span></p><p style=\"line-height:125%\"><span style=\"font-size: 16px;line-height:125%;font-family:宋体\">[5]</span><span style=\"font-size:16px;line-height:125%;font-family:宋体\">李胜君.食品检测信息管理系统的设计与实现[D].吉林大学,2012.</span></p><p><br/></p>',325,200,2019),(2,'<p style=\"text-indent:32px\"><span style=\"font-size:16px;font-family:宋体\">本课题要求从梧州学院毕业设计管理现状出发，按照软件工程的规范，设计一个满足实际要求的</span><span style=\"font-size:16px;font-family:宋体\">毕业设计管理</span><span style=\"font-size: 16px;font-family:宋体\">系统，具体要求如下：</span></p><p style=\"text-indent: 32px\"><span style=\"font-size:16px;font-family: 宋体\">1</span><span style=\"font-size:16px;font-family:宋体\">、收集相关文献资料，了解梧州学院毕业设计过程并形成技术解决方案；</span></p><p style=\"text-indent:32px\"><span style=\"font-size:16px;font-family:宋体\">2</span><span style=\"font-size:16px;font-family:宋体\">、系统需满足我院毕业设计流程，从学生选导师-&gt;确定课题-&gt;开题报告-&gt;毕业设计过程管理-&gt;论文评阅-&gt;毕业设计答辩-&gt;毕业设计资料收集的过程管理；</span></p><p style=\"text-indent:32px\"><span style=\"font-size:16px;font-family:宋体\">3</span><span style=\"font-size:16px;font-family:宋体\">、能根据不同专业管理毕业设计过程；</span></p><p style=\"text-indent:32px\"><span style=\"font-size:16px;font-family:宋体\">4</span><span style=\"font-size:16px;font-family:宋体\">、能完成毕业设计过程中各类文档的上传、毕业答辩小组的分配、毕业设计学生答辩的分配以及最终毕业设计文档的最终导出；</span></p><p style=\"text-indent:32px\"><span style=\"font-size:16px;font-family:宋体\">5</span><span style=\"font-size:16px;font-family:宋体\">、能设置毕业设计过程中各阶段的任务和时间的限制；</span></p><p><span style=\"font-size:16px;font-family:宋体\">6</span><span style=\"font-size:16px;font-family:宋体\">、完成毕业论文撰写并能将系统实际应用。</span></p><p><br/></p>','<p style=\"text-indent:32px\"><span style=\"font-size:16px;font-family:宋体\">1</span><span style=\"font-size:16px;font-family:宋体\">、 第一阶段：查阅资料、了解毕业设计管理标准，了解梧州学院对毕业设计管理的相关政策文件。</span></p><p style=\"text-indent:32px\"><span style=\"font-size:16px;font-family:宋体\">2</span><span style=\"font-size:16px;font-family:宋体\">、 第二阶段：应用第一阶段收集和整理的资料，构架梧州学院毕业设计管理平台，划分平台的角色、按角色划分职能，并对相关职能进行业务分析。</span></p><p style=\"text-indent:32px\"><span style=\"font-size:16px;font-family:宋体\">3</span><span style=\"font-size:16px;font-family:宋体\">、 第三阶段：完成系统设计、编码与测试。</span></p><p style=\"text-indent:32px\"><span style=\"font-size:16px;font-family:宋体\">4</span><span style=\"font-size:16px;font-family:宋体\">、 第四阶段：根据以上三个阶段完成的任务和积累的相关文档草拟论文提纲并提交指导老师审阅。</span></p><p style=\"text-indent:32px\"><span style=\"font-size:16px;font-family:宋体\">5</span><span style=\"font-size:16px;font-family:宋体\">、 第五阶段：撰写毕业论文并提交指导老师审阅。</span></p><p><span style=\"font-size:16px;font-family:宋体\">6</span><span style=\"font-size:16px;font-family:宋体\">、 第六阶段：答辩、再次整理论文和作品相关资料、归档和提交指导老师。</span></p><p><br/></p>','<p style=\"background:white\"><span style=\"font-size: 16px;font-family:宋体\">[1]</span><span style=\"font-size:16px;font-family: 宋体\">张海藩.软件工程导论[M].清华大学出版社，2008.2.</span></p><p style=\"line-height:150%\"><span style=\"font-size: 16px;line-height:150%;font-family:宋体\">[2]Ben Smith.Beginning Json[M].Apress,2015.</span></p><p style=\"line-height:150%\"><span style=\"font-size: 16px;line-height:150%;font-family:宋体\">[3]</span><span style=\";line-height:150%;font-family:宋体\">Krill,Pull. MuleSource adds to open source SOA, ESB [J]. InfoWorld.com,2008.</span><span style=\"font-size:16px;line-height: 150%;font-family:宋体\"> [4]</span><span style=\"font-size: 16px;line-height:150%;font-family:宋体\">肖春莲.毕业设计管理系统[J].设计有色冶金设计与研究,2000.</span></p><p style=\"line-height:125%\"><span style=\"font-size: 16px;line-height:125%;font-family:宋体\">[5]</span><span style=\"font-size:16px;line-height:125%;font-family:宋体\">李刚.疯狂Java讲义[M].电子工业出版社.2012.12.</span></p><p style=\"line-height:125%\"><span style=\"font-size: 16px;line-height:125%;font-family:宋体\">[6]</span><span style=\"font-size:16px;line-height:125%;font-family:宋体\">李刚.轻量级Java EE 企业应用实战Spring+Struts2+Hibernate整合开发[M].电子工业出版社.2010.12. </span></p><p style=\"line-height:125%\"><span style=\"font-size: 16px;line-height:125%;font-family:宋体\">[7]</span><span style=\"font-size:16px;line-height:125%;font-family:宋体\">王声光.基于J2EE工作流的作文续写系统的设计与实现[D].上海:华东师范大学，2012.</span></p><p style=\"line-height:125%\"><span style=\"font-size: 16px;line-height:125%;font-family:宋体\">[8]</span><span style=\"font-size:16px;line-height:125%;font-family:宋体\">冀振燕.系统分析设计与应用案列[M].北京：人民邮电出版社,2003.</span></p><p style=\"line-height:125%\"><span style=\"font-size: 16px;line-height:125%;font-family:宋体\">[9]</span><span style=\"font-size:16px;line-height:125%;font-family:宋体\">王志勇，谢凤艳.教育国际化的校本实践[J].江苏教育研究，2009（6）：36-37. </span></p><p style=\"line-height:125%\"><span style=\"font-size: 16px;line-height:125%;font-family:宋体\">[10]</span><span style=\"font-size:16px;line-height:125%;font-family:宋体\">孙玉宝.高校毕业设计存在问题及对策研究[J].现代企业教育，2014.</span></p><p style=\"line-height:125%\"><span style=\"font-size: 16px;line-height:125%;font-family:宋体\">[11]</span><span style=\"font-size:16px;line-height:125%;font-family:宋体\">施阳</span><span style=\"font-size:16px;line-height:125%\">,</span><span style=\"font-size:16px;line-height:125%;font-family:宋体\">张海燕</span><span style=\"font-size:16px;line-height:125%\">,</span><span style=\"font-size:16px;line-height:125%;font-family:宋体\">戴德伟</span><span style=\"font-size:16px;line-height:125%\">. </span><span style=\"font-size:16px;line-height:125%;font-family:宋体\">基于</span><span style=\"font-size:16px;line-height:125%\">JavaEE</span><span style=\"font-size: 16px;line-height:125%;font-family:宋体\">的毕业设计管理系统设计与实现</span><span style=\"font-size:16px;line-height:125%\">[J/OL]. </span><span style=\"font-size:16px;line-height:125%;font-family:宋体\">软件导刊</span><span style=\"font-size:16px;line-height:125%\">,2015,14(02):86-88.</span></p><p><br/></p>',324,118,2019),(3,'<p style=\"text-indent:32px\"><span style=\";font-family:宋体;font-size:16px\"><span style=\"font-family:宋体\">本课题要求从目前贵港市港北区项目建设的现状出发，按照软件工程的规范，设计并开发出一款基于</span>android移动应用终端的<span style=\"font-family:宋体\">港北区项目建设协同数据平台，该课题论文研究的内容主要是针对项目建设过程中的工作进度及存在问题进行记录，构建项目责任人之间相互沟通的平台加强项目责任人之间的沟通交流，实时反映项目当前建设信息。</span></span></p><p><br/></p>','<p style=\"text-indent:32px\"><span style=\";font-family:宋体;font-size:16px\">1.第一阶段：查阅相关资料，了解国内外相关的城市地区项目建设协同数据平台，并对各个平台的实际应用及现状进行比较，从中吸取出针对本课题设计有个明确的思路和方向。</span></p><p style=\"text-indent:32px\"><span style=\";font-family:宋体;font-size:16px\">2.第二阶段：根据所掌握的资料和所学知识确定好研究课题和方向，拟写</span></p><p><span style=\";font-family:宋体;font-size:16px\">所研究课题的论文大纲。</span></p><p style=\"text-indent:32px\"><span style=\"font-family:宋体;font-size:16px\">3.</span><span style=\";font-family:宋体;font-size:16px\">第三阶段：收集整理往年贵港市港北区项目建设方面的相关数据及材料，根据国家相关标准规定，完成该课题的可行性分析报告和需求文档。</span></p><p style=\"text-indent:32px\"><span style=\"font-family:宋体;font-size:16px\">4.</span><span style=\";font-family:宋体;font-size:16px\">第四阶段：通过与指导老师沟通并查阅软件工程相关材料和学习，对该平台的系统架构及功能架构进行总体的分析和设计，画好该系统平台的软件架构图，技术架构图，功能架构图，流程图，活动图等相关图。</span></p><p style=\"text-indent:32px\"><span style=\"font-family:宋体;font-size:16px\">5.</span><span style=\";font-family:宋体;font-size:16px\">第五阶段：编写系统代码，针对系统主要模块进行开发，完成系统主要的功能模块。</span></p><p style=\"text-indent:32px\"><span style=\"font-family:宋体;font-size:16px\">6.</span><span style=\";font-family:宋体;font-size:16px\">第六阶段：根据系统已完成的主要模块功能，对细节方面进行功能的开发，完善系统子功能模块。</span></p><p style=\"text-indent:32px\"><span style=\"font-family:宋体;font-size:16px\">7.</span><span style=\";font-family:宋体;font-size:16px\">第七阶段：根据系统需求文档以及已完成系统功能拟定系统测试计划和测试要点，编写系统测试用例文档进行测试，记录好测试结果和步骤并进行分析，根据分析结果，填写系统缺陷及修改方案，纠正系统相关功能，逐步完成整个系统平台。</span></p><p style=\"text-indent:32px\"><span style=\"font-family:宋体;font-size:16px\">8.</span><span style=\";font-family:宋体;font-size:16px\"><span style=\"font-family:宋体\">第八阶段：结合系统在开发过程中从需求分析到编码测试的过程进行</span> <span style=\"font-family:宋体\">撰写该课题论文。</span></span></p><p style=\"text-indent:32px\"><span style=\"font-family:宋体;font-size:16px\">9.</span><span style=\";font-family:宋体;font-size:16px\">第九阶段：与指导老师沟通交流，根据指导老师的建议修改课题论文，最终完成论文定稿。</span></p><p style=\"text-indent:32px\"><span style=\"font-family:宋体;font-size:16px\">10.</span><span style=\";font-family:宋体;font-size:16px\">第十阶段：按照论文标准格式进行整理打印，并准备答辩。</span></p><p style=\"text-indent:32px\"><span style=\";font-family:宋体;font-size:16px\">&nbsp;</span></p><p><br/></p>','',328,118,2019),(4,'<p style=\"text-indent:32px\"><span style=\"font-size:16px;font-family:宋体\">本课题要求从梧州学院毕业设计管理现状出发，按照软件工程的规范，设计一个满足实际要求的</span><span style=\"font-size:16px;font-family:宋体\">毕业设计管理</span><span style=\"font-size: 16px;font-family:宋体\">系统，具体要求如下：</span></p><p style=\"text-indent: 32px\"><span style=\"font-size:16px;font-family: 宋体\">1</span><span style=\"font-size:16px;font-family:宋体\">、收集相关文献资料，了解梧州学院毕业设计过程并形成技术解决方案；</span></p><p style=\"text-indent:32px\"><span style=\"font-size:16px;font-family:宋体\">2</span><span style=\"font-size:16px;font-family:宋体\">、系统需满足我院毕业设计流程，从学生选导师-&gt;确定课题-&gt;开题报告-&gt;毕业设计过程管理-&gt;论文评阅-&gt;毕业设计答辩-&gt;毕业设计资料收集的过程管理；</span></p><p style=\"text-indent:32px\"><span style=\"font-size:16px;font-family:宋体\">3</span><span style=\"font-size:16px;font-family:宋体\">、能根据不同专业管理毕业设计过程；</span></p><p style=\"text-indent:32px\"><span style=\"font-size:16px;font-family:宋体\">4</span><span style=\"font-size:16px;font-family:宋体\">、能完成毕业设计过程中各类文档的上传、毕业答辩小组的分配、毕业设计学生答辩的分配以及最终毕业设计文档的最终导出；</span></p><p style=\"text-indent:32px\"><span style=\"font-size:16px;font-family:宋体\">5</span><span style=\"font-size:16px;font-family:宋体\">、能设置毕业设计过程中各阶段的任务和时间的限制；</span></p><p style=\"text-indent:32px\"><span style=\"font-size:16px;font-family:宋体\">6</span><span style=\"font-size:16px;font-family:宋体\">、完成毕业论文撰写并能将系统实际应用。</span></p><p><br/></p>','<p style=\"line-height:125%\"><strong><span style=\"font-family: 宋体;line-height: 125%;font-size: 16px\">研究方法：</span></strong></p><p style=\"text-indent:32px;line-height:125%\"><span style=\";font-family:宋体;line-height:125%;font-size:16px\"><span style=\"font-family:宋体\">本课题的研究方法是：了解梧州港行管理局户外</span>LED航道信息显示屏软件系统的概况，结合整个系统的各个模块系统所涉及的数据和需求进行分析，然后建立整个服务平台的消息发布和订阅，根据这个模型对整个平台的消息进行研究设计。</span></p><p style=\"line-height:125%\"><strong><span style=\"font-family: 宋体;line-height: 125%;font-size: 16px\">研究步骤及措施：</span></strong></p><p style=\"margin-left:32px;line-height:125%\"><span style=\"font-family:宋体;font-size:16px\">1.&nbsp;</span><span style=\";font-family:宋体;line-height:125%;font-size:16px\"><span style=\"font-family:宋体\">收集相关资料，了解相应的</span>ActiveMQ消息中间件技术，进行论文可行性评估。 </span></p><p style=\"margin-left:32px;line-height:125%\"><span style=\"font-family:宋体;font-size:16px\">2.&nbsp;</span><span style=\";font-family:宋体;line-height:125%;font-size:16px\"><span style=\"font-family:宋体\">仔细分析户外</span>LED航道信息显示平台需求并建立模型，分析基于ActiveMQ消息中间件技术在户外LED航道信息显示平台的应用前景和实用价值，并着手设计系统界面。</span></p><p style=\"margin-left:32px;line-height:125%\"><span style=\"font-family:宋体;font-size:16px\">3.&nbsp;</span><span style=\";font-family:宋体;line-height:125%;font-size:16px\">进行系统设计和架构设计。</span></p><p style=\"margin-left:32px;line-height:125%\"><span style=\"font-family:宋体;font-size:16px\">4.&nbsp;</span><span style=\";font-family:宋体;line-height:125%;font-size:16px\">编写代码实现相应功能。</span></p><p style=\"margin-left:32px;line-height:125%\"><span style=\"font-family:宋体;font-size:16px\">5.&nbsp;</span><span style=\";font-family:宋体;line-height:125%;font-size:16px\">调试运行所开发的实例，同时整理出论文初稿。</span></p><p><span style=\";font-family:宋体;font-size:16px\">改进并完成设计，整理各种文档，完成论文。</span></p><p><br/></p>','<p style=\"text-indent:28px;line-height:125%\"><span style=\";font-family:宋体;line-height:125%;font-size:14px\">[1]李易民.JMS安全消息中间件的设计与实现[D].硕士学位论文,广东工业大学2011:7-46.</span></p><p><span style=\";font-family:宋体;font-size:14px\">[2]王文明.基于消息分类的消息中间件研究[D].硕士学位论文,曲阜师范大学2010:4-28.</span></p><p><br/></p>',324,118,2019),(5,'<p style=\"margin-top:8px;margin-right:0;margin-bottom:8px;margin-left:0;text-indent:32px\"><span style=\"font-size:16px;font-family:宋体\">运用大学所学的《软件工程》/《程序设计》/《数据库原理》等课程的学习完成基于Retrofit网络框架的保险销售管理系统的设计与实现 。</span></p><p style=\"margin-top:8px;margin-right:0;margin-bottom:8px;margin-left:0;text-indent:32px;line-height:125%\"><span style=\"font-size:16px;line-height:125%;font-family:宋体\">1.</span><span style=\"font-size:16px;line-height:125%;font-family:宋体\">首先去图书馆及相关的网站查阅资料，对课题展开相关的了解，对系统进行可行性的分析。</span></p><p style=\"margin-top:8px;margin-right:0;margin-bottom:8px;margin-left:0;text-indent:32px;line-height:125%\"><span style=\"font-size:16px;line-height:125%;font-family:宋体\">2.</span><span style=\"font-size:16px;line-height:125%;font-family:宋体\">了解</span><span style=\"font-size:16px;line-height:125%;font-family:宋体\">基于Retrofit网络框架的保险销售管理系统</span><span style=\"font-size:16px;line-height:125%;font-family:宋体\">在实际生活中的意义和运用。</span></p><p style=\"margin-top:8px;margin-right:0;margin-bottom:8px;margin-left:0;text-indent:32px;line-height:125%\"><span style=\"font-size:16px;line-height:125%;font-family:宋体\">3.</span><span style=\"font-size:16px;line-height:125%;font-family:宋体\">着手整理课题所运用到的技术和框架。</span></p><p style=\"margin-top:8px;margin-right:0;margin-bottom:8px;margin-left:0;text-indent:32px;line-height:125%\"><span style=\"font-size:16px;line-height:125%;font-family:宋体\">4.</span><span style=\"font-size:16px;line-height:125%;font-family:宋体\">接着针对销售管理人员在拜访过程中的路线跟踪，定位，访问等技术的使用进行学习。</span></p><p style=\"margin-top:8px;margin-right:0;margin-bottom:8px;margin-left:0;text-indent:32px;line-height:125%\"><span style=\"font-size:16px;line-height:125%;font-family:宋体\">5.</span><span style=\"font-size:16px;line-height:125%;font-family:宋体\">研究Retrofit框架，配置不同HTTP client来实现网络请求。</span></p><p style=\"margin-top:8px;margin-right:0;margin-bottom:8px;margin-left:0;text-indent:32px;line-height:125%\"><span style=\"font-size:16px;line-height:125%;font-family:宋体\">6.</span><span style=\"font-size:16px;line-height:125%;font-family:宋体\">研究前后端交互以json形式传输，将手机端与电脑端的数据连接起来。</span></p><p style=\"margin-top:8px;margin-right:0;margin-bottom:8px;margin-left:0;text-indent:32px;line-height:125%\"><span style=\"font-size:16px;line-height:125%;font-family:宋体\">7.</span><span style=\"font-size:16px;line-height:125%;font-family:宋体\">进行编码，并完成测试。</span></p><p style=\"margin-top:8px;margin-right:0;margin-bottom:8px;margin-left:0;text-indent:32px;line-height:125%\"><span style=\"font-size:16px;line-height:125%;font-family:宋体\">8.</span><span style=\"font-size:16px;line-height:125%;font-family:宋体\">完成毕业作品的设计，并在安卓方面的应用有进一步的了解和进步。</span></p><p style=\"margin-top:8px;margin-right:0;margin-bottom:8px;margin-left:0;text-indent:32px;line-height:125%\"><span style=\"font-size:16px;line-height:125%;font-family:宋体\">9.</span><span style=\"font-size:16px;line-height:125%;font-family:宋体\">按时的参加毕业设计小组的讨论。</span></p><p style=\"margin-top:8px;margin-right:0;margin-bottom:8px;margin-left:0;text-indent:32px;line-height:125%\"><span style=\"font-size:16px;line-height:125%;font-family:宋体\">10.</span><span style=\"font-size:16px;line-height:125%;font-family:宋体\">最后提交满足梧州学院工科毕业设计所需要求的论文及作品。</span></p><p><br/></p>','<p style=\"margin-top:8px;margin-right:0;margin-bottom:8px;margin-left:0;text-indent:32px\"><span style=\"font-size:16px;font-family:宋体\">第一阶段：通过查阅和询问的方式初步认识和了解自己所选课题的现状及方向。</span></p><p style=\"margin-top:8px;margin-right:0;margin-bottom:8px;margin-left:0;text-indent:32px\"><span style=\"font-size:16px;font-family:宋体\">第二阶段：对系统进行详细的需求分析，并确定功能模块以及数据库的设计。</span></p><p style=\"margin-top:8px;margin-right:0;margin-bottom:8px;margin-left:0;text-indent:32px\"><span style=\"font-size:16px;font-family:宋体\">第三阶段：对系统进行整体的设计。</span></p><p style=\"margin-top:8px;margin-right:0;margin-bottom:8px;margin-left:0;text-indent:32px\"><span style=\"font-size:16px;font-family:宋体\">第四阶段：对系统进行编码。</span></p><p style=\"margin-top:8px;margin-right:0;margin-bottom:8px;margin-left:0;text-indent:32px\"><span style=\"font-size:16px;font-family:宋体\">第五阶段：实现系统的相关功能及技术的用运，如：销售人员在拜访过程中的路线跟踪、定位、访问等。</span></p><p style=\"margin-top:8px;margin-right:0;margin-bottom:8px;margin-left:0;text-indent:32px\"><span style=\"font-size:16px;font-family:宋体\">第六阶段：完成系统功能模块的设计。</span></p><p style=\"margin-top:8px;margin-right:0;margin-bottom:8px;margin-left:0;text-indent:32px\"><span style=\"font-size:16px;font-family:宋体\">第五阶段：对系统进行测试，完成测试文档。</span></p><p style=\"margin-top:8px;margin-right:0;margin-bottom:8px;margin-left:0;text-indent:32px\"><span style=\"font-size:16px;font-family:宋体\">第六阶段：完成论文。</span></p><p><br/></p>','<p style=\"text-indent:32px;line-height:125%\"><span style=\"font-size:16px;line-height:125%;font-family:宋体\">[1] </span><span style=\"font-size:16px;line-height:125%;font-family:宋体\">周利江.基于SSH框架的J2EE应用研究[J].电脑编程技巧与维护,2012,12：68-69</span></p><p style=\"text-indent:32px;line-height:125%\"><span style=\"font-size:16px;line-height:125%;font-family:宋体\">[2] </span><span style=\"font-size:16px;line-height:125%;font-family:宋体\">权黎.关于有效管理销售团队的探讨策略[J].管理观察,2010,35.25-100.</span></p><p style=\"text-indent:32px;line-height:125%\"><span style=\"font-size:16px;line-height:125%;font-family:宋体\">[3] </span><span style=\"font-size:16px;line-height:125%;font-family:宋体\">韩永生.系统需求工程的分析与设计[J].无线电通信技术,2016,(01):48-108.</span></p><p style=\"text-indent:32px;line-height:125%\"><span style=\"font-size:16px;line-height:125%;font-family:宋体\">[4] </span><span style=\"font-size:16px;line-height:125%;font-family:宋体\">刘宏艳.基于安卓的营销管理系统的研究与实现[D].华北电力大学,2015.</span></p><p style=\"text-indent:32px;line-height:125%\"><span style=\"font-size:16px;line-height:125%;font-family:宋体\">[5] </span><span style=\"font-size:16px;line-height:125%;font-family:宋体\">吴彩霞.新闻发布系统设计与实现[J].安庆师范学院学报(自然版),2014,04:52-106.</span></p><p style=\"text-indent:32px;line-height:125%\"><span style=\"font-size:16px;line-height:125%;font-family:宋体\">[6] </span><span style=\"font-size:16px;line-height:125%;font-family:宋体\">张昊.安卓手机与数据库交互系统的设计[J].电子技术与软件程,2016,(12):12-192.</span></p><p style=\"text-indent:32px;line-height:125%\"><span style=\"font-size:16px;line-height:125%;font-family:宋体\">[7] </span><span style=\"font-size:16px;line-height:125%;font-family:宋体\">张秋实.基于安卓移动OA管理系统的设计与实现[D].硕士,电子科技大学,2015.</span></p><p><br/></p>',410,199,2019),(6,'<p>qwqwq</p>','','',336,118,2019),(7,'<p><br/></p><p style=\"text-indent:32px\"><span style=\"font-size:16px;font-family:宋体\">本课题要求从梧州学院毕业设计管理现状出发，按照软件工程的规范，设计一个满足实际要求的</span><span style=\"font-size:16px;font-family:宋体\">毕业设计管理</span><span style=\"font-size: 16px;font-family:宋体\">系统，具体要求如下：</span></p><p style=\"text-indent: 32px\"><span style=\"font-size:16px;font-family: 宋体\">1</span><span style=\"font-size:16px;font-family:宋体\">、收集相关文献资料，了解梧州学院毕业设计过程并形成技术解决方案；</span></p><p style=\"text-indent:32px\"><span style=\"font-size:16px;font-family:宋体\">2</span><span style=\"font-size:16px;font-family:宋体\">、系统需满足我院毕业设计流程，从学生选导师-&gt;确定课题-&gt;开题报告-&gt;毕业设计过程管理-&gt;论文评阅-&gt;毕业设计答辩-&gt;毕业设计资料收集的过程管理；</span></p><p style=\"text-indent:32px\"><span style=\"font-size:16px;font-family:宋体\">3</span><span style=\"font-size:16px;font-family:宋体\">、能根据不同专业管理毕业设计过程；</span></p><p style=\"text-indent:32px\"><span style=\"font-size:16px;font-family:宋体\">4</span><span style=\"font-size:16px;font-family:宋体\">、能完成毕业设计过程中各类文档的上传、毕业答辩小组的分配、毕业设计学生答辩的分配以及最终毕业设计文档的最终导出；</span></p><p style=\"text-indent:32px\"><span style=\"font-size:16px;font-family:宋体\">5</span><span style=\"font-size:16px;font-family:宋体\">、能设置毕业设计过程中各阶段的任务和时间的限制；</span></p><p style=\"text-indent:32px\"><span style=\"font-size:16px;font-family:宋体\">6</span><span style=\"font-size:16px;font-family:宋体\">、完成毕业论文撰写并能将系统实际应用。</span></p><p>生生世世事实上搜索</p>','<p><br/></p><p style=\"text-indent:32px\"><span style=\"font-size:16px;font-family:宋体\">1</span><span style=\"font-size:16px;font-family:宋体\">、 第一阶段：查阅资料、了解毕业设计管理标准，了解梧州学院对毕业设计管理的相关政策文件。</span></p><p style=\"text-indent:32px\"><span style=\"font-size:16px;font-family:宋体\">2</span><span style=\"font-size:16px;font-family:宋体\">、 第二阶段：应用第一阶段收集和整理的资料，构架梧州学院毕业设计管理平台，划分平台的角色、按角色划分职能，并对相关职能进行业务分析。</span></p><p style=\"text-indent:32px\"><span style=\"font-size:16px;font-family:宋体\">3</span><span style=\"font-size:16px;font-family:宋体\">、 第三阶段：完成系统设计、编码与测试。</span></p><p style=\"text-indent:32px\"><span style=\"font-size:16px;font-family:宋体\">4</span><span style=\"font-size:16px;font-family:宋体\">、 第四阶段：根据以上三个阶段完成的任务和积累的相关文档草拟论文提纲并提交指导老师审阅。</span></p><p style=\"text-indent:32px\"><span style=\"font-size:16px;font-family:宋体\">5</span><span style=\"font-size:16px;font-family:宋体\">、 第五阶段：撰写毕业论文并提交指导老师审阅。</span></p><p style=\"text-indent:32px\"><span style=\"font-size:16px;font-family:宋体\">6</span><span style=\"font-size:16px;font-family:宋体\">、 第六阶段：答辩、再次整理论文和作品相关资料、归档和提交指导老师。</span></p><p><br/></p>','<p style=\"line-height: 125%\"><span style=\"font-size:16px;line-height:125%;font-family:宋体\">[1]</span><span style=\"font-size:16px;line-height:125%;font-family:宋体\">王声光.基于J2EE工作流的作文续写系统的设计与实现[D].上海:华东师范大学，2012.</span></p><p style=\"line-height:125%\"><span style=\"font-size: 16px;line-height:125%;font-family:宋体\">[2]</span><span style=\"font-size:16px;line-height:125%;font-family:宋体\">冀振燕.系统分析设计与应用案列[M].北京：人民邮电出版社,2003.</span></p><p style=\"line-height:125%\"><span style=\"font-size: 16px;line-height:125%;font-family:宋体\">[3]</span><span style=\"font-size:16px;line-height:125%;font-family:宋体\">孙玉宝.高校毕业设计存在问题及对策研究[J].现代企业教育，2014.</span></p><p style=\"line-height:125%\"><span style=\"font-size: 16px;line-height:125%;font-family:宋体\">[4]</span><span style=\"font-size:16px;line-height:125%;font-family:宋体\">施阳</span><span style=\"font-size:16px;line-height:125%\">,</span><span style=\"font-size:16px;line-height:125%;font-family:宋体\">张海燕</span><span style=\"font-size:16px;line-height:125%\">,</span><span style=\"font-size:16px;line-height:125%;font-family:宋体\">戴德伟</span><span style=\"font-size:16px;line-height:125%\">. </span><span style=\"font-size:16px;line-height:125%;font-family:宋体\">基于</span><span style=\"font-size:16px;line-height:125%\">JavaEE</span><span style=\"font-size: 16px;line-height:125%;font-family:宋体\">的毕业设计管理系统设计与实现</span><span style=\"font-size:16px;line-height:125%\">[J]. </span><span style=\"font-size: 16px;line-height:125%;font-family:宋体\">软件导刊</span><span style=\"font-size:16px;line-height:125%\">,2015,14(02):86-88.</span></p><p style=\"margin-left: 32px\"><span style=\"font-size:16px;font-family:宋体\">[5]</span><span style=\"font-size:16px;font-family:宋体\">赵亚楠,董晶. 模板技术在内容管理系统中的应用与实现[J]. 计算机工程与设计,2012,33(10):3848-3852+3857. </span></p><p style=\"margin-left: 32px\"><span style=\"font-size:16px;font-family:宋体\">[6]</span><span style=\"font-size:16px;font-family:宋体\">喻斌. 内容管理系统中模板技术的研究与应用[D].南昌大学,2007.</span></p><p><br/></p>',323,118,2019),(8,'<p style=\"margin-left:48px;text-indent:28px\"><span style=\";font-family:宋体\">按照软件工程的规范，完成基于微信端的高校（单位）体检信息流程管理平台的开发和设计，该软件需完成如下主要功能（或性能指标）：</span></p><p class=\"MsoListParagraph\" style=\"margin-left:100px\"><span style=\";font-family:宋体\">1.<span style=\"font-variant-numeric: normal;font-stretch: normal;font-size: 9px;line-height: normal;font-family: &#39;Times New Roman&#39;\">&nbsp; </span></span><span style=\";font-family:宋体\">用户的登入与修改相应的个人信息，并配备个人初始密码进行修改。</span></p><p class=\"MsoListParagraph\" style=\"margin-left:100px\"><span style=\";font-family:宋体\">2.<span style=\"font-variant-numeric: normal;font-stretch: normal;font-size: 9px;line-height: normal;font-family: &#39;Times New Roman&#39;\">&nbsp; </span></span><span style=\";font-family:宋体\">用户登入后，选择预约时间，并生成预约编号</span></p><p class=\"MsoListParagraph\" style=\"margin-left:100px\"><span style=\";font-family:宋体\">3.<span style=\"font-variant-numeric: normal;font-stretch: normal;font-size: 9px;line-height: normal;font-family: &#39;Times New Roman&#39;\">&nbsp; </span></span><span style=\";font-family:宋体\">按照高校（单位）与医疗单位进行的体检项目表进行体检项目的选择</span></p><p class=\"MsoListParagraph\" style=\"margin-left:100px\"><span style=\";font-family:宋体\">4.<span style=\"font-variant-numeric: normal;font-stretch: normal;font-size: 9px;line-height: normal;font-family: &#39;Times New Roman&#39;\">&nbsp; </span></span><span style=\";font-family:宋体\">提供二维码进行扫码排队，并显示当前排队人数</span></p><p class=\"MsoListParagraph\" style=\"margin-left:100px\"><span style=\";font-family:宋体\">5.<span style=\"font-variant-numeric: normal;font-stretch: normal;font-size: 9px;line-height: normal;font-family: &#39;Times New Roman&#39;\">&nbsp; </span></span><span style=\";font-family:宋体\">对于预约时间的有效时间进行确定，并在超过当前预约时间时，该单号作废，或可以申请预约延迟，重新选择预约时间</span></p><p class=\"MsoListParagraph\" style=\"margin-left:100px\"><span style=\";font-family:宋体\">6.<span style=\"font-variant-numeric: normal;font-stretch: normal;font-size: 9px;line-height: normal;font-family: &#39;Times New Roman&#39;\">&nbsp; </span></span><span style=\";font-family:宋体\">选择预约项目时，显示当前项目的预约人数和排队人数</span></p><p class=\"MsoListParagraph\" style=\"margin-left:100px\"><span style=\";font-family:宋体\">7.<span style=\"font-variant-numeric: normal;font-stretch: normal;font-size: 9px;line-height: normal;font-family: &#39;Times New Roman&#39;\">&nbsp; </span></span><span style=\";font-family:宋体\">体检健康小知识的信息的发布</span></p><p><span style=\"font-size:14px;font-family:宋体\">体检报告的查询（重点研究）</span></p><p><br/></p>','<p style=\"margin-left:28px\"><span style=\";font-family:宋体\">第一阶段：</span><span style=\";font-family:宋体\">查找文献和收集资料，了解相关体检系统的详细流程，对各个网站进行比对，确定论文的选题方向和研究方法。</span></p><p style=\"text-indent:28px\"><span style=\";font-family:宋体\">第二阶段：</span><span style=\";font-family:宋体\">确定研究课题，拟写论文提纲。</span></p><p style=\"text-indent:28px\"><span style=\";font-family:宋体\">第三阶段：</span><span style=\";font-family:宋体\">整理相关资料，撰写任务书和开题报告</span><span style=\";font-family:宋体\">。</span></p><p style=\"text-indent:28px\"><span style=\";font-family:宋体\">第四阶段：</span><span style=\";font-family:宋体\">确立论文写作大纲和功能设计大纲，并对平台进行详细设计。</span></p><p style=\"text-indent:28px\"><span style=\";font-family:宋体\">第五阶段：</span><span style=\";font-family:宋体\">开始对系统功能进行编码实现、测试。整理出论文初稿。</span></p><p style=\"text-indent:28px\"><span style=\";font-family:宋体\">第六阶段：</span><span style=\";font-family:宋体\">修改以及完善系统功能。进一步撰写论文</span><span style=\";font-family:宋体\">。</span></p><p style=\"text-indent:28px\"><span style=\";font-family:宋体\">第七阶段：进行系统的测试，完善系统功能，</span><span style=\";font-family:宋体\">以确保系统的正常运行</span><span style=\";font-family:宋体\">。</span></p><p style=\"text-indent:28px\"><span style=\";font-family:宋体\">第八阶段：</span><span style=\";font-family:宋体\">论文进行最后修改，以确保论文格式的正确。</span></p><p style=\"text-indent:28px\"><span style=\";font-family:宋体\">第九阶段：做好答辩准备</span><span style=\"font-size:16px;font-family:宋体\">。</span></p><p><br/></p>','<p style=\"text-indent:32px;line-height:125%\"><span style=\";line-height:125%;font-family:宋体\">[1]</span><span style=\";line-height:125%;font-family:宋体\">邱复伟.</span> <span style=\";line-height:125%;font-family:宋体;color:#231815\">医院体检信息系统的设计与实现[D].复旦大学，2014</span></p><p style=\"text-indent:32px;line-height:125%\"><span style=\";line-height:125%;font-family:宋体;color:#231815\">[2]</span><span style=\";line-height:125%;font-family:宋体;color:#231815\">郑运良.基于微信客户端的健康管理系统的设计与实现[D].山东大学，2016</span></p><p style=\"text-indent:28px;line-height:150%\"><span style=\";line-height: 150%;font-family:宋体\">[3]</span><span style=\";line-height:150%;font-family:宋体\">张义.<span style=\"color:#231815\">出入境体检管理系统的设计与实施[D].北京邮电大学,2012</span></span></p><p style=\"text-indent:28px;line-height:150%\"><span style=\";line-height: 150%;font-family:宋体;color:#231815\">[4]</span><span style=\";line-height:150%;font-family:宋体;color:#231815\">温鹏英.基于J2EE的健康档案管理系统设计与实现[D].内蒙古大学，2016</span></p><p><br/></p>',698,200,2019),(9,'<p style=\"text-indent:32px\"><span style=\"font-size:16px;font-family:宋体\">结合所学知识和查阅相关资料，设计一个校园停车场车位管理系统，要求如下：</span></p><p style=\"margin-left:48px\"><span style=\"font-size:16px;font-family:宋体\">1、<span style=\"font-variant-numeric: normal;font-stretch: normal;font-size: 9px;line-height: normal;font-family: &#39;Times New Roman&#39;\">&nbsp;&nbsp;&nbsp;&nbsp; </span></span><span style=\"font-size:16px;font-family:宋体\">用户可提前在系统中预约空车位。</span></p><p style=\"margin-left:48px\"><span style=\"font-size:16px;font-family:宋体\">2、<span style=\"font-variant-numeric: normal;font-stretch: normal;font-size: 9px;line-height: normal;font-family: &#39;Times New Roman&#39;\">&nbsp;&nbsp;&nbsp;&nbsp; </span></span><span style=\"font-size:16px;font-family:宋体\">用户进入校园时在校门口用微信扫描二维码出现应用界面。</span></p><p style=\"margin-left:48px\"><span style=\"font-size:16px;font-family:宋体\">3、<span style=\"font-variant-numeric: normal;font-stretch: normal;font-size: 9px;line-height: normal;font-family: &#39;Times New Roman&#39;\">&nbsp;&nbsp;&nbsp;&nbsp; </span></span><span style=\"font-size:16px;font-family:宋体\">用户可在界面查询可用停车位，选择停车位的具体位置</span></p><p style=\"margin-left:48px\"><span style=\"font-size:16px;font-family:宋体\">4、<span style=\"font-variant-numeric: normal;font-stretch: normal;font-size: 9px;line-height: normal;font-family: &#39;Times New Roman&#39;\">&nbsp;&nbsp;&nbsp;&nbsp; </span></span><span style=\"font-size:16px;font-family:宋体\">当有两个或多个用户同时选择同一个车位时系统根据谁抢到谁用的原则分配车位。</span></p><p style=\"margin-left:48px\"><span style=\"font-size:16px;font-family:宋体\">5、<span style=\"font-variant-numeric: normal;font-stretch: normal;font-size: 9px;line-height: normal;font-family: &#39;Times New Roman&#39;\">&nbsp;&nbsp;&nbsp;&nbsp; </span></span><span style=\"font-size:16px;font-family:宋体\">用户停车离开后系统记录车辆停放的位置，当用户回来时可以根据指定路线和停车场的标识快速找到自己的车辆。</span></p><p style=\"margin-left:48px\"><span style=\"font-size:16px;font-family:宋体\">6、<span style=\"font-variant-numeric: normal;font-stretch: normal;font-size: 9px;line-height: normal;font-family: &#39;Times New Roman&#39;\">&nbsp;&nbsp;&nbsp;&nbsp; </span></span><span style=\"font-size:16px;font-family:宋体\">校园停放的车辆包括小车，摩托车，自行车。需要对其分类停放。</span></p><p style=\"margin-left:48px\"><span style=\"font-size:16px;font-family:宋体\">7、<span style=\"font-variant-numeric: normal;font-stretch: normal;font-size: 9px;line-height: normal;font-family: &#39;Times New Roman&#39;\">&nbsp;&nbsp;&nbsp;&nbsp; </span></span><span style=\"font-size:16px;font-family:宋体\">系统根据停车的时间进行合理收取费用，校内教职员工不需要收费，外来车辆需要收取相关费用。</span></p><p><br/></p>','<p><span style=\"font-size:16px;font-family:宋体\">1</span><span style=\"font-size:16px;font-family:宋体\">、第一周，查阅相关资料，了解相关系统的设计思路和开发思想。</span></p><p><span style=\"font-size:16px;font-family:宋体\">2</span><span style=\"font-size:16px;font-family:宋体\">、第二周，确定研究课题，拟写论文提纲，准备开题报告。</span></p><p><span style=\"font-size:16px;font-family:宋体\">3</span><span style=\"font-size:16px;font-family: 宋体\">、第三、四周，</span><span style=\"font-size:16px;font-family:宋体\">完成系统可行性分析报告和需求文档。收集各种资料，对总体结构进行设计。</span></p><p><span style=\"font-size:16px;font-family:宋体\">4</span><span style=\"font-size:16px;font-family:宋体\">、第五到十四周对系统进行编码和论文的编写。</span></p><p><span style=\"font-size:16px;font-family:宋体\">5</span><span style=\"font-size:16px;font-family:宋体\">、第十五周对测试系统，解决出现的问题。</span></p><p><span style=\"font-size:16px;font-family:宋体\">6</span><span style=\"font-size:16px;font-family:宋体\">、第十六周上交论文给指导老师，让指导老师指出问题并提出修改意见。</span></p><p><span style=\"font-size:16px;font-family:宋体\">7</span><span style=\"font-size:16px;font-family:宋体\">、第十七周整理和修改相关内容，做好答辩准备。</span></p><p><br/></p>','<p><span style=\"font-size:16px;font-family:宋体\">[1]</span><span style=\"font-size:16px;font-family:宋体\">魏平.基于智能化的小区停车位动态管理系统[J].2016-02-02</span></p><p><span style=\"font-size:16px;font-family:宋体\">[2]</span><span style=\"font-size:16px;font-family:宋体\">关运通.杨东健.王硕.基于智能交通的城市停车位管理系统[J].2017-05</span></p><p><span style=\"font-size:16px;font-family:宋体\">[3]</span><span style=\"font-size:16px;font-family:宋体\">张宾.停车场管理系统设计与实现[D].2015-05-31</span></p><p><span style=\"font-size:16px;font-family:宋体\">[4] D. Srinivasa Reddy; K.V. Ganesh Babu; D.L.N. Murthy. Transportation Planning Asp</span><span style=\"font-size:16px;font-family:宋体;color:#231815\">ects of a Smart City–Case Study of GIFT City, Gujarat[J].2016-06-15</span></p><p><span style=\"font-size:16px;font-family:宋体;color:#231815\">[5]</span><span style=\"font-size:16px;font-family:宋体;color:#231815\">宿日娜.商场停车场管理系统的设计[J].2016-12-15</span></p><p><span style=\"font-size:16px;font-family:宋体;color:#231815\">[6]</span><span style=\"font-size:16px;font-family:宋体;color:#231815\">李鹏.智能车位管理系统研究及应用[D].2014</span></p><p><span style=\"font-size:16px;font-family:宋体;color:#231815\">[7]</span><span style=\"font-size:16px;font-family:宋体;color:#231815\">李栋.车位管理系统web模块的设计与实现[D].2013</span></p><p><span style=\"font-size:16px;font-family:宋体;color:#231815\">[8]</span><span style=\"font-size:16px;font-family:宋体;color:#231815\">王霖.移动停车车位管理系统的分析与设计[D].3013-05-01</span></p><p><br/></p>',278,175,2019),(10,'<p><span style=\"font-size:16px;font-family:宋体\">[1]</span><span style=\"font-size:16px;font-family:宋体\">王思为.企业用户停车服务管理信息系统设计与分析[D].2015-03-01</span></p><p><span style=\"font-size:16px;font-family:宋体\">[2]</span><span style=\"font-size:16px;font-family:宋体\">王克平.大型停车场车位引导系统的设计[J].2017-01-25</span></p><p style=\"margin-left:24px;line-height:150%\"><span style=\"font-size:16px;line-height: 150%;font-family:宋体;color:#231815\">[3]</span><span style=\"font-size:16px;line-height:150%;font-family:宋体;color:#231815\">郭禹.邹常丰.丁柏群.基于手机APP的智能停车场系统研究</span><span style=\"font-size:16px;line-height:150%;font-family:宋体\"> [J].2017-05-15</span></p><p><span style=\"font-size:16px;font-family:宋体\">[4]</span><span style=\"font-size:16px;font-family:宋体\">黄志聪.医疗设备租借管理信息系统的开发与应用[J].2013-11-25</span></p><p style=\"margin-left:24px\"><span style=\"font-size:16px;font-family:宋体\">[5]</span><span style=\"font-size:16px;font-family:宋体\">朱玉强.微信小程序在图书馆移动服务中的应实践-以排架游戏为&nbsp;&nbsp;&nbsp;&nbsp;&nbsp;&nbsp;&nbsp;&nbsp;&nbsp;&nbsp; 例[J].2017-03-06</span></p><p><span style=\"font-size:16px;font-family:宋体\">[6]</span><span style=\"font-size:16px;font-family:宋体\">刘红卫.微信小程序应用探析[J].2016-02-03</span></p><p><span style=\"font-size:16px;font-family:宋体\">[7]</span><span style=\"font-size:16px;font-family:宋体\">吕田.智能停车场管理系统的设计与实现[D].2016-05-20</span></p><p><span style=\"font-size:16px;font-family:宋体\">[8]</span><span style=\"font-size:16px;font-family:宋体\">孙晶.基于GPS的停车场车位导航系统设计[D].2016-06-01</span></p><p><span style=\"font-size:16px;font-family:宋体\">[9]</span><span style=\"font-size:16px;font-family:宋体\">安荣荣，赵妍妍，覃健.某停车楼停车场管理系统设计浅析.2015-09-25</span></p><p><br/></p>','<p><span style=\"font-size:16px;font-family:宋体\">[1]</span><span style=\"font-size:16px;font-family:宋体\">王思为.企业用户停车服务管理信息系统设计与分析[D].2015-03-01</span></p><p><span style=\"font-size:16px;font-family:宋体\">[2]</span><span style=\"font-size:16px;font-family:宋体\">王克平.大型停车场车位引导系统的设计[J].2017-01-25</span></p><p style=\"margin-left:24px;line-height:150%\"><span style=\"font-size:16px;line-height: 150%;font-family:宋体;color:#231815\">[3]</span><span style=\"font-size:16px;line-height:150%;font-family:宋体;color:#231815\">郭禹.邹常丰.丁柏群.基于手机APP的智能停车场系统研究</span><span style=\"font-size:16px;line-height:150%;font-family:宋体\"> [J].2017-05-15</span></p><p><span style=\"font-size:16px;font-family:宋体\">[4]</span><span style=\"font-size:16px;font-family:宋体\">黄志聪.医疗设备租借管理信息系统的开发与应用[J].2013-11-25</span></p><p style=\"margin-left:24px\"><span style=\"font-size:16px;font-family:宋体\">[5]</span><span style=\"font-size:16px;font-family:宋体\">朱玉强.微信小程序在图书馆移动服务中的应实践-以排架游戏为&nbsp;&nbsp;&nbsp;&nbsp;&nbsp;&nbsp;&nbsp;&nbsp;&nbsp;&nbsp; 例[J].2017-03-06</span></p><p><span style=\"font-size:16px;font-family:宋体\">[6]</span><span style=\"font-size:16px;font-family:宋体\">刘红卫.微信小程序应用探析[J].2016-02-03</span></p><p><span style=\"font-size:16px;font-family:宋体\">[7]</span><span style=\"font-size:16px;font-family:宋体\">吕田.智能停车场管理系统的设计与实现[D].2016-05-20</span></p><p><span style=\"font-size:16px;font-family:宋体\">[8]</span><span style=\"font-size:16px;font-family:宋体\">孙晶.基于GPS的停车场车位导航系统设计[D].2016-06-01</span></p><p><span style=\"font-size:16px;font-family:宋体\">[9]</span><span style=\"font-size:16px;font-family:宋体\">安荣荣，赵妍妍，覃健.某停车楼停车场管理系统设计浅析.2015-09-25</span></p><p><br/></p>','<p><span style=\"font-size:16px;font-family:宋体\">[1]</span><span style=\"font-size:16px;font-family:宋体\">王思为.企业用户停车服务管理信息系统设计与分析[D].2015-03-01</span></p><p><span style=\"font-size:16px;font-family:宋体\">[2]</span><span style=\"font-size:16px;font-family:宋体\">王克平.大型停车场车位引导系统的设计[J].2017-01-25</span></p><p style=\"margin-left:24px;line-height:150%\"><span style=\"font-size:16px;line-height: 150%;font-family:宋体;color:#231815\">[3]</span><span style=\"font-size:16px;line-height:150%;font-family:宋体;color:#231815\">郭禹.邹常丰.丁柏群.基于手机APP的智能停车场系统研究</span><span style=\"font-size:16px;line-height:150%;font-family:宋体\"> [J].2017-05-15</span></p><p><span style=\"font-size:16px;font-family:宋体\">[4]</span><span style=\"font-size:16px;font-family:宋体\">黄志聪.医疗设备租借管理信息系统的开发与应用[J].2013-11-25</span></p><p style=\"margin-left:24px\"><span style=\"font-size:16px;font-family:宋体\">[5]</span><span style=\"font-size:16px;font-family:宋体\">朱玉强.微信小程序在图书馆移动服务中的应实践-以排架游戏为&nbsp;&nbsp;&nbsp;&nbsp;&nbsp;&nbsp;&nbsp;&nbsp;&nbsp;&nbsp; 例[J].2017-03-06</span></p><p><span style=\"font-size:16px;font-family:宋体\">[6]</span><span style=\"font-size:16px;font-family:宋体\">刘红卫.微信小程序应用探析[J].2016-02-03</span></p><p><span style=\"font-size:16px;font-family:宋体\">[7]</span><span style=\"font-size:16px;font-family:宋体\">吕田.智能停车场管理系统的设计与实现[D].2016-05-20</span></p><p><span style=\"font-size:16px;font-family:宋体\">[8]</span><span style=\"font-size:16px;font-family:宋体\">孙晶.基于GPS的停车场车位导航系统设计[D].2016-06-01</span></p><p><span style=\"font-size:16px;font-family:宋体\">[9]</span><span style=\"font-size:16px;font-family:宋体\">安荣荣，赵妍妍，覃健.某停车楼停车场管理系统设计浅析.2015-09-25</span></p><p><br/></p>',278,175,2019),(11,'<p><span style=\"font-size:16px;font-family:宋体\"></span></p><p style=\"text-indent:32px\"><span style=\"font-size:16px;font-family:宋体\">结合所学知识和查阅相关资料，设计一个校园停车场车位管理系统，要求如下：</span></p><p style=\"margin-left:48px\"><span style=\"font-size:16px;font-family:宋体\">1、<span style=\"font-variant-numeric: normal;font-stretch: normal;font-size: 9px;line-height: normal;font-family: &#39;Times New Roman&#39;\">&nbsp;&nbsp;&nbsp;&nbsp; </span></span><span style=\"font-size:16px;font-family:宋体\">用户可提前在系统中预约空车位。</span></p><p style=\"margin-left:48px\"><span style=\"font-size:16px;font-family:宋体\">2、<span style=\"font-variant-numeric: normal;font-stretch: normal;font-size: 9px;line-height: normal;font-family: &#39;Times New Roman&#39;\">&nbsp;&nbsp;&nbsp;&nbsp; </span></span><span style=\"font-size:16px;font-family:宋体\">用户进入校园时在校门口用微信扫描二维码出现应用界面。</span></p><p style=\"margin-left:48px\"><span style=\"font-size:16px;font-family:宋体\">3、<span style=\"font-variant-numeric: normal;font-stretch: normal;font-size: 9px;line-height: normal;font-family: &#39;Times New Roman&#39;\">&nbsp;&nbsp;&nbsp;&nbsp; </span></span><span style=\"font-size:16px;font-family:宋体\">用户可在界面查询可用停车位，选择停车位的具体位置</span></p><p style=\"margin-left:48px\"><span style=\"font-size:16px;font-family:宋体\">4、<span style=\"font-variant-numeric: normal;font-stretch: normal;font-size: 9px;line-height: normal;font-family: &#39;Times New Roman&#39;\">&nbsp;&nbsp;&nbsp;&nbsp; </span></span><span style=\"font-size:16px;font-family:宋体\">当有两个或多个用户同时选择同一个车位时系统根据谁抢到谁用的原则分配车位。</span></p><p style=\"margin-left:48px\"><span style=\"font-size:16px;font-family:宋体\">5、<span style=\"font-variant-numeric: normal;font-stretch: normal;font-size: 9px;line-height: normal;font-family: &#39;Times New Roman&#39;\">&nbsp;&nbsp;&nbsp;&nbsp; </span></span><span style=\"font-size:16px;font-family:宋体\">用户停车离开后系统记录车辆停放的位置，当用户回来时可以根据指定路线和停车场的标识快速找到自己的车辆。</span></p><p style=\"margin-left:48px\"><span style=\"font-size:16px;font-family:宋体\">6、<span style=\"font-variant-numeric: normal;font-stretch: normal;font-size: 9px;line-height: normal;font-family: &#39;Times New Roman&#39;\">&nbsp;&nbsp;&nbsp;&nbsp; </span></span><span style=\"font-size:16px;font-family:宋体\">校园停放的车辆包括小车，摩托车，自行车。需要对其分类停放。</span></p><p style=\"margin-left:48px\"><span style=\"font-size:16px;font-family:宋体\">7、<span style=\"font-variant-numeric: normal;font-stretch: normal;font-size: 9px;line-height: normal;font-family: &#39;Times New Roman&#39;\">&nbsp;&nbsp;&nbsp;&nbsp; </span></span><span style=\"font-size:16px;font-family:宋体\">系统根据停车的时间进行合理收取费用，校内教职员工不需要收费，外来车辆需要收取相关费用。</span></p><p><span style=\"font-size:16px;font-family:宋体\"></span><br/></p><p><br/></p>','<p><span style=\"font-size:16px;font-family:宋体\"></span></p><p><span style=\"font-size:16px;font-family:宋体\">1</span><span style=\"font-size:16px;font-family:宋体\">、第一周，查阅相关资料，了解相关系统的设计思路和开发思想。</span></p><p><span style=\"font-size:16px;font-family:宋体\">2</span><span style=\"font-size:16px;font-family:宋体\">、第二周，确定研究课题，拟写论文提纲，准备开题报告。</span></p><p><span style=\"font-size:16px;font-family:宋体\">3</span><span style=\"font-size:16px;font-family: 宋体\">、第三、四周，</span><span style=\"font-size:16px;font-family:宋体\">完成系统可行性分析报告和需求文档。收集各种资料，对总体结构进行设计。</span></p><p><span style=\"font-size:16px;font-family:宋体\">4</span><span style=\"font-size:16px;font-family:宋体\">、第五到十四周对系统进行编码和论文的编写。</span></p><p><span style=\"font-size:16px;font-family:宋体\">5</span><span style=\"font-size:16px;font-family:宋体\">、第十五周对测试系统，解决出现的问题。</span></p><p><span style=\"font-size:16px;font-family:宋体\">6</span><span style=\"font-size:16px;font-family:宋体\">、第十六周上交论文给指导老师，让指导老师指出问题并提出修改意见。</span></p><p><span style=\"font-size:16px;font-family:宋体\">7</span><span style=\"font-size:16px;font-family:宋体\">、第十七周整理和修改相关内容，做好答辩准备。</span></p><p><span style=\"font-size:16px;font-family:宋体\"></span><br/></p><p><br/></p>','<p><span style=\"font-size:16px;font-family:宋体\"></span></p><p><span style=\"font-size:16px;font-family:宋体\">[1]</span><span style=\"font-size:16px;font-family:宋体\">魏平.基于智能化的小区停车位动态管理系统[J].2016-02-02</span></p><p><span style=\"font-size:16px;font-family:宋体\">[2]</span><span style=\"font-size:16px;font-family:宋体\">关运通.杨东健.王硕.基于智能交通的城市停车位管理系统[J].2017-05</span></p><p><span style=\"font-size:16px;font-family:宋体\">[3]</span><span style=\"font-size:16px;font-family:宋体\">张宾.停车场管理系统设计与实现[D].2015-05-31</span></p><p><span style=\"font-size:16px;font-family:宋体\">[4] D. Srinivasa Reddy; K.V. Ganesh Babu; D.L.N. Murthy. Transportation Planning Asp</span><span style=\"font-size:16px;font-family:宋体;color:#231815\">ects of a Smart City–Case Study of GIFT City, Gujarat[J].2016-06-15</span></p><p><span style=\"font-size:16px;font-family:宋体;color:#231815\">[5]</span><span style=\"font-size:16px;font-family:宋体;color:#231815\">宿日娜.商场停车场管理系统的设计[J].2016-12-15</span></p><p><span style=\"font-size:16px;font-family:宋体;color:#231815\">[6]</span><span style=\"font-size:16px;font-family:宋体;color:#231815\">李鹏.智能车位管理系统研究及应用[D].2014</span></p><p><span style=\"font-size:16px;font-family:宋体;color:#231815\">[7]</span><span style=\"font-size:16px;font-family:宋体;color:#231815\">李栋.车位管理系统web模块的设计与实现[D].2013</span></p><p><span style=\"font-size:16px;font-family:宋体;color:#231815\">[8]</span><span style=\"font-size:16px;font-family:宋体;color:#231815\">王霖.移动停车车位管理系统的分析与设计[D].3013-05-01</span></p><p><span style=\"font-size:16px;font-family:宋体\"></span><br/></p><p><br/></p>',278,175,2019),(12,'<p><span style=\"font-size:19px;font-family:宋体\">论文研究内容：设计与实现实验室设备管理系统，要求完成以下工作：</span></p><p style=\"margin-left:24px\"><span style=\"font-size:19px\">1.<span style=\"font-variant-numeric: normal;font-stretch: normal;font-size: 9px;line-height: normal;font-family: &#39;Times New Roman&#39;\">&nbsp;&nbsp;&nbsp;&nbsp; </span></span><span style=\"font-size:19px;font-family:宋体\">通过查阅与实验室相关的文献资料，并收集设计实现实验室设备管理系统的相关技术与手段。</span></p><p style=\"margin-left:24px\"><span style=\"font-size:19px\">2.<span style=\"font-variant-numeric: normal;font-stretch: normal;font-size: 9px;line-height: normal;font-family: &#39;Times New Roman&#39;\">&nbsp;&nbsp;&nbsp;&nbsp; </span></span><span style=\"font-size:19px;font-family:宋体\">分析实验室设备管理的功能需求，对系统进行需求分析以及详细设计，归纳总结并提出相关技术方案。</span></p><p style=\"margin-left:24px\"><span style=\"font-size:19px\">3.<span style=\"font-variant-numeric: normal;font-stretch: normal;font-size: 9px;line-height: normal;font-family: &#39;Times New Roman&#39;\">&nbsp;&nbsp;&nbsp;&nbsp; </span></span><span style=\"font-size:19px;font-family:宋体\">根据需求对系统进行设计</span></p><p style=\"margin-left:24px\"><span style=\"font-size:19px\">4.<span style=\"font-variant-numeric: normal;font-stretch: normal;font-size: 9px;line-height: normal;font-family: &#39;Times New Roman&#39;\">&nbsp;&nbsp;&nbsp;&nbsp; </span></span><span style=\"font-size:19px;font-family:宋体\">系统实现，确定平台开发模式以及各模块的实现过程。</span></p><p style=\"margin-left:24px\"><span style=\"font-size:19px\">5.<span style=\"font-variant-numeric: normal;font-stretch: normal;font-size: 9px;line-height: normal;font-family: &#39;Times New Roman&#39;\">&nbsp;&nbsp;&nbsp;&nbsp; </span></span><span style=\"font-size:19px;font-family:宋体\">系统测试，包含系统的功能测试、性能测试和测试结果及分析。</span></p><p style=\"margin-left:24px\"><span style=\"font-size:19px\">6.<span style=\"font-variant-numeric: normal;font-stretch: normal;font-size: 9px;line-height: normal;font-family: &#39;Times New Roman&#39;\">&nbsp;&nbsp;&nbsp;&nbsp; </span></span><span style=\"font-size:19px;font-family:宋体\">按梧州学院毕业论文要求撰写论文。</span></p><p><br/></p>','<p><span style=\"font-size:16px;font-family:宋体\">第一阶段：查阅资料，了解国内外相关的实验室设备管理系统，对各个平台的制作进行比较，从中吸取一些制作思路。</span></p><p><span style=\"font-size:16px;font-family:宋体\">第二阶段：整理相关资料，撰写开题报告，进行开题报告，向评审老师阐述自己的课题设计及思路，确定课题的可行性，最后确定论文题目和设计要求。</span></p><p><span style=\"font-size:16px;font-family:宋体\">第三阶段：通过查阅资料及学习，对系统进行总体设计，画出总体软件结构图。</span></p><p><span style=\"font-size:16px;font-family:宋体\">第四阶段：对系统功能进行编码实现、测试。整理出论文初稿。</span></p><p><span style=\"font-size:16px;font-family:宋体\">第五阶段：拟定测试计划和要点，编写测试用例文档进行测试，记录测试结果并分析，纠正错误，完善系统的功能。</span></p><p><span style=\"font-size:16px;font-family:宋体\">第六阶段：修改以及完善系统功能。进一步完整论文。将论文发给指导老师审核，获取修改意见，做相关修改。</span></p><p><span style=\"font-size:16px;font-family:宋体\">第七阶段：按格式标准整理打印，并准备答辩。</span></p><p><br/></p>','<p style=\"line-height:125%\"><span style=\"font-size: 16px;line-height:125%;font-family:宋体\">[1]</span><span style=\"font-size:16px;line-height:125%;font-family:宋体\">李刚.轻量级Java EE 企业应用实战Spring+Struts2+Hibernate整合开发[M].电子工业出版社.2010.12.</span></p><p style=\"line-height:125%\"><span style=\"font-size: 16px;line-height:125%;font-family:宋体\">[2]</span><span style=\"font-size:16px;line-height:125%;font-family:宋体\">王君. 基于Struts+Spring+Hibernate的企业级WEB应用框架的研究[D].合肥工业大学,2007</span></p><p style=\"line-height:125%\"><span style=\"font-size: 16px;line-height:125%;font-family:宋体\">[3]</span><span style=\"font-size:16px;line-height:125%;font-family:宋体\">曲娜盛，桂珍，杨海波.基于物联网技术的智慧开放实验室管理系统设计</span><span style=\";line-height:125%;font-family:宋体\">[D]2015.12.16</span></p><p style=\"line-height:125%\"><span style=\"font-size: 16px;line-height:125%;font-family:宋体\">[4]</span><span style=\"font-size:16px;line-height:125%;font-family:宋体\">林博辞. Ajax框架及JSON技术在J2EE架构中的研究与应用[D].大连海事大学,2012.</span></p><p style=\"line-height:125%\"><span style=\"font-size: 16px;line-height:125%;font-family:宋体\">[5]</span><span style=\"font-size:16px;line-height:125%;font-family:宋体\">张志杰. 基于分层结构的管理信息系统架构设计[J]. 计算机技术与发展,2010,20(10):146-149+153. [2017-09-12].</span></p><p style=\"line-height:125%\"><span style=\"font-size: 16px;line-height:125%;font-family:宋体\">[6]</span><span style=\"font-family:宋体\">向宇</span>.&nbsp; <span style=\"font-size:16px;line-height:125%;font-family:宋体\">实验室设备管理系统的设计与实现[D]. 电子科技大学.2013.3.15 </span></p><p style=\"line-height:125%\"><span style=\"font-size: 16px;line-height:125%;font-family:宋体\">[7]</span><span style=\"font-family:宋体\">茹欢</span>. <span style=\"font-size: 16px;line-height:125%;font-family:宋体\">基于B/S架构的实验室设备管理系统的设计与实现[D].</span></p><p><br/></p>',279,175,2019),(13,'<p style=\"text-indent:32px\"><span style=\"font-size:16px;font-family:宋体\">本课题要求从互联网的发展与电商系统发展的现状出发，按照软件工程的规范，设计一个满足实际要求的电商系统，具体要求如下：</span></p><p style=\"margin-left:0;text-indent:0\"><span style=\"font-size:16px\">1、</span><span style=\"font-size:16px;font-family:宋体\">收集相关文献资料，了解目前电商系统发展的现状。</span></p><p><span style=\"font-size:16px\">2</span><span style=\"font-size:16px;font-family:宋体\">、</span><span style=\"font-size:16px;font-family:宋体\">构架电商系统基础模块。</span></p><p><span style=\"font-size:16px\">3</span><span style=\"font-size:16px;font-family:宋体\">、能完成电商系统服务要求与功能要求，完成系统的设计与实现。</span></p><p><span style=\"font-size:16px\">4</span><span style=\"font-size:16px;font-family:宋体\">、形成过程文档并撰写毕业论文。</span></p><p><br/></p><p><br/></p>','<p style=\"white-space: normal;\"><span style=\"font-size: 19px; font-family: 宋体;\">二、进度计划与应完成的工作</span></p><p style=\"white-space: normal;\"><span style=\"font-family: 宋体;\">1</span><span style=\"font-family: 宋体;\">、 第一阶段：查阅资料</span><span style=\"font-family: 宋体;\">了解目前电商系统发展的现状</span><span style=\"font-family: 宋体;\">。</span></p><p style=\"white-space: normal;\"><span style=\"font-family: 宋体;\">2</span><span style=\"font-family: 宋体;\">、 第二阶段：应用第一阶段收集和整理的资料，构架电商系统基础模块。</span></p><p style=\"white-space: normal;\"><span style=\"font-family: 宋体;\">3</span><span style=\"font-family: 宋体;\">、 第三阶段：完成系统设计、编码与测试。</span></p><p style=\"white-space: normal;\"><span style=\"font-family: 宋体;\">4</span><span style=\"font-family: 宋体;\">、 第四阶段：根据以上三个阶段完成的任务和积累的相关文档草拟论文提纲并提交指导老师审阅。</span></p><p style=\"white-space: normal;\"><span style=\"font-family: 宋体;\">5</span><span style=\"font-family: 宋体;\">、 第五阶段：撰写毕业论文并提交指导老师审阅。</span></p><p style=\"white-space: normal;\"><span style=\"font-family: 宋体;\">6</span><span style=\"font-family: 宋体;\">、 第六阶段：答辩、再次整理论文和作品相关资料、归档和提交指导老师。</span></p><p><br/></p>','<p><span style=\"font-size:16px;font-family:宋体\">[1]</span><span style=\"font-size:16px;font-family:宋体\">梁弼.SSH框架整合技术研究及应用[J].西安文理学院学报(自然科学版),2011,14(03):16-19.[2017-09-13].</span></p><p style=\"line-height:125%\"><span style=\"font-size: 16px;line-height:125%;font-family:宋体;color:#333333;background:white\">[2]</span><span style=\"font-size:16px;line-height:125%;font-family:宋体;color:#333333;background:white\">王浩然.基于SSH的办公自动化系统的设计与实现[J].计算机光盘软件与应用,2013,16(07):275-276.[2017-09-15].</span> </p><p style=\"line-height:125%\"><span style=\"font-size: 16px;line-height:125%;font-family:宋体\">[3]</span><span style=\"font-size:16px;line-height:125%;font-family:宋体\">管权,焦祥璞.基于SSH的网络相册系统的设计[J].科技广场,2013,(06):245-248.[2017-09-15].</span></p><p><span style=\"font-size:16px;font-family:宋体\">[4]</span><span style=\"font-size:16px;font-family: 宋体\">王岩,宋放.基于SSH的志愿者服务平台的设计与实现[J].工业设计,2017,(05):89-90.[2017-09-15].</span></p><p><span style=\"font-size:16px;font-family:宋体\">[5]</span><span style=\"font-size:16px;font-family: 宋体\">袁存款.权限管理系统的设计与开发[J].电子世界,2016,(14):145.[2017-09-15].DOI：10.19353/j.cnki.dzsj.2016.14.107</span></p><p><span style=\"font-size:16px;font-family:宋体\">[6]</span><span style=\"font-size:16px;font-family: 宋体\">陈康.基于角色的权限管理系统设计与实现[J].电脑知识与技术,2012,8(33):7918-7921.[2017-09-15].</span></p><p><span style=\"font-size:16px;font-family:宋体\">[7]</span><span style=\"font-size:16px;font-family: 宋体\">陈春雨,王福成,解国粱.基于JS技术的电子商品管理系统设计及实现[J].无线互联科技,2017,(16):65-66.[2017-09-15].</span></p><p><span style=\"font-size:16px;font-family:宋体\">[8]</span><span style=\"font-size:16px;font-family: 宋体\">徐小峰.分布式西北休闲体育管理系统设计与实现[J/OL].电子测试,2014,(17):69-70.(2014-09-17)[2017-09-15].http://kns.cnki.net/kcms/detail/11.3927.tn.20140917.1038.057.html</span></p><p><span style=\"font-size:16px;font-family:宋体\">[9]Ames F.Kurose keith W.Ross.Computer Networking[M].</span><span style=\"font-size:16px;font-family: 宋体\">北京：机械工业出版社。2012：169.</span></p><p><br/></p>',283,175,2019),(14,'<p style=\"text-indent:32px\"><span style=\"font-size:16px;font-family:宋体\">本课题要求从互联网的发展与电商系统发展的现状出发，按照软件工程的规范，设计一个满足实际要求的电商系统，具体要求如下：</span></p><p style=\"margin-left:0;text-indent:0\"><span style=\"font-size:16px\">1、</span><span style=\"font-size:16px;font-family:宋体\">收集相关文献资料，了解目前电商系统发展的现状。</span></p><p><span style=\"font-size:16px\">2</span><span style=\"font-size:16px;font-family:宋体\">、</span><span style=\"font-size:16px;font-family:宋体\">构架电商系统基础模块。</span></p><p><span style=\"font-size:16px\">3</span><span style=\"font-size:16px;font-family:宋体\">、能完成电商系统服务要求与功能要求，完成系统的设计与实现。</span></p><p><span style=\"font-size:16px\">4</span><span style=\"font-size:16px;font-family:宋体\">、形成过程文档并撰写毕业论文。</span></p><p><br/></p><p><br/></p>','<p style=\"white-space: normal;\"><br/></p><p style=\"white-space: normal;\"><span style=\"font-family: 宋体;\">1</span><span style=\"font-family: 宋体;\">、 第一阶段：查阅资料</span><span style=\"font-family: 宋体;\">了解目前电商系统发展的现状</span><span style=\"font-family: 宋体;\">。</span></p><p style=\"white-space: normal;\"><span style=\"font-family: 宋体;\">2</span><span style=\"font-family: 宋体;\">、 第二阶段：应用第一阶段收集和整理的资料，构架电商系统基础模块。</span></p><p style=\"white-space: normal;\"><span style=\"font-family: 宋体;\">3</span><span style=\"font-family: 宋体;\">、 第三阶段：完成系统设计、编码与测试。</span></p><p style=\"white-space: normal;\"><span style=\"font-family: 宋体;\">4</span><span style=\"font-family: 宋体;\">、 第四阶段：根据以上三个阶段完成的任务和积累的相关文档草拟论文提纲并提交指导老师审阅。</span></p><p style=\"white-space: normal;\"><span style=\"font-family: 宋体;\">5</span><span style=\"font-family: 宋体;\">、 第五阶段：撰写毕业论文并提交指导老师审阅。</span></p><p style=\"white-space: normal;\"><span style=\"font-family: 宋体;\">6</span><span style=\"font-family: 宋体;\">、 第六阶段：答辩、再次整理论文和作品相关资料、归档和提交指导老师。</span></p><p><br/></p>','<p><span style=\"font-size:16px;font-family:宋体\">[1]</span><span style=\"font-size:16px;font-family:宋体\">梁弼.SSH框架整合技术研究及应用[J].西安文理学院学报(自然科学版),2011,14(03):16-19.[2017-09-13].</span></p><p style=\"line-height:125%\"><span style=\"font-size: 16px;line-height:125%;font-family:宋体;color:#333333;background:white\">[2]</span><span style=\"font-size:16px;line-height:125%;font-family:宋体;color:#333333;background:white\">王浩然.基于SSH的办公自动化系统的设计与实现[J].计算机光盘软件与应用,2013,16(07):275-276.[2017-09-15].</span> </p><p style=\"line-height:125%\"><span style=\"font-size: 16px;line-height:125%;font-family:宋体\">[3]</span><span style=\"font-size:16px;line-height:125%;font-family:宋体\">管权,焦祥璞.基于SSH的网络相册系统的设计[J].科技广场,2013,(06):245-248.[2017-09-15].</span></p><p><span style=\"font-size:16px;font-family:宋体\">[4]</span><span style=\"font-size:16px;font-family: 宋体\">王岩,宋放.基于SSH的志愿者服务平台的设计与实现[J].工业设计,2017,(05):89-90.[2017-09-15].</span></p><p><span style=\"font-size:16px;font-family:宋体\">[5]</span><span style=\"font-size:16px;font-family: 宋体\">袁存款.权限管理系统的设计与开发[J].电子世界,2016,(14):145.[2017-09-15].DOI：10.19353/j.cnki.dzsj.2016.14.107</span></p><p><span style=\"font-size:16px;font-family:宋体\">[6]</span><span style=\"font-size:16px;font-family: 宋体\">陈康.基于角色的权限管理系统设计与实现[J].电脑知识与技术,2012,8(33):7918-7921.[2017-09-15].</span></p><p><span style=\"font-size:16px;font-family:宋体\">[7]</span><span style=\"font-size:16px;font-family: 宋体\">陈春雨,王福成,解国粱.基于JS技术的电子商品管理系统设计及实现[J].无线互联科技,2017,(16):65-66.[2017-09-15].</span></p><p><span style=\"font-size:16px;font-family:宋体\">[8]</span><span style=\"font-size:16px;font-family: 宋体\">徐小峰.分布式西北休闲体育管理系统设计与实现[J/OL].电子测试,2014,(17):69-70.(2014-09-17)[2017-09-15].http://kns.cnki.net/kcms/detail/11.3927.tn.20140917.1038.057.html</span></p><p><span style=\"font-size:16px;font-family:宋体\">[9]Ames F.Kurose keith W.Ross.Computer Networking[M].</span><span style=\"font-size:16px;font-family: 宋体\">北京：机械工业出版社。2012：169.</span></p><p><br/></p>',283,175,2019),(15,'<p><span style=\"font-size:14px;font-family:宋体\">本论文以三维建模软件3ds max实现建模和贴图，以Unity3D为虚拟现实开发平台，通过Unity3D进行三维数据引擎设计，将室内虚拟场景导入等步骤来实现三维动态的虚拟漫游。用户可以在室内自由移动和操作，如鼠标触到门时即可打开，可以点击墙上的按钮来控制灯的开关，或者对房间家具的更换等。</span><span style=\"font-size:14px;font-family:宋体\">还根据虚拟漫游的特点，在自动漫游和手动漫游过程中，通过视频、图片、音乐对虚拟现实系统做了优化。系统力求设计一个高仿真、低成本、动画流畅、让人深刻的三维室内漫游，极大地满足了购房者对未来住宅的全方位体验，在宣传上起到极好的效果，有效提高了房产行业宣传的竞争力。</span><span style=\"font-size:16px;font-family:宋体\">&nbsp;</span></p>','<p style=\";margin-bottom:0;text-align: justify;text-justify:inter-ideograph;text-indent:28px;line-height:125%;background:white\"><span style=\"font-size:14px;line-height:125%\">1.</span><span style=\"font-size:14px;line-height:125%\">收集资料进行整理规划&nbsp;&nbsp;&nbsp;&nbsp;&nbsp;&nbsp;&nbsp;&nbsp; 2017年9月16日- 9月19日</span></p><p style=\";margin-bottom:0;text-align: justify;text-justify:inter-ideograph;text-indent:28px;line-height:125%;background:white\"><span style=\"font-size:14px;line-height:125%\">2.</span><span style=\"font-size:14px;line-height:125%\">需求分析与总体设计目标&nbsp;&nbsp;&nbsp;&nbsp;&nbsp;&nbsp; 2017年9月20日- 9月23日</span></p><p style=\";margin-bottom:0;text-align: justify;text-justify:inter-ideograph;text-indent:28px;line-height:125%;background:white\"><span style=\"font-size:14px;line-height:125%\">3.</span><span style=\"font-size:14px;line-height:125%\">实时采集数据，建立场景模型&nbsp;&nbsp; 2017年9月24日- 10月20日</span></p><p style=\";margin-bottom:0;text-align: justify;text-justify:inter-ideograph;text-indent:28px;line-height:125%;background:white\"><span style=\"font-size:14px;line-height:125%\">4.</span><span style=\"font-size:14px;line-height:125%\">素材数据模型的优化处理&nbsp;&nbsp;&nbsp;&nbsp;&nbsp;&nbsp; 2017年10月21日- 11月14日</span></p><p style=\";margin-bottom:0;text-align: justify;text-justify:inter-ideograph;text-indent:28px;line-height:125%;background:white\"><span style=\"font-size:14px;line-height:125%\">5.</span><span style=\"font-size:14px;line-height:125%\">贴图及烘焙渲染，场景贴合&nbsp;&nbsp;&nbsp;&nbsp; 2017年11月15日- 12月3日</span></p><p style=\";margin-bottom:0;text-align: justify;text-justify:inter-ideograph;text-indent:28px;line-height:125%;background:white\"><span style=\"font-size:14px;line-height:125%\">6.</span><span style=\"font-size:14px;line-height:125%\">系统设计及实现，运行和调试&nbsp;&nbsp; 2017年12月4日- 12月7日</span></p><p style=\";margin-bottom:0;text-align: justify;text-justify:inter-ideograph;text-indent:28px;line-height:125%;background:white\"><span style=\"font-size:14px;line-height:125%\">7.</span><span style=\"font-size:14px;line-height:125%\">论文修改定稿撰写&nbsp;&nbsp;&nbsp;&nbsp;&nbsp;&nbsp;&nbsp;&nbsp;&nbsp;&nbsp;&nbsp;&nbsp; 2017年12月8日- 12月22日</span></p><p style=\";margin-bottom:0;text-align: justify;text-justify:inter-ideograph;text-indent:28px;line-height:125%;background:white\"><span style=\"font-size:14px;line-height:125%\">8.</span><span style=\"font-size:14px;line-height:125%\">检查完善与修改&nbsp;&nbsp;&nbsp;&nbsp;&nbsp;&nbsp;&nbsp;&nbsp;&nbsp;&nbsp;&nbsp;&nbsp;&nbsp;&nbsp; 2017年12月23日- 12月26日</span> </p><p><br/></p>','<p style=\"line-height:150%\"><span style=\";line-height:150%;font-family:宋体\">[1]</span> <span style=\"font-size: 12px;line-height: 150%;font-family: 宋体;background: white\">吴睿</span><span style=\"font-size: 12px;line-height: 150%;font-family: Arial, sans-serif;background: white\">. </span><span style=\"font-size: 12px;line-height: 150%;font-family: 宋体;background: white\">基于</span><span style=\"font-size: 12px;line-height: 150%;font-family: Arial, sans-serif;background: white\">Unity3D</span><span style=\"font-size: 12px;line-height: 150%;font-family: 宋体;background: white\">的交互式房产网站的设计与实现</span><span style=\"font-size: 12px;line-height: 150%;font-family: Arial, sans-serif;background: white\">[D]. </span><span style=\"font-size: 12px;line-height: 150%;font-family: 宋体;background: white\">大连理工大学</span><span style=\"font-size: 12px;line-height: 150%;font-family: Arial, sans-serif;background: white\">, 2015.</span></p><p style=\"line-height:150%\"><span style=\";line-height:150%;font-family:宋体\">[2]</span> <span style=\"font-size: 12px;line-height: 150%;font-family: 宋体;background: white\">严林</span><span style=\"font-size: 12px;line-height: 150%;font-family: Arial, sans-serif;background: white\">. </span><span style=\"font-size: 12px;line-height: 150%;font-family: 宋体;background: white\">虚拟现实在室内设计中的应用</span><span style=\"font-size: 12px;line-height: 150%;font-family: Arial, sans-serif;background: white\">[D]. </span><span style=\"font-size: 12px;line-height: 150%;font-family: 宋体;background: white\">武汉科技大学</span><span style=\"font-size: 12px;line-height: 150%;font-family: Arial, sans-serif;background: white\">, 2010.</span></p><p style=\"line-height:150%\"><span style=\";line-height:150%;font-family:宋体\">[3] </span><span style=\"font-size: 12px;line-height: 150%;font-family: 宋体;background: white\">贺苗元</span><span style=\"font-size: 12px;line-height: 150%;font-family: Arial, sans-serif;background: white\">. </span><span style=\"font-size: 12px;line-height: 150%;font-family: 宋体;background: white\">基于</span><span style=\"font-size: 12px;line-height: 150%;font-family: Arial, sans-serif;background: white\">Unity3D</span><span style=\"font-size: 12px;line-height: 150%;font-family: 宋体;background: white\">引擎的虚拟室内漫游的研究设计与应用实现</span><span style=\"font-size: 12px;line-height: 150%;font-family: Arial, sans-serif;background: white\">[D]. </span><span style=\"font-size: 12px;line-height: 150%;font-family: 宋体;background: white\">内蒙古大学</span><span style=\"font-size: 12px;line-height: 150%;font-family: Arial, sans-serif;background: white\">, 2015.</span></p><p style=\"line-height:150%\"><span style=\";line-height:150%;font-family:宋体\">[4]</span> <span style=\"font-size: 12px;line-height: 150%;font-family: 宋体;background: white\">干建松</span><span style=\"font-size: 12px;line-height: 150%;font-family: Arial, sans-serif;background: white\">. </span><span style=\"font-size: 12px;line-height: 150%;font-family: 宋体;background: white\">基于</span><span style=\"font-size: 12px;line-height: 150%;font-family: Arial, sans-serif;background: white\">Unity3d</span><span style=\"font-size: 12px;line-height: 150%;font-family: 宋体;background: white\">的室内漫游仿真系统</span><span style=\"font-size: 12px;line-height: 150%;font-family: Arial, sans-serif;background: white\">[J]. </span><span style=\"font-size: 12px;line-height: 150%;font-family: 宋体;background: white\">淮阴师范学院学报</span><span style=\"font-size: 12px;line-height: 150%;font-family: Arial, sans-serif;background: white\">(</span><span style=\"font-size: 12px;line-height: 150%;font-family: 宋体;background: white\">自然科学版</span><span style=\"font-size: 12px;line-height: 150%;font-family: Arial, sans-serif;background: white\">), 2011, 10(6):515-518.</span></p><p style=\"line-height:150%\"><span style=\";line-height:150%;font-family:宋体\">[5]</span> <span style=\"font-size: 12px;line-height: 150%;font-family: 宋体;background: white\">程萍</span><span style=\"font-size: 12px;line-height: 150%;font-family: Arial, sans-serif;background: white\">, </span><span style=\"font-size: 12px;line-height: 150%;font-family: 宋体;background: white\">宋春华</span><span style=\"font-size: 12px;line-height: 150%;font-family: Arial, sans-serif;background: white\">. </span><span style=\"font-size: 12px;line-height: 150%;font-family: 宋体;background: white\">基于</span><span style=\"font-size: 12px;line-height: 150%;font-family: Arial, sans-serif;background: white\">Unity3D</span><span style=\"font-size: 12px;line-height: 150%;font-family: 宋体;background: white\">引擎的</span><span style=\"font-size: 12px;line-height: 150%;font-family: Arial, sans-serif;background: white\">3D</span><span style=\"font-size: 12px;line-height: 150%;font-family: 宋体;background: white\">漫游系统</span><span style=\"font-size: 12px;line-height: 150%;font-family: Arial, sans-serif;background: white\">[J]. </span><span style=\"font-size: 12px;line-height: 150%;font-family: 宋体;background: white\">成都纺织高等专科学校学报</span><span style=\"font-size: 12px;line-height: 150%;font-family: Arial, sans-serif;background: white\">, 2014, 31(4):24-28.</span></p><p style=\"line-height:150%\"><span style=\";line-height:150%;font-family:宋体\">[6]</span> <span style=\"font-size: 12px;line-height: 150%;font-family: 宋体;background: white\">肖建良</span><span style=\"font-size: 12px;line-height: 150%;font-family: Arial, sans-serif;background: white\">, </span><span style=\"font-size: 12px;line-height: 150%;font-family: 宋体;background: white\">张程</span><span style=\"font-size: 12px;line-height: 150%;font-family: Arial, sans-serif;background: white\">, </span><span style=\"font-size: 12px;line-height: 150%;font-family: 宋体;background: white\">李阳</span><span style=\"font-size: 12px;line-height: 150%;font-family: Arial, sans-serif;background: white\">. </span><span style=\"font-size: 12px;line-height: 150%;font-family: 宋体;background: white\">基于</span><span style=\"font-size: 12px;line-height: 150%;font-family: Arial, sans-serif;background: white\">Unity3D</span><span style=\"font-size: 12px;line-height: 150%;font-family: 宋体;background: white\">的室内漫游系统</span><span style=\"font-size: 12px;line-height: 150%;font-family: Arial, sans-serif;background: white\">[J]. </span><span style=\"font-size: 12px;line-height: 150%;font-family: 宋体;background: white\">电子设计工程</span><span style=\"font-size: 12px;line-height: 150%;font-family: Arial, sans-serif;background: white\">, 2016, 24(19):54-56.</span></p><p style=\"line-height:150%\"><span style=\";line-height:150%;font-family:宋体\">[7]</span> <span style=\"font-size: 12px;line-height: 150%;font-family: 宋体;background: white\">韩桂明</span><span style=\"font-size: 12px;line-height: 150%;font-family: Arial, sans-serif;background: white\">, </span><span style=\"font-size: 12px;line-height: 150%;font-family: 宋体;background: white\">周凌</span><span style=\"font-size: 12px;line-height: 150%;font-family: Arial, sans-serif;background: white\">, </span><span style=\"font-size: 12px;line-height: 150%;font-family: 宋体;background: white\">赵志鹏</span><span style=\"font-size: 12px;line-height: 150%;font-family: Arial, sans-serif;background: white\">. </span><span style=\"font-size: 12px;line-height: 150%;font-family: 宋体;background: white\">基于</span><span style=\"font-size: 12px;line-height: 150%;font-family: Arial, sans-serif;background: white\">Unity3D</span><span style=\"font-size: 12px;line-height: 150%;font-family: 宋体;background: white\">的房间仿真技术</span><span style=\"font-size: 12px;line-height: 150%;font-family: Arial, sans-serif;background: white\">[J]. </span><span style=\"font-size: 12px;line-height: 150%;font-family: 宋体;background: white\">电子测试</span><span style=\"font-size: 12px;line-height: 150%;font-family: Arial, sans-serif;background: white\">, 2014(11):49-51.</span></p><p style=\"line-height:150%\"><span style=\";line-height:150%;font-family:宋体\">[8]</span> <span style=\"font-size: 12px;line-height: 150%;font-family: 宋体;background: white\">周灵</span><span style=\"font-size: 12px;line-height: 150%;font-family: Arial, sans-serif;background: white\">, </span><span style=\"font-size: 12px;line-height: 150%;font-family: 宋体;background: white\">周晓梅</span><span style=\"font-size: 12px;line-height: 150%;font-family: Arial, sans-serif;background: white\">, </span><span style=\"font-size: 12px;line-height: 150%;font-family: 宋体;background: white\">郝婧</span><span style=\"font-size: 12px;line-height: 150%;font-family: Arial, sans-serif;background: white\">. </span><span style=\"font-size: 12px;line-height: 150%;font-family: 宋体;background: white\">一种基于</span><span style=\"font-size: 12px;line-height: 150%;font-family: Arial, sans-serif;background: white\">Unity 3D</span><span style=\"font-size: 12px;line-height: 150%;font-family: 宋体;background: white\">的场景交互漫游</span><span style=\"font-size: 12px;line-height: 150%;font-family: Arial, sans-serif;background: white\">[J]. </span><span style=\"font-size: 12px;line-height: 150%;font-family: 宋体;background: white\">电子世界</span><span style=\"font-size: 12px;line-height: 150%;font-family: Arial, sans-serif;background: white\">, 2016(12):70-71.</span></p><p style=\"line-height:150%\"><span style=\";line-height:150%;font-family:宋体\">[9]</span> <span style=\"font-size: 12px;line-height: 150%;font-family: 宋体;background: white\">赵青</span><span style=\"font-size: 12px;line-height: 150%;font-family: Arial, sans-serif;background: white\">, </span><span style=\"font-size: 12px;line-height: 150%;font-family: 宋体;background: white\">李欣亮</span><span style=\"font-size: 12px;line-height: 150%;font-family: Arial, sans-serif;background: white\">. </span><span style=\"font-size: 12px;line-height: 150%;font-family: 宋体;background: white\">基于</span><span style=\"font-size: 12px;line-height: 150%;font-family: Arial, sans-serif;background: white\">3DSMAX</span><span style=\"font-size: 12px;line-height: 150%;font-family: 宋体;background: white\">的虚拟现实建模技术研究</span><span style=\"font-size: 12px;line-height: 150%;font-family: Arial, sans-serif;background: white\">[J]. </span><span style=\"font-size: 12px;line-height: 150%;font-family: 宋体;background: white\">电子技术与软件工程</span><span style=\"font-size: 12px;line-height: 150%;font-family: Arial, sans-serif;background: white\">, 2016(2):84-85.</span></p><p><br/></p>',291,195,2019),(16,'<p style=\"text-indent: 32px\"><span style=\"font-size: 16px;font-family:宋体\">按照软件工程的规范，</span><span style=\"font-size:16px;font-family: 宋体\">完成</span><span style=\"font-size:16px;font-family:宋体\">学而优家教网</span><span style=\"font-size: 16px;font-family:宋体\">应用软件的开发和设计，该软件需完成如下性能指标： </span></p><p style=\"text-indent:32px\"><span style=\"font-size:16px\">1. </span><span style=\"font-size:16px;font-family: 宋体\">家教老师与家长之间的双向选择：家长可以通过平台选择家教老师，家教老师也可以通过平台选择家教兼职。</span></p><p style=\"text-indent:32px\"><span style=\"font-size:16px\">2. </span><span style=\"font-size:16px;font-family:宋体\">家教老师的注册登记：家教老师注册时需要提供材料审核，审核不通过的家教老师限制登录。</span></p><p style=\"text-indent:32px\"><span style=\"font-size:16px\">3. </span><span style=\"font-size:16px;font-family:宋体\">家长发布家教需求：家长可以在本平台发布家教需求到学员库。</span></p><p style=\"text-indent:32px\"><span style=\"font-size:16px\">4. </span><span style=\"font-size:16px;font-family:宋体\">家教地点</span><span style=\"font-size:16px\">LBS</span><span style=\"font-size:16px;font-family:宋体\">定位：家教可以通过定位系统定位到家教老师和家长的地点，方便寻找。</span></p><p style=\"text-indent:32px\"><span style=\"font-size:16px\">5. </span><span style=\"font-size:16px;font-family:宋体\">教员库、学员库的筛选管理：教员库和学员库提供多条件筛选，可更方便的寻找合适家教。</span></p><p style=\"text-indent:32px\"><span style=\"font-size:16px\">6. </span><span style=\"font-size:16px;font-family:宋体\">新闻类信息以及家教信息的消息推送：使用</span><span style=\"font-size: 16px\">XMPP</span><span style=\"font-size:16px;font-family:宋体\">协议的消息推送协议，可以更好更快的对平台的信息进行推送。</span></p><p style=\"text-indent:32px\"><span style=\"font-size:16px\">7. </span><span style=\"font-size:16px;font-family:宋体\">评分机制：家长可对家教老师进行评分，此评分对于家教老师的综合信用评分。</span></p><p style=\"text-indent:32px\"><span style=\"font-size:16px\">8. web</span><span style=\"font-size:16px;font-family:宋体\">端的在线聊天：在线聊天可以增加家长与家教老师之间的互动。</span></p><p><br/></p>','<p style=\"text-indent:32px\"><span style=\"font-size:16px;font-family:宋体\">第一阶段：</span><span style=\"font-size: 16px;font-family:宋体\">查找文献和收集资料，了解相关城市的家教网，对各个网站进行比对，确定论文的选题方向和研究方法。</span></p><p style=\"text-indent:32px\"><span style=\"font-size:16px;font-family:宋体\">第二阶段：</span><span style=\"font-size: 16px;font-family:宋体\">确定研究课题，拟写论文提纲。</span></p><p style=\"text-indent:32px\"><span style=\"font-size:16px;font-family:宋体\">第三阶段：</span><span style=\"font-size: 16px;font-family:宋体\">整理相关资料，撰写任务书和开题报告</span><span style=\"font-size:16px;font-family:宋体\">。</span></p><p style=\"text-indent:32px\"><span style=\"font-size:16px;font-family:宋体\">第四阶段：</span><span style=\"font-size: 16px;font-family:宋体\">确立论文写作大纲和功能设计大纲，并对平台进行详细设计。</span></p><p style=\"text-indent:32px\"><span style=\"font-size:16px;font-family:宋体\">第五阶段：</span><span style=\"font-size: 16px;font-family:宋体\">开始对系统功能进行编码实现、测试。整理出论文初稿。</span></p><p style=\"text-indent:32px\"><span style=\"font-size:16px;font-family:宋体\">第六阶段：</span><span style=\"font-size: 16px;font-family:宋体\">修改以及完善系统功能。进一步撰写论文</span><span style=\"font-size:16px;font-family:宋体\">。</span></p><p style=\"text-indent:32px\"><span style=\"font-size:16px;font-family:宋体\">第七阶段：进行系统的测试，完善系统功能，</span><span style=\"font-size:16px;font-family:宋体\">以确保系统的正常运行</span><span style=\"font-size:16px;font-family:宋体\">。</span></p><p style=\"text-indent:32px\"><span style=\"font-size:16px;font-family:宋体\">第八阶段：</span><span style=\"font-size: 16px;font-family:宋体\">论文进行最后修改，以确保论文格式的正确。</span></p><p style=\"text-indent:32px\"><span style=\"font-size:16px;font-family:宋体\">第九阶段：做好答辩准备。</span></p><p><br/></p>','<table><tbody><tr class=\"firstRow\"><td valign=\"top\" style=\"background:white;padding:5px 0 5px 0\"><p><span style=\"font-size:16px\">[1]</span><span style=\"font-size:16px;font-family:宋体\">祝霖</span><span style=\"font-size:16px\">,</span><span style=\"font-size:16px;font-family:   宋体\">黄静</span><span style=\"font-size:16px\">. </span><span style=\"font-size:16px;font-family:宋体\">贵州大学生家教网“卓越家教”平台的设计与实现</span><span style=\"font-size:16px\">[J]. </span><span style=\"font-size:16px;font-family:宋体\">物联网技术</span><span style=\"font-size:16px\">,2016</span></p></td></tr><tr><td valign=\"top\" style=\"background:white;padding:5px 0 5px 0\"><p><span style=\"font-size:16px\">[2]</span><span style=\"font-size:16px;font-family:宋体\">陈秋平</span><span style=\"font-size:16px\">. </span><span style=\"font-size:16px;font-family:   宋体\">基于</span><span style=\"font-size:16px\">XMPP</span><span style=\"font-size:16px;font-family:宋体\">协议的网站即时通信系统设计与实现</span><span style=\"font-size:   16px\">[D].</span><span style=\"font-size:16px;font-family:宋体\">华南理工大学</span><span style=\"font-size:16px\">,2015. </span></p></td></tr><tr><td valign=\"top\" style=\"background:white;padding:5px 0 5px 0\"><p><span style=\"font-size:16px\">[3]</span><span style=\"font-size:16px;font-family:宋体\">罗闹</span><span style=\"font-size:16px\">. </span><span style=\"font-size:16px;font-family:   宋体\">用于统一通信的</span><span style=\"font-size:16px\">XMPP</span><span style=\"font-size:16px;font-family:宋体\">协议扩展研究</span><span style=\"font-size:16px\">[D].</span><span style=\"font-size:16px;font-family:宋体\">华中科技大学</span><span style=\"font-size:16px\">,2012.</span></p></td></tr><tr><td valign=\"top\" style=\"background:white;padding:5px 0 5px 0\"><p><span style=\"font-size:16px\">[4]</span><span style=\"font-size:16px;font-family:宋体\">陈航</span><span style=\"font-size:16px\">,</span><span style=\"font-size:16px;font-family:   宋体\">赵方</span><span style=\"font-size:16px\">. </span><span style=\"font-size:16px;font-family:宋体\">基于服务器推送技术和</span><span style=\"font-size:16px\">XMPP</span><span style=\"font-size:16px;font-family:宋体\">的</span><span style=\"font-size:16px\">WebIM</span><span style=\"font-size:16px;font-family:宋体\">系统实现</span><span style=\"font-size:16px\">[J]. </span><span style=\"font-size:16px;font-family:宋体\">计算机工程与设计</span><span style=\"font-size:16px\">,2010. </span></p></td></tr></tbody></table><p><br/></p>',309,111,2019),(17,'<p style=\"margin-left:48px\"><span style=\"font-size:16px\">1、<span style=\"font-variant-numeric: normal;font-stretch: normal;font-size: 9px;line-height: normal;font-family: &#39;Times New Roman&#39;\">&nbsp;&nbsp;&nbsp;&nbsp;&nbsp;&nbsp;&nbsp;&nbsp;&nbsp;&nbsp;&nbsp; </span></span><span style=\"font-size:16px;font-family:宋体\">对国内外系统性能优化的研究现状进行分析。</span></p><p style=\"margin-left:48px\"><span style=\"font-size:16px\">2、<span style=\"font-variant-numeric: normal;font-stretch: normal;font-size: 9px;line-height: normal;font-family: &#39;Times New Roman&#39;\">&nbsp;&nbsp;&nbsp;&nbsp;&nbsp;&nbsp;&nbsp;&nbsp;&nbsp;&nbsp;&nbsp; </span></span><span style=\"font-size:16px;font-family:宋体\">对智能二维码微信营销平台现状进行具体分析。</span></p><p style=\"margin-left:48px\"><span style=\"font-size:16px\">3、<span style=\"font-variant-numeric: normal;font-stretch: normal;font-size: 9px;line-height: normal;font-family: &#39;Times New Roman&#39;\">&nbsp;&nbsp;&nbsp;&nbsp;&nbsp;&nbsp;&nbsp;&nbsp;&nbsp;&nbsp;&nbsp; </span></span><span style=\"font-size:16px;font-family:宋体\">对智能二维码微信营销平台性能优化的相关技术介绍。</span></p><p style=\"margin-left:48px\"><span style=\"font-size:16px\">4、<span style=\"font-variant-numeric: normal;font-stretch: normal;font-size: 9px;line-height: normal;font-family: &#39;Times New Roman&#39;\">&nbsp;&nbsp;&nbsp;&nbsp;&nbsp;&nbsp;&nbsp;&nbsp;&nbsp;&nbsp;&nbsp; </span></span><span style=\"font-size:16px;font-family:宋体\">根据需求对系统指定优化策略。</span></p><p style=\"margin-left:48px\"><span style=\"font-size:16px\">5、<span style=\"font-variant-numeric: normal;font-stretch: normal;font-size: 9px;line-height: normal;font-family: &#39;Times New Roman&#39;\">&nbsp;&nbsp;&nbsp;&nbsp;&nbsp;&nbsp;&nbsp;&nbsp;&nbsp;&nbsp;&nbsp; </span></span><span style=\"font-size:16px;font-family:宋体\">应用相关技术，实现平台优化。</span></p><p><span style=\"font-size:16px;font-family:宋体\">系统测试得出结果及分析。</span></p><p><br/></p>','<p><span style=\"font-size:16px;font-family:宋体\">第一阶段：深入了解平台的业务流程以及架构设计。</span></p><p><span style=\"font-size:16px;font-family:宋体\">第二阶段：结合平台现状，对平台进行详细分析。</span></p><p><span style=\"font-size:16px;font-family:宋体\">第三阶段：查阅相关资料，制定优化策略</span></p><p><span style=\"font-size:16px;font-family:宋体\">第四阶段：研究相关技术，根据优化策略，实施平台优化。</span></p><p><span style=\"font-size:16px;font-family:宋体\">第五阶段：撰写毕业论文并提交指导老师审阅。</span></p><p><span style=\"font-size:16px;font-family:宋体\">第六阶段：答辩、再次整理论文和作品相关资料，归档和提交指导老师。</span></p><p><br/></p>','<p style=\"line-height:125%\"><span style=\"font-size: 12px;line-height:125%;font-family:&#39;Arial&#39;,sans-serif;color:#333333;background: white\">[1]</span><span style=\"font-size:12px;line-height:125%;font-family: 宋体;color:#333333;background:white\">王照清</span><span style=\"font-size:12px;line-height:125%;font-family:&#39;Arial&#39;,sans-serif;color:#333333;background:white\">. </span><span style=\"font-size:12px;line-height:125%;font-family:宋体;color:#333333;background:white\">大数据环境下数据查询优化技术应用研究</span><span style=\"font-size:12px;line-height:125%;font-family:&#39;Arial&#39;,sans-serif;color:#333333;background:white\">[D].</span><span style=\"font-size:12px;line-height:125%;font-family:宋体;color:#333333;background:white\">北方工业大学</span><span style=\"font-size:12px;line-height:125%;font-family:&#39;Arial&#39;,sans-serif;color:#333333;background:white\">,2016.</span></p><p><span style=\"font-size:12px;font-family:&#39;Arial&#39;,sans-serif;color:#333333\">[2]</span><span style=\"font-size:12px;font-family:宋体;color:#333333\">邱书洋</span><span style=\"font-size:12px;font-family:&#39;Arial&#39;,sans-serif;color:#333333\">. Redis</span><span style=\"font-size:12px;font-family:宋体;color:#333333\">缓存技术研究及应用</span><span style=\"font-size:12px;font-family:&#39;Arial&#39;,sans-serif;color:#333333\">[D].</span><span style=\"font-size:12px;font-family:宋体;color:#333333\">郑州大学</span><span style=\"font-size:12px;font-family:&#39;Arial&#39;,sans-serif;color:#333333\">,2016.</span></p><p><span style=\"font-size:12px;font-family:&#39;Arial&#39;,sans-serif;color:#333333\">[3]</span><span style=\"font-size:12px;font-family:宋体;color:#333333\">娄希安</span><span style=\"font-size:12px;font-family:&#39;Arial&#39;,sans-serif;color:#333333\">. </span><span style=\"font-size:12px;font-family:宋体;color:#333333\">海量数据存储与查询策略的优化研究</span><span style=\"font-size: 12px;font-family:&#39;Arial&#39;,sans-serif;color:#333333\">[D].</span><span style=\"font-size:12px;font-family:宋体;color:#333333\">大连海事大学</span><span style=\"font-size:12px;font-family:&#39;Arial&#39;,sans-serif;color:#333333\">,2012.</span></p><p><span style=\"font-size:12px;font-family:&#39;Arial&#39;,sans-serif;color:#333333\">[4]</span><span style=\"font-size:12px;font-family:宋体;color:#333333\">陈文振</span><span style=\"font-size:12px;font-family:&#39;Arial&#39;,sans-serif;color:#333333\">. </span><span style=\"font-size:12px;font-family:宋体;color:#333333\">数据库连接共享技术研究</span><span style=\"font-size:12px;font-family:&#39;Arial&#39;,sans-serif;color:#333333\">[D].</span><span style=\"font-size:12px;font-family:宋体;color:#333333\">华南理工大学</span><span style=\"font-size:12px;font-family:&#39;Arial&#39;,sans-serif;color:#333333\">,2013.</span></p><p><span style=\"font-size:12px;font-family:&#39;Arial&#39;,sans-serif;color:#333333;background:white\">[5]</span><span style=\"font-size:12px;font-family:宋体;color:#333333;background:white\">杨熙</span><span style=\"font-size:12px;font-family:&#39;Arial&#39;,sans-serif;color:#333333;background: white\">. </span><span style=\"font-size:12px;font-family:宋体;color:#333333;background:white\">基于多池架构数据库连接池的研究与设计</span><span style=\"font-size: 12px;font-family:&#39;Arial&#39;,sans-serif;color:#333333;background:white\">[D].</span><span style=\"font-size:12px;font-family:宋体;color:#333333;background:white\">哈尔滨工程大学</span><span style=\"font-size:12px;font-family:&#39;Arial&#39;,sans-serif;color:#333333;background:white\">,2012.</span></p><p><span style=\"font-size:12px;font-family:&#39;Arial&#39;,sans-serif;color:#333333;background:white\">[6]</span><span style=\"font-size:12px;font-family:宋体;color:#333333;background:white\">靳莹</span><span style=\"font-size:12px;font-family:&#39;Arial&#39;,sans-serif;color:#333333;background: white\">. </span><span style=\"font-size:12px;font-family:宋体;color:#333333;background:white\">基于缓存技术的内容管理系统研究</span><span style=\"font-size:12px;font-family:&#39;Arial&#39;,sans-serif;color:#333333;background:white\">[D].</span><span style=\"font-size:12px;font-family:宋体;color:#333333;background:white\">吉林大学</span><span style=\"font-size:12px;font-family:&#39;Arial&#39;,sans-serif;color:#333333;background:white\">,2014.</span></p><p><span style=\"font-size:12px;font-family:&#39;Arial&#39;,sans-serif;color:#333333\">[7]</span><span style=\"font-size:12px;font-family:宋体;color:#333333\">朱春莹</span><span style=\"font-size:12px;font-family:&#39;Arial&#39;,sans-serif;color:#333333\">. </span><span style=\"font-size:12px;font-family:宋体;color:#333333\">面向大数据查询的索引技术研究</span><span style=\"font-size: 12px;font-family:&#39;Arial&#39;,sans-serif;color:#333333\">[D].</span><span style=\"font-size:12px;font-family:宋体;color:#333333\">山东大学</span><span style=\"font-size:12px;font-family:&#39;Arial&#39;,sans-serif;color:#333333\">,2016.</span></p><p><span style=\"font-size:12px;font-family:&#39;Arial&#39;,sans-serif;color:#333333\">[8]Swathi Kurunji,Tingjian Ge,Xinwen Fu,Benyuan Liu,Amrith Kumar,Cindy X. Chen. Optimizing Aggregate Query Processing in Cloud Data Warehouses[M].Springer International Publishing:2014.</span></p><p><br/></p>',311,111,2019),(18,'<p><span style=\"font-family: 宋体\">杨秀训同学：</span></p><p style=\"text-indent:34px\"><span style=\"font-family: 宋体\">你的毕业论文</span>(<span style=\"font-family: 宋体\">设计</span>)<span style=\"font-family: 宋体\">题目为：贵港市港北区党建管理平台设计与实现。请你根据需求立即开始本课题的文献调研及开题报告工作，并在规定的时间内完成毕业论文</span>(<span style=\"font-family: 宋体\">设计</span>)<span style=\"font-family: 宋体\">。</span></p><p style=\"text-indent:34px\">&nbsp;</p><p style=\"text-indent:34px\"><strong><span style=\"font-family:宋体\">研究内容：</span></strong></p><p style=\"text-indent:34px\"><span style=\"font-family: 宋体\">本课题要求研究的内容是设计与实现一款适合党委组织部可以有效的管理党员信息平台，党员学习任务跟踪记录和党员网上缴纳党费。</span></p><p><br/></p>','<p style=\"text-indent:32px\"><span style=\";line-height:125%;font-family:宋体\">第一阶段 整理资料&nbsp; 2017年8月30日前完成</span></p><p style=\"text-indent:32px\"><span style=\";line-height:125%;font-family:宋体\">第二阶段 需求分析&nbsp; 2017年9月15日前完成</span></p><p style=\"text-indent:32px\"><span style=\";line-height:125%;font-family:宋体\">第三阶段 概要设计&nbsp; 2017年9月30日前完成</span></p><p style=\"text-indent:32px\"><span style=\";line-height:125%;font-family:宋体\">第四阶段 详细设计&nbsp; 2017年10月15日前完成</span></p><p style=\"text-indent:32px\"><span style=\";line-height:125%;font-family:宋体\">第五阶段 建立框架并编码实现&nbsp;&nbsp;&nbsp;&nbsp; 2018年1月15日前完成</span></p><p style=\"text-indent:32px\"><span style=\";line-height:125%;font-family:宋体\">第六阶段 系统测试、并完善系统&nbsp;&nbsp; 2018年1月31日前完成</span></p><p style=\"text-indent:32px\"><span style=\";line-height:125%;font-family:宋体\">第七阶段 整理论文，完成论文编写 2018年2月20日前完成</span></p><p><br/></p>','<p style=\"margin-left: 60px;line-height: normal\"><span style=\"font-family:宋体\">[1] </span><span style=\";font-family:宋体\">李欣.RSA公钥密码算法的能量分析攻击与防御研究[D].电子科技大学,2006.</span></p><p style=\"text-indent: 32px\"><span style=\"font-family:宋体\">[2] </span><span style=\";line-height:125%;font-family:宋体\">赵国良.昆明市党建项目化管理研究[D].云南大学,2014.</span></p><p style=\"margin-left: 64px;line-height: normal\"><span style=\"font-family:宋体\">[3] </span><span style=\";font-family:宋体\">古加孜亚·我汗. 基于J2EE平台的党建管理系统设计与实现[D].厦门大学,2013.</span></p><p style=\"margin-left: 64px;line-height: normal\"><span style=\"font-family:宋体\">[4] </span><span style=\"font-family:宋体\">陈虹. 高校党建管理系统[D].南昌大学,2009.</span></p><p style=\"margin-left: 69px;line-height: normal\"><span style=\"font-family:宋体\">&nbsp;</span></p><p><br/></p>',312,111,2019),(19,'<p><span style=\"font-size:16px\">1.&nbsp;&nbsp;&nbsp; </span><span style=\"font-size:16px;font-family:宋体\">对国内外关于“微课”的教学辅助工具的研究现状简介与分析。</span></p><p><span style=\"font-size:16px\">2.&nbsp;&nbsp;&nbsp; </span><span style=\"font-size:16px;font-family:宋体\">对构建关于“微课”的辅助教学系统的相关技术介绍。</span></p><p><span style=\"font-size:16px\">3.&nbsp;&nbsp;&nbsp; </span><span style=\"font-size:16px;font-family:宋体\">对整个辅助教学系统进行需求分析。</span></p><p><span style=\"font-size:16px\">4.&nbsp;&nbsp;&nbsp; </span><span style=\"font-size:16px;font-family:宋体\">根据需求对系统进行设计。</span></p><p><span style=\"font-size:16px\">5.&nbsp;&nbsp;&nbsp; </span><span style=\"font-size:16px;font-family:宋体\">系统实现，确定平台开发模式以及各模块的实现过程。</span></p><p><span style=\"font-size:16px\">6.&nbsp;&nbsp;&nbsp; </span><span style=\"font-size:16px;font-family:宋体\">系统测试，包含系统的功能测试、性能测试和测试结果及分析。</span></p><p>&nbsp; &nbsp; &nbsp; &nbsp; &nbsp; &nbsp; &nbsp; &nbsp; &nbsp; &nbsp; 男男女女女女女女女女女女</p>','<p><span style=\"font-size:16px;font-family:宋体\">第一阶段：查阅相关的微课以及课堂辅助教学工具的资料，了解微课以及课堂辅助教学工具基本信息，了解国内外的课堂辅助教学工具现状。</span></p><p><span style=\"font-size:16px;font-family:宋体\">第二阶段：查阅梧州学院的计算机文化基础教学现状，并着手进行需求分析。</span></p><p><span style=\"font-size:16px;font-family:宋体\">第三阶段：确定系统的主要核心功能，给出系统模块图，进行系统的概要设计。</span></p><p><span style=\"font-size:16px;font-family:宋体\">第四阶段：进行详细设计。</span></p><p><span style=\"font-size:16px;font-family:宋体\">第五阶段：进行编码实现。</span></p><p><span style=\"font-size:16px;font-family:宋体\">第六阶段：进行系统的测试，完善系统功能。</span></p><p><span style=\"font-size:16px;font-family:宋体\">第七阶段：整理并完善论文。</span></p><p><br/></p>','<p style=\"line-height:150%\"><span style=\";line-height:150%;font-family:宋体\">[1]</span> <span style=\";line-height:150%;font-family:宋体\">郑小军, ZhengXiaojun. 微课发展误区再审视[J]. 现代远程教育研究, 2016(2):61-66.</span></p><p style=\"line-height:150%\"><span style=\";line-height:150%;font-family:宋体\">[2]</span> <span style=\";line-height:150%;font-family:宋体\">朱子男. “互联网+”模式下计算机文化基础课程的教学探索[J]. 吉林教育:综合, 2016(44):43-44.</span></p><p style=\"line-height:150%\"><span style=\";line-height:150%;font-family:宋体\">[3] </span><span style=\";line-height:150%;font-family:宋体\">杜舟, 王晓春. 基于微课平台的翻转课堂模型[J]. 中小学电教, 2015(06):14-17.</span></p><p style=\"line-height:150%\"><span style=\";line-height:150%;font-family:宋体\">[4]</span> <span style=\";line-height:150%;font-family:宋体\">王莹莹. 微课资源开发与应用研究[D]. 渤海大学, 2016.</span></p><p style=\"line-height:125%\"><span style=\"font-size: 16px;line-height:125%;font-family:宋体\">&nbsp;</span></p><p><br/></p>',319,111,2019),(20,'<p style=\"text-indent:28px;line-height:125%\"><span style=\"font-size:16px;line-height:125%;font-family:宋体\">本课题以广西电力职业技术学院后勤管理为背景，要求设计一套满足其实际需要的管理信息系统完成后勤管理中的送水、报修和公车管理问题，并按软件过程撰写毕业论文。其具体要求如下：</span></p><p style=\"margin-left:0;text-indent:32px;line-height:125%\"><span style=\"font-size:16px;line-height:125%;font-family:宋体\">1、</span><span style=\"font-size:16px;line-height:125%;font-family:宋体\">实地调研广西电力职业学院送水、报修和公车管理的后勤管理流程；</span></p><p style=\"margin-left:0;text-indent:32px;line-height:125%\"><span style=\"font-size:16px;line-height:125%;font-family:宋体\">2、</span><span style=\"font-size:16px;line-height:125%;font-family:宋体\">通过查阅相关文献资料和项目管理资料确定后勤管理的整体设计目标和方案；</span></p><p style=\"margin-left:0;text-indent:32px;line-height:125%\"><span style=\"font-size:16px;line-height:125%;font-family:宋体\">3、</span><span style=\"font-size:16px;line-height:125%;font-family:宋体\">确定设计该系统中涉及的后勤管理方式，并采用移动应用终端与PC端相结合的方式实现。</span></p><p style=\"margin-left:0;text-indent:32px;line-height:125%\"><span style=\"font-size:16px;line-height:125%;font-family:宋体\">4、</span><span style=\"font-size:16px;line-height:125%;font-family:宋体\">需充分考虑后勤管理的便利性和实时性；</span></p><p style=\"margin-left:0;text-indent:32px;line-height:125%\"><span style=\"font-size:16px;line-height:125%;font-family:宋体\">5、</span><span style=\"font-size:16px;line-height:125%;font-family:宋体\">积累设计过程文档，并按软件过程方式撰写毕业论文。</span></p><p><br/></p>','<p style=\"text-indent:32px;line-height:125%\"><span style=\"font-size:16px;line-height:125%;font-family: 宋体\">第一阶段：查找文献和收集资料，确定论文的选题方向和研究方法。</span></p><p style=\"text-indent:32px;line-height:125%\"><span style=\"font-size:16px;line-height:125%;font-family: 宋体\">第二阶段：整理相关资料，撰写任务书和开题报告，然后进行开题报告，向评审老师阐述自己的课题设计及思路，确定课题的可行性，最后确定论文题目和设计要求。</span></p><p style=\"text-indent:32px;line-height:125%\"><span style=\"font-size:16px;line-height:125%;font-family: 宋体\">第三阶段：确立论文写作大纲和功能设计大纲，并进行总体与详细设计。</span></p><p style=\"text-indent:32px;line-height:125%\"><span style=\"font-size:16px;line-height:125%;font-family: 宋体\">第四阶段：开始对系统功能进行编码实现、测试。整理出论文初稿。</span></p><p style=\"text-indent:32px;line-height:125%\"><span style=\"font-size:16px;line-height:125%;font-family: 宋体\">第五阶段：修改以及完善系统功能。进一步撰写论文。将论文发给指导老师审核，获取修改意见，做相关修改。</span></p><p style=\"text-indent:32px;line-height:125%\"><span style=\"font-size:16px;line-height:125%;font-family: 宋体\">第六阶段：最后对系统和论文进行最后修改和整理，以确保论文格式的正确和系统的正常运行，并为答辩做准备。</span></p><p><br/></p>','<p style=\"line-height:125%\"><span style=\"font-size:16px;line-height:125%;font-family:宋体\">&nbsp;1.高海悦.浅论如何实现高效后勤水电管理与维修保养安全工作[J].《神州》.2017(10):278-278</span></p><p style=\"margin-left:0;text-indent:0;line-height:125%\"><span style=\"font-size:16px;line-height:125%;font-family:宋体\">2.</span><span style=\"font-size:16px;line-height:125%;font-family:宋体\">王忠良.互联网+时代高校后勤信息化建设对策思考[J].《山西青年》.2017(14)</span></p><p style=\"margin-left:0;text-indent:0;line-height:125%\"><span style=\"font-size:16px;line-height:125%;font-family:宋体\">3.</span><span style=\"font-size:16px;line-height:125%;font-family:宋体\">隋美丽.高校后勤微信公众号运营及传播力提升研究[J].《高校后勤研究》.2017(6)</span></p><p style=\"margin-left:0;text-indent:0;line-height:125%\"><span style=\"font-size:16px;line-height:125%;font-family:宋体\">4.</span><span style=\"font-size:16px;line-height:125%;font-family:宋体\">马刘军.基于微信公众平台的高校后勤管理系统的设计与实现[D].硕士.山东大学.2016</span></p><p style=\"margin-left:0;text-indent:0;line-height:125%\"><span style=\"font-size:16px;line-height:125%;font-family:宋体\">5.</span><span style=\"font-size:16px;line-height:125%;font-family:宋体\">陈嵩.基于J2EE的高校后勤管理系统的设计与实现[D].硕士.厦门大学.2015</span></p><p style=\"margin-left:0;text-indent:0;line-height:125%\"><span style=\"font-size:16px;line-height:125%;font-family:宋体\">6.</span><span style=\"font-size:16px;line-height:125%;font-family:宋体\">刘路永.闽西职业技术学院后勤车辆管理系统的研究与分析[D].硕士.云南大学.2016</span></p><p><br/></p>',327,118,2019),(21,'<p style=\"margin-top:8px;text-indent: 29px;line-height:125%\"><span style=\"font-size:16px;line-height:125%;font-family:宋体\">根据中央印发的《全国文明城市测评体系》，以梧州市创建全国文明城市为背景，利用互联网开发技术，设计与实现出的一套通用的市级网上申报系统，为全国市级城市创建文明城市提供方便快捷、智能高效的工作环境。</span></p><p style=\"margin-top:8px;text-indent: 29px;line-height:125%\"><span style=\"font-size:16px;line-height:125%;font-family:宋体\">主要的研究内容如下：</span></p><p style=\"line-height:125%\"><span style=\"font-size: 16px;line-height:125%;font-family:宋体\">1.&nbsp; </span><span style=\"font-size:16px;line-height:125%;font-family:宋体\">对国内通用市级创建文明城市网上申报系统的研究现状简介与分析。</span></p><p style=\"line-height:125%\"><span style=\"font-size: 16px;line-height:125%;font-family:宋体\">2.&nbsp; </span><span style=\"font-size:16px;line-height:125%;font-family:宋体\">对构建通用市级创建文明城市网上申报系统的相关技术了解与学习。</span></p><p style=\"line-height:125%\"><span style=\"font-size: 16px;line-height:125%;font-family:宋体\">3.&nbsp; </span><span style=\"font-size:16px;line-height:125%;font-family:宋体\">对整个城市网上申报系统进行需求分析。</span></p><p style=\"line-height:125%\"><span style=\"font-size: 16px;line-height:125%;font-family:宋体\">4.&nbsp; </span><span style=\"font-size:16px;line-height:125%;font-family:宋体\">根据需求对系统进行设计。</span></p><p style=\"line-height:125%\"><span style=\"font-size: 16px;line-height:125%;font-family:宋体\">5.&nbsp; </span><span style=\"font-size:16px;line-height:125%;font-family:宋体\">系统实现，确定平台开发模式以及各模块的实现过程。</span></p><p style=\"line-height:125%\"><span style=\"font-size: 16px;line-height:125%;font-family:宋体\">6.&nbsp; </span><span style=\"font-size:16px;line-height:125%;font-family:宋体\">系统测试，包含系统的功能测试、性能测试和测试结果及分析。</span></p><p><br/></p>','<p style=\"line-height:125%\"><span style=\"font-size: 16px;line-height:125%;font-family:宋体\">1. </span><span style=\"font-size:16px;line-height:125%;font-family:宋体\">第一阶段：查阅资料，学习相关行业信息标准，了解《全国文明城市测评体系》，了解梧州市对全国文明城市评测的相关政策文件。</span></p><p style=\"line-height:125%\"><span style=\"font-size: 16px;line-height:125%;font-family:宋体\">2</span><span style=\"font-size:16px;line-height:125%;font-family:宋体\">．第二阶段：应用第一阶段收集和整理的资料，构架梧州市全国文明城市评测平台，划分平台的角色、按角色划分职能，并对相关职能进行业务分析。</span></p><p style=\"line-height:125%\"><span style=\"font-size: 16px;line-height:125%;font-family:宋体\">3. </span><span style=\"font-size:16px;line-height:125%;font-family:宋体\">第三阶段：完成系统设计、编码与测试。 </span></p><p style=\"line-height:125%\"><span style=\"font-size: 16px;line-height:125%;font-family:宋体\">4. </span><span style=\"font-size:16px;line-height:125%;font-family:宋体\">第四阶段：根据以上三阶段完成的任务和积累的相关文档草拟论文提纲病提交指导老师审阅。</span></p><p style=\"line-height:125%\"><span style=\"font-size: 16px;line-height:125%;font-family:宋体\">5</span><span style=\"font-size:16px;line-height:125%;font-family:宋体\">．第五阶段：撰写毕业论文并提交指导老师审阅。</span></p><p style=\"line-height:125%\"><span style=\"font-size: 16px;line-height:125%;font-family:宋体\">6. </span><span style=\"font-size:16px;line-height:125%;font-family:宋体\">第六阶段：答辩、再次整理论文和作品相关资料、归档和提交指导老师。</span></p><p><br/></p>','<p style=\"line-height:125%\"><span style=\"font-size: 16px;line-height: 125%;font-family: 宋体\">[1]</span><span style=\"font-size: 16px;line-height: 125%;font-family: 宋体\">廖胜军.基于SSH整合架构的应用研究[D].武汉理工大学,2008. </span></p><p style=\"line-height:125%\"><span style=\"font-size: 16px;line-height: 125%;font-family: 宋体\">[2]</span><span style=\"font-size: 16px;line-height: 125%;font-family: 宋体\">梁永潮,朱宇,张坤鳌.基于SSH2动态工作流模型的研究与设计[J].电脑知识与技术,2011,(19):4719-4723. </span></p><p style=\"line-height:125%\"><span style=\"font-size: 16px;line-height: 125%;font-family: 宋体\">[3]</span><span style=\"font-size: 16px;line-height: 125%;font-family: 宋体\">连彦政,马季兰.网上申报系统的研究与实现[J].科技情报开发与经济,2008,(19):151-152.</span></p><p style=\"line-height:125%\"><span style=\"font-size: 16px;line-height: 125%;font-family: 宋体\">[4]</span><span style=\"font-size: 16px;line-height: 125%;font-family: 宋体\">陈曦.基于工作流技术的办公自动化系统的设计与实现[D].长春工业大学,2016. </span></p><p style=\"line-height:125%\"><span style=\"font-size: 16px;line-height: 125%;font-family: 宋体\">[5]</span><span style=\"font-size: 16px;line-height: 125%\">Anonymous.PinnacleDigest:OpinionsRequestedonDeclarationofCashDividend:ReviewInitiatedbyOnlineFinancialMagazineandInvestorSocialNetwork[J].M2Presswire,2009,:.</span></p><p><br/></p>',318,111,2019),(22,'<p style=\"text-indent:32px\"><span style=\"font-size:16px;font-family:宋体\">本课题要求从梧州学院实验室设备管理现状出发，按照软件工程的规范，设计一个满足实际要求的</span><span style=\"font-size:16px;font-family:宋体\">实验室管理</span><span style=\"font-size: 16px;font-family:宋体\">系统，具体要求如下：</span></p><p style=\"text-indent: 32px\"><span style=\"font-size:16px;font-family: 宋体\">1</span><span style=\"font-size:16px;font-family:宋体\">、收集相关文献资料，了解梧州学院实验室设备过程并形成技术解决方案；</span></p><p style=\"text-indent:32px\"><span style=\"font-size:16px;font-family:宋体\">2</span><span style=\"font-size:16px;font-family:宋体\">、系统需满足我院实验室设备流程，从设备入库登记-&gt;设备借出归还-&gt;设备报修-&gt;设备报废处理的过程管理；</span></p><p style=\"text-indent:32px\"><span style=\"font-size:16px;font-family:宋体\">3</span><span style=\"font-size:16px;font-family:宋体\">、完成毕业论文撰写并能将系统实际应用。</span></p><p><span style=\"font-size:16px;font-family:宋体\">&nbsp;</span></p><p style=\"margin-left:72px\"><br/></p><p><br/></p>','<p style=\"margin-left: 72px; white-space: normal;\"><br/></p><p style=\"white-space: normal; text-indent: 32px;\"><span style=\"font-family: 宋体;\">1</span><span style=\"font-family: 宋体;\">、 第一阶段：查阅资料、了解实验室设备管理标准，了解梧州学院对实验室设备管理的相关文件。</span></p><p style=\"white-space: normal; text-indent: 32px;\"><span style=\"font-family: 宋体;\">2</span><span style=\"font-family: 宋体;\">、 第二阶段：应用第一阶段收集和整理的资料，构架梧州学院实验室设备管理平台，划分平台的角色、按角色划分职能，并对相关职能进行业务分析。</span></p><p style=\"white-space: normal; text-indent: 32px;\"><span style=\"font-family: 宋体;\">3</span><span style=\"font-family: 宋体;\">、 第三阶段：完成系统设计、编码与测试。</span></p><p style=\"white-space: normal; text-indent: 32px;\"><span style=\"font-family: 宋体;\">4</span><span style=\"font-family: 宋体;\">、 第四阶段：根据以上三个阶段完成的任务和积累的相关文档草拟论文提纲并提交指导老师审阅。</span></p><p style=\"white-space: normal; text-indent: 32px;\"><span style=\"font-family: 宋体;\">5</span><span style=\"font-family: 宋体;\">、 第五阶段：撰写毕业论文并提交指导老师审阅。</span></p><p style=\"white-space: normal; text-indent: 32px;\"><span style=\"font-family: 宋体;\">6</span><span style=\"font-family: 宋体;\">、 第六阶段：答辩、再次整理论文和作品相关资料、归档和提交指导老师。</span></p><p><br/></p>','<p><span style=\"font-family:宋体\">[1]</span><span style=\"font-family:宋体\">华鑫.基于二维码技术的实验室设备管理系统的研究与实现[M].南昌大学,2015</span></p><p><span style=\"font-family:宋体\">[2]</span><span style=\"font-family:宋体\">王霞.Java 代码可重用性的实现策略.计算机光盘软件与应用[J]. 2012,16.238-239. </span></p><p><span style=\"font-family:宋体\">[3]</span><span style=\"font-family:宋体\">胡洁萍,杨树林.JPA与SSH架构整合方案及应用研究[J].北京印刷学院学报,2012.</span></p><p><span style=\"font-family:宋体\">[4]</span><span style=\"font-family:宋体\">于守良.关于Java面向对象程序设计课程的思考[J].中国教育技术装备,2013.</span></p><p><span style=\"font-family:宋体\">[5]</span><span style=\"font-family:宋体\">李海涛. MVC设计模式在JSP开发中的应用[J].电脑编程技巧与维护,2011(10):1-3.</span></p><p><span style=\"font-family:宋体\">[6]</span><span style=\"font-family:宋体\">孙柏松.Spring MVC设计模式和Eclipse在B/S架构电子商城交易系统中的研究[D].中国地质大学（北京）硕士学位论文,2010.</span></p><p><span style=\"font-family:宋体\">[7]</span><span style=\"font-family:宋体\">徐雯,高建华.基于Spring MVC及MyBatis的Web应用框架研究[J].上海师范大学计算机科学与技术系,2012（07）:1-3.</span></p><p><span style=\"font-family:宋体\">[9]</span><span style=\"font-family:宋体\">赵彦.《轻量级Java EE开发》课程教学改革的研究[J].宁波职业技术学院学报,2011:1-6.</span></p><p><span style=\"font-family:宋体\">[10]</span><span style=\"font-family:宋体\">易仁伟,基于websocket的实时web应用的研究[D].武汉:武汉理工大学硕士学位论文,2013.</span></p><p><span style=\"font-family:宋体\">[11] Krill, Paul. MuleSource adds to open source SOA, ESB [J]. InfoWorld.com, 2008.</span></p><p><span style=\"font-family:宋体\">[12]</span><span style=\"font-family:宋体\">白胜普.J2EE企业级应用测试实践[M].北京:清华大学出版社,2009.</span></p><p><br/></p>',317,111,2019),(23,'<p style=\"text-indent:32px\"><span style=\"font-size:16px;font-family:宋体\">1</span><span style=\"font-size:16px;font-family:宋体\">、</span><span style=\"font-size:16px;font-family:宋体\">通过查阅相关资料和文献了解中国亚文化“斗图”的相关背景和前景并了解对国内外斗图</span><span style=\"font-size:16px\">APP</span><span style=\"font-size:16px;font-family:宋体\">的研究现状简介与分析；</span></p><p style=\"text-indent:32px\"><span style=\"font-size:16px;font-family:宋体\">2</span><span style=\"font-size:16px;font-family:宋体\">、</span><span style=\"font-size:16px;font-family:宋体\">充分准备设计该</span><span style=\"font-size:16px\">APP</span><span style=\"font-size:16px;font-family:宋体\">所要求的技术和相关文化知识，确定系统解决方案；</span></p><p style=\"text-indent:32px\"><span style=\"font-size:16px;font-family:宋体\">3</span><span style=\"font-size:16px;font-family:宋体\">、</span><span style=\"font-size:16px;font-family:宋体\">设计一款斗图软件并能体现出与目前市场上相关软件的区别</span><span style=\"font-size:16px\">;</span></p><p style=\"text-indent:32px\"><span style=\"font-size:16px;font-family:宋体\">4</span><span style=\"font-size:16px;font-family:宋体\">、</span><span style=\"font-size:16px;font-family:宋体\">设计的</span><span style=\"font-size:16px\">app</span><span style=\"font-size:16px;font-family:宋体\">中能有效的过滤色情、暴力等图片及文字信息</span><span style=\"font-size:16px\">;</span></p><p style=\"text-indent:32px\"><span style=\"font-size:16px;font-family:宋体\">5</span><span style=\"font-size:16px;font-family:宋体\">、</span><span style=\"font-size:16px;font-family:宋体\">整理过程资料并撰写论文</span><span style=\"font-size:16px\">;</span></p><p><br/></p><p><br/></p>','<p style=\"white-space: normal;\"><br/></p><p style=\"white-space: normal; text-indent: 32px;\"><a></a><a></a><a><span style=\"font-family: 宋体;\">1</span></a><span style=\"font-family: 宋体;\">、</span><span style=\"font-family: 宋体;\">&nbsp;第一阶段：查阅资料、</span><span style=\"font-family: 宋体;\">了解市场上相关斗图</span>APP<span style=\"font-family: 宋体;\">及网站，对各个平台的制作进行比较，从中吸取一些制作思路。</span></p><p style=\"white-space: normal; text-indent: 32px;\"><a></a><a><span style=\"font-family: 宋体;\">2</span></a><span style=\"font-family: 宋体;\">、&nbsp;</span><span style=\"font-family: 宋体;\">第二阶段：应用第一阶段收集和整理的资料，构架斗图APP整体框架框架。</span></p><p style=\"white-space: normal; text-indent: 32px;\"><a></a><a></a><a><span style=\"font-family: 宋体;\">3</span></a><span style=\"font-family: 宋体;\">、</span><span style=\"font-family: 宋体;\">&nbsp;第三阶段：完成系统设计、编码与测试。</span></p><p style=\"white-space: normal; text-indent: 32px;\"><a></a><a></a><a><span style=\"font-family: 宋体;\">4</span></a><span style=\"font-family: 宋体;\">、</span><span style=\"font-family: 宋体;\">&nbsp;第四阶段：根据以上三个阶段完成的任务和积累的相关文档草拟论文提纲并提交指导老师审阅。</span></p><p style=\"white-space: normal; text-indent: 32px;\"><a></a><a><span style=\"font-family: 宋体;\">5</span></a><span style=\"font-family: 宋体;\">、</span><span style=\"font-family: 宋体;\">&nbsp;第五阶段：撰写毕业论文并提交指导老师审阅。</span></p><p style=\"white-space: normal; text-indent: 32px;\"><span style=\"font-family: 宋体;\">6</span><span style=\"font-family: 宋体;\">、 第六阶段：答辩、再次整理论文和作品相关资料、归档和提交指导老师。</span></p><p><br/></p>','<p style=\"text-indent:0;line-height:normal\">[1]Reto Meier.Android 4高级编程(第三版)[M].清华大学出版社,2013.4</p><p style=\"text-indent:0;line-height:normal\">[2]黄晟. 基于用户体验的APP设计研究[D].陕西科技大学.2012.</p><p style=\"text-indent:0;line-height:normal\">[3]郑陈曦.移动学习应用开发初探-Android篇[M],福建省电化教育馆，研究室，2014,02.12</p><p><span style=\"font-size:16px;font-family:宋体\">[4]</span><span style=\"font-size:16px;font-family:宋体\">万常选等.数据库系统原理与设计[M].北京:清华大学出版社,2009:304-316.</span></p><p style=\"line-height: 125%\"><span style=\"font-size:16px;line-height:125%;font-family:宋体\">[5]</span><span style=\"font-size:16px;line-height:125%;font-family:宋体\">李刚.疯狂Android讲义（第2版）[M].北京：电子工业出版社，2013.</span></p><p><span style=\"font-size:16px;font-family:宋体\">[6]</span> <span style=\"font-size:16px;font-family:宋体\">龚建华. JSON 格式数据在 Web 开发中的应用[J].办公自动化：学术版, 2013,(20): 46-48.</span></p><p><span style=\"font-size:16px;font-family:宋体\">[7]</span><span style=\"font-size:16px;font-family:宋体\">柳洪轶.基于Android 的软件管理系统设计与实现[J].电脑编程技巧与维护,2014(7): 9-10.</span></p><p style=\"line-height:125%\"><span style=\"font-size: 16px;line-height:125%;font-family:宋体\">[8]</span><span style=\"font-size:16px;line-height:125%;font-family:宋体\">徐苑苑,张际平.基于云架构的网络教学平台设计与实现[J].</span> <span style=\"font-size:16px;line-height:125%;font-family: 宋体\">《远程教育杂志》 , 2013 , 31 (03) :71-78</span></p><p><br/></p>',326,118,2019),(24,'<p><span style=\"font-size:16px;font-family:宋体\">1</span><span style=\"font-size:16px;font-family:宋体\">、</span> <span style=\"font-size:16px;font-family:宋体\">对国内对扶贫项目与资金综合管理信息平台的研究现状简介与分析。</span></p><p><span style=\"font-size:16px;font-family:宋体\">2</span><span style=\"font-size:16px;font-family:宋体\">、</span> <span style=\"font-size:16px;font-family:宋体\">分析扶贫过程中资金与项目的关系，分析资金管理过程的方式和方法，项目过程管理的方式和方法，以及了解构建扶贫项目与资金综合管理信息平台的相关技术。</span></p><p><span style=\"font-size:16px;font-family:宋体\">3</span><span style=\"font-size:16px;font-family:宋体\">、</span> <span style=\"font-size:16px;font-family:宋体\">对整个扶贫项目与资金综合管理信息平台进行需求分析，以贵港市港北区为调研对象，深入分析其在管理扶贫资金和扶贫项目过程中遇到的困难和好的经验及做法，完成对项目的需求和系统构架方式。</span></p><p><span style=\"font-size:16px;font-family:宋体\">4</span><span style=\"font-size:16px;font-family:宋体\">、</span> <span style=\"font-size:16px;font-family:宋体\">采用现代成熟的技术按软件工程过程设计和实现该系统。</span></p><p><span style=\"font-size:16px;font-family:宋体\">5</span><span style=\"font-size:16px;font-family:宋体\">、</span> <span style=\"font-size:16px;font-family:宋体\">系统测试，包含系统的功能测试、性能测试和测试结果及分析。</span></p><p><span style=\"font-size:16px\">6</span><span style=\"font-size:16px;font-family:宋体\">、撰写论文按时答辩。</span></p><p><br/></p>','<p><span style=\"font-size:16px;font-family:宋体\">1</span><span style=\"font-size:16px;font-family:宋体\">、 第一阶段：查阅资料、了解</span><span style=\"font-size:16px;font-family:宋体\">扶贫项目与资金</span><span style=\"font-size: 16px;font-family:宋体\">管理标准，了解我国对</span><span style=\"font-size:16px;font-family:宋体\">扶贫项目与资金</span><span style=\"font-size:16px;font-family: 宋体\">管理的相关政策文件。</span></p><p><span style=\"font-size:16px;font-family:宋体\">2</span><span style=\"font-size:16px;font-family:宋体\">、 第二阶段：应用第一阶段收集和整理的资料，构架</span><span style=\"font-size:16px;font-family:宋体\">扶贫项目与资金综合管理信息平台</span><span style=\"font-size:16px;font-family:宋体\">，划分平台的角色、按角色划分职能，并对相关职能进行业务分析。</span></p><p><span style=\"font-size:16px;font-family:宋体\">3</span><span style=\"font-size:16px;font-family:宋体\">、 第三阶段：完成系统设计、编码与测试。</span></p><p><span style=\"font-size:16px;font-family:宋体\">4</span><span style=\"font-size:16px;font-family:宋体\">、 第四阶段：根据以上三个阶段完成的任务和积累的相关文档草拟论文提纲并提交指导老师审阅。</span></p><p><span style=\"font-size:16px;font-family:宋体\">5</span><span style=\"font-size:16px;font-family:宋体\">、 第五阶段：撰写毕业论文并提交指导老师审阅。</span></p><p><span style=\"font-size:16px;font-family:宋体\">6</span><span style=\"font-size:16px;font-family:宋体\">、 第六阶段：答辩、再次整理论文和作品相关资料、归档和提交指导老师。</span></p><p><br/></p>','<p style=\"line-height:125%\"><span style=\"font-size: 16px;line-height:125%;font-family:宋体\">[1]</span><span style=\"font-size:16px;line-height:125%;font-family:宋体\">王列.潍坊市贫困村互助管理财务系统的设计与实现[D].硕士.山东大学.2012.</span></p><p style=\"line-height:125%\"><span style=\"font-size: 16px;line-height:125%;font-family:宋体\">[2]</span><span style=\"font-size:16px;line-height:125%;font-family:宋体\">李彤.贵州省黔南州三都县精准扶贫管理系统的研究与分析[D].硕士.云南大学.2015.</span></p><p style=\"line-height:125%\"><span style=\"font-size: 16px;line-height:125%;font-family:宋体\">[3]</span><span style=\"font-size:16px;line-height:125%;font-family:宋体\">林奕霖.基于SSH架构的扶贫基金会平台分析与设计[D].硕士.华南理工大学.2013.</span></p><p style=\"line-height:125%\"><span style=\"font-size: 16px;line-height:125%;font-family:宋体\">[4]</span><span style=\"font-size:16px;line-height:125%;font-family:宋体\">聂永刚.贵州农村财政扶贫资金使用与管理存在的问题及对策[J]．贵州财经学院学报.2013/01.</span></p><p style=\"line-height:125%\"><span style=\"font-size: 16px;line-height:125%;font-family:宋体\">[5]</span><span style=\"font-size:16px;line-height:125%;font-family:宋体\">汪三贵；李文；李芸.我国扶贫资金投向及效果分析[J].农业技术经济.2004/05 </span></p><p style=\"line-height:125%\"><span style=\"font-size: 16px;line-height:125%;font-family:宋体\">[6]</span><span style=\"font-size:16px;line-height:125%;font-family:宋体\">冉光和；鲁钊阳.扶贫资金运用中存在的问题及对策研究——以A村2002―2007扶贫资金的运用为例[J].南京社会科学.2008/09&nbsp;</span></p><p><br/></p>',316,111,2019),(25,'<p style=\"text-indent:32px\"><span style=\"font-size:16px;font-family:宋体\">本课题主要结合现实大学生志愿者实际情况，运用SSH框架设计并实现一套志愿者管理平台。</span></p><p style=\"text-indent:32px\"><span style=\"font-size:16px;font-family:宋体\">&nbsp;</span></p><p style=\"margin-left:56px;line-height: 125%\"><span style=\"font-size: 16px;line-height: 125%;font-family: 宋体\">1． </span><span style=\"font-size:16px;line-height:125%;font-family:宋体\">收集相关资料和文献，进行论文可行性评估。</span></p><p style=\"margin-left:56px;line-height: 125%\"><span style=\"font-size: 16px;line-height: 125%;font-family: 宋体\">2． </span><span style=\"font-size:16px;line-height:125%;font-family:宋体\">通过阅读文献和资料，了解与志愿者相关的信息。</span></p><p style=\"margin-left:56px;line-height: 125%\"><span style=\"font-size: 16px;line-height: 125%;font-family: 宋体\">3． </span><span style=\"font-size: 16px;line-height: 125%;font-family: 宋体\">仔细分析系统的需求并建立模型，并开始整理论文。</span></p><p style=\"margin-left:56px;line-height: 125%\"><span style=\"font-size: 16px;line-height: 125%;font-family: 宋体\">4． </span><span style=\"font-size: 16px;line-height: 125%;font-family: 宋体\">了解所涉及的相关技术，并对同等类型系统进行分析。</span></p><p style=\"margin-left:56px;line-height: 125%\"><span style=\"font-size: 16px;line-height: 125%;font-family: 宋体\">5． </span><span style=\"font-size: 16px;line-height: 125%;font-family: 宋体\">对所收集到的数据进行整理，以方便系统的实现。</span></p><p style=\"margin-left:56px;line-height: 125%\"><strong><span style=\"font-size:16px;line-height:125%;font-family: 宋体\">6． </span></strong><span style=\"font-size: 16px;line-height: 125%;font-family: 宋体\">对系统的模块进行测试，并对测试结果进行分析总结。</span></p><p style=\"margin-left:56px;line-height: 125%\"><strong><span style=\"font-size:16px;line-height:125%;font-family: 宋体\">7． </span></strong><span style=\"font-size: 16px;line-height: 125%;font-family: 宋体\">并对今后的研究做进一步展望。</span></p><p><br/></p>','<p style=\"text-indent:32px\"><span style=\"font-size:16px;font-family:宋体\">第一阶段，查询相关资料和文献，了解需要用到的技术。</span></p><p style=\"text-indent:32px\"><span style=\"font-size:16px;font-family:宋体\">第二阶段，根据实际详情，分析实用价值，进行需求分析。</span></p><p style=\"text-indent:32px\"><span style=\"font-size:16px;font-family:宋体\">第三阶段，进行系统设计和架构设计。</span></p><p style=\"text-indent:32px\"><span style=\"font-size:16px;font-family:宋体\">第四阶段，编写功能代码。</span></p><p style=\"text-indent:32px\"><span style=\"font-size:16px;font-family:宋体\">第五阶段，系统测试并完善系统。</span></p><p><span style=\"font-size:16px;font-family:宋体\">第六阶段，整理文档，完成论文。</span></p><p><br/></p>','<p style=\"line-height:150%\"><span style=\"font-size: 16px;line-height:150%;font-family:宋体\">[1]</span><span style=\"font-size:16px;line-height:150%;font-family:宋体\">宋杨.大学生志愿者信息管理系统的设计与实现[D].硕士学位论文，电子科技大学，2014.</span></p><p style=\"line-height:150%\"><span style=\"font-size: 16px;line-height:150%;font-family:宋体\">[2]</span><span style=\"font-size:16px;line-height:150%;font-family:宋体\">蔡越.志愿者服务项目管理系统的分析与研究[D].硕士学位论文，云南大学，2016.</span></p><p style=\"line-height:150%\"><span style=\"font-size: 16px;line-height:150%;font-family:宋体\">[3]</span><span style=\"font-size:16px;line-height:150%;font-family:宋体\">陈军政，江柳丽，王凌云.APP支持下的学生志愿者自助管理系统设计初探[J].医院管理论坛，2015.</span></p><p style=\"line-height:150%\"><span style=\"font-size: 16px;line-height:150%;font-family:宋体\">[4]</span><span style=\"font-size:16px;line-height:150%;font-family:宋体\">翁露莎，周国健，吴文豪.基于移动网络的志愿者管理系统[J].电脑知识与技术，2014.</span></p><p style=\"line-height:150%\"><span style=\"font-size: 16px;line-height:150%;font-family:宋体\">[5]</span><span style=\"font-size:16px;line-height:150%;font-family:宋体\">何俊. 高校新闻管理系统的研究与分析[D].硕士学位论文，云南大学,2015.</span></p><p style=\"line-height:150%\"><span style=\"font-size: 16px;line-height:150%;font-family:宋体\">[6]</span><span style=\"font-size:16px;line-height:150%;font-family:宋体\">康凯，贾庶，薛飞.志愿者管理系统数据库的设计与实现[J].黑龙江科技信息，2016.</span></p><p style=\"line-height:150%\"><span style=\"font-size: 16px;line-height:150%;font-family:宋体\">[7]</span><span style=\"font-size:16px;line-height:150%;font-family:宋体\">王岩，宋放.基于SSH的志愿者服务平台的设计与实现[J].工业设计，2017.</span></p><p style=\"line-height:150%\"><span style=\"font-size: 16px;line-height:150%;font-family:宋体\">[8]</span><span style=\"font-size:16px;line-height:150%;font-family: 宋体\">丁叶.</span><span style=\"font-size:16px;line-height:150%;font-family:宋体;color:#231815\">“互联网+”视野下的志愿服务平台研究--以江苏4个省级平台为例[D].硕士学位论文，南京大学，2017.</span></p><p style=\"line-height:150%\"><span style=\"font-size: 16px;line-height:150%;font-family:宋体;color:#222222\">[9]</span><span style=\"font-size:16px;line-height:150%;font-family:宋体;color:#222222\">吴信龙.</span><span style=\"font-size: 16px;line-height:150%;font-family:宋体;color:#231815\">闽院大学生志愿者管理系统的研究与分析[D].硕士学位论文，云南大学，2015.</span></p><p style=\"line-height:150%\"><span style=\"font-size: 16px;line-height:150%;font-family:宋体;color:#231815\">[10]</span><span style=\"font-size:16px;line-height:150%;font-family:宋体;color:#231815\">叶遥.共青团志愿者管理信息系统设计与实现[D].硕士学位论文，江西财经大学，2015.</span></p><p><br/></p>',370,104,2019),(26,'<p style=\"text-indent:32px\"><span style=\"font-size:16px;font-family:宋体\">本课题要求从互联网的发展与人口老龄化下养老服务现状出发，按照软件工程的规范，设计一个满足实际要求的“互联网+养老”——智慧养老信息平台，具体要求如下：</span></p><p style=\"text-indent: 32px\"><span style=\"font-size: 16px;font-family: 宋体\">1</span><span style=\"font-size: 16px;font-family: 宋体\">、收集相关文献资料，了解目前养老存在的问题和现有的解决方式，并通过对梧州地区养老现状和互联网技术优势形成技术解决方案；</span></p><p style=\"text-indent:32px\"><span style=\"font-size:16px;font-family:宋体\">2</span><span style=\"font-size:16px;font-family:宋体\">、构建政府-企业-养老机构-居家老人体系，充分分析四方关系与关注点，研究采用一站式服务方式，构建养老服务购买流程和服务模式；</span></p><p style=\"text-indent:32px\"><span style=\"font-size:16px;font-family:宋体\">3</span><span style=\"font-size:16px;font-family:宋体\">、能完成政府、企业、养老机构和居家老人各方的服务要求与功能要求，完成系统的设计与实现。</span></p><p style=\"text-indent:32px\"><span style=\"font-size:16px;font-family:宋体\">4</span><span style=\"font-size:16px;font-family:宋体\">、形成过程文档并撰写毕业论文</span></p><p><br/></p>','<p style=\"text-indent:32px\"><span style=\"font-size:16px;font-family:宋体\">第一阶段：查阅资料了解目前养老存在的问题要现有的解决方式。</span></p><p style=\"text-indent:32px\"><span style=\"font-size: 16px;font-family: 宋体\">第二阶段：应用第一阶段收集和整理的资料，构架面向养老服务的信息管理系统，划分平台的角色、按角色划分职能，并对相关职能进行业务分析。</span></p><p style=\"text-indent:32px\"><span style=\"font-size:16px;font-family:宋体\">第三阶段：完成系统设计、编码与测试。</span></p><p style=\"text-indent:32px\"><span style=\"font-size:16px;font-family:宋体\">第四阶段：根据以上三个阶段完成的任务和积累的相关文档草拟论文提纲并提交指导老师审阅。</span></p><p style=\"text-indent:32px\"><span style=\"font-size:16px;font-family:宋体\">第五阶段：撰写毕业论文并提交指导老师审阅。</span></p><p style=\"text-indent:32px\"><span style=\"font-size:16px;font-family:宋体\">第六阶段：答辩、再次整理论文和作品相关资料、归档和提交指导老师。</span></p><p><br/></p>','<p><span style=\"font-size:16px;font-family:宋体\">[1] </span><span style=\"font-size:16px;font-family:宋体\">蒋鸿.基于数据融合的智慧养老医疗健康系统的研究与实现[D].南京邮电大学，2015.</span></p><p><span style=\"font-size:16px;font-family:宋体\">[2]</span> <span style=\"font-size:16px;font-family:宋体\">张少应,陈庆荣.基于Spring的数据库访问技术研究[J].信息技术，2016(10)2016(10):81-84.</span> </p><p><span style=\"font-size:16px;font-family:宋体\">[3]</span> <span style=\"font-size: 16px;font-family: 宋体;background: white\">张毅. 一种智能居家养老服务系统:, CN204103940U[P]. 2015.</span></p><p><span style=\"font-size:16px;font-family:宋体\">[4]</span><span style=\"font-size: 16px;font-family: 宋体;background: white\">郭竞成. 居家养老模式的国际比较与借鉴[J]. 社会保障研究, 2010(1):29-39.</span></p><p><span style=\"font-size:16px;font-family:宋体\">[5] </span><span style=\"font-size:16px;font-family:宋体\">冀振燕.系统分析设计与应用案列[M].北京：人民邮电出版社,2003.</span></p><p><span style=\"font-size:16px;font-family:宋体\">[6] QST</span><span style=\"font-size:16px;font-family:宋体\">青软实训.JavaEE轻量级框架应用与开发[M].清华大学出版社,2016.</span></p><p><span style=\"font-size:16px;font-family:宋体\">[7] </span><span style=\"font-size: 16px;font-family: 宋体;background: white\">Khawas P, Dash K K, Das A J, et al. Drying Characteristics and Assessment of Physicochemical and Microstructural Properties of Dried Culinary Banana Slices[J]. International Journal of Food Engineering, 2015, 11(5).</span></p><p><br/></p>',315,111,2019),(27,'<p style=\"text-indent:32px;line-height:125%\"><span style=\"font-size:16px;line-height:125%;font-family: 宋体\">根据软件工程培养计划要求，结合大学期间所学的《软件工程》、《数据库系统概念》、《Java Web程序设计》等课程完成如下任务：</span></p><p style=\"margin-left:56px;line-height: 125%\"><span style=\"font-size:16px;line-height:125%;font-family:宋体\">1.<span style=\"font-variant-numeric: normal;font-stretch: normal;font-size: 9px;line-height: normal;font-family: &#39;Times New Roman&#39;\">&nbsp; </span></span><span style=\"font-size:16px;line-height:125%;font-family:宋体\">家教老师通过短信验证码的方式进行注册。</span></p><p style=\"margin-left:56px;line-height: 125%\"><span style=\"font-size:16px;line-height:125%;font-family:宋体\">2.<span style=\"font-variant-numeric: normal;font-stretch: normal;font-size: 9px;line-height: normal;font-family: &#39;Times New Roman&#39;\">&nbsp; </span></span><span style=\"font-size:16px;line-height:125%;font-family:宋体\">教员注册时，需要上传身份证、学生证、教师资格证等证件进行审核。</span></p><p style=\"margin-left:56px;line-height: 125%\"><span style=\"font-size:16px;line-height:125%;font-family:宋体\">3.<span style=\"font-variant-numeric: normal;font-stretch: normal;font-size: 9px;line-height: normal;font-family: &#39;Times New Roman&#39;\">&nbsp; </span></span><span style=\"font-size:16px;line-height:125%;font-family:宋体\">家教老师可以在学员库的筛选列表筛选出各类家教订单；家长可以通过教员库的筛选列表筛选出适合的家教老师。</span></p><p style=\"margin-left:56px;line-height: 125%\"><span style=\"font-size:16px;line-height:125%;font-family:宋体\">4.<span style=\"font-variant-numeric: normal;font-stretch: normal;font-size: 9px;line-height: normal;font-family: &#39;Times New Roman&#39;\">&nbsp; </span></span><span style=\"font-size:16px;line-height:125%;font-family:宋体\">家长可以对教员的表达能力、交际能力以及教学内容是否新颖进行评分；教员可以对学员的学习情况进行说明。</span></p><p style=\"margin-left:56px;line-height: 125%\"><span style=\"font-size:16px;line-height:125%;font-family:宋体\">5.<span style=\"font-variant-numeric: normal;font-stretch: normal;font-size: 9px;line-height: normal;font-family: &#39;Times New Roman&#39;\">&nbsp; </span></span><span style=\"font-size:16px;line-height:125%;font-family:宋体\">家长可以在本平台发布家教需求到学员库。</span></p><p style=\"margin-left:56px;line-height: 125%\"><span style=\"font-size:16px;line-height:125%;font-family:宋体\">6.<span style=\"font-variant-numeric: normal;font-stretch: normal;font-size: 9px;line-height: normal;font-family: &#39;Times New Roman&#39;\">&nbsp; </span></span><span style=\"font-size:16px;line-height:125%;font-family:宋体\">家教可以通过定位系统定位到家教老师和家长的地点，方便寻找。</span></p><p style=\"margin-left:32px;line-height:125%\"><span style=\"font-size:16px;line-height:125%;font-family:宋体\">7. </span><span style=\"font-size:16px;line-height:125%;font-family:宋体\">教员在个人中心可以查看我关注的用户、关注我的用户、预约记录等信息；</span></p><p><br/></p>','<p style=\"margin-left:32px;line-height:125%\"><span style=\"font-size:16px;line-height:125%;font-family:宋体\">第一阶段 整理资料&nbsp; 2017年7月30日前完成</span></p><p style=\"margin-left:32px;line-height:125%\"><span style=\"font-size:16px;line-height:125%;font-family:宋体\">第二阶段 需求分析&nbsp; 2017年8月15日前完成</span></p><p style=\"margin-left:32px;line-height:125%\"><span style=\"font-size:16px;line-height:125%;font-family:宋体\">第三阶段 概要设计&nbsp; 2017年8月20日前完成</span></p><p style=\"margin-left:32px;line-height:125%\"><span style=\"font-size:16px;line-height:125%;font-family:宋体\">第四阶段 详细设计&nbsp; 2017年9月27日前完成</span></p><p style=\"margin-left:32px;line-height:125%\"><span style=\"font-size:16px;line-height:125%;font-family:宋体\">第五阶段 建立框架并编码实现&nbsp;&nbsp;&nbsp;&nbsp; 2017年11月30日前完成</span></p><p style=\"margin-left:32px;line-height:125%\"><span style=\"font-size:16px;line-height:125%;font-family:宋体\">第六阶段 系统测试、并完善系统&nbsp;&nbsp; 2017年12月10日前完成</span></p><p style=\"margin-left:32px;line-height:125%\"><span style=\"font-size:16px;line-height:125%;font-family:宋体\">第七阶段 整理论文，完成论文编写 2017年12月30日前完成</span></p><p><br/></p>','<p><span style=\";font-family:宋体\">[1]</span><span style=\";font-family: 宋体\">刘成.LBS定位技术研究与发展现状[J].导航定位学报,2013,1(01):78-83.</span></p><p><span style=\"font-size:16px;font-family:宋体\">[2]</span><span style=\";font-family:宋体\">徐曼纯,王妙凤. 大学生家教现状及问题分析[J]. 人才资源开发,2017,(06):</span></p><p style=\"text-indent:14px\"><span style=\";font-family:宋体\">142-143. </span></p><p style=\"margin-left:14px\"><span style=\";font-family:宋体\">[3]</span><span style=\";font-family:宋体\">许政法,权新宇.大学生从事家教的维权问题探析[J].中国农业教育,2008,(03):29-30+64.</span></p><p style=\"margin-left:14px\"><span style=\";font-family:宋体\">[4]</span><span style=\";font-family:宋体\">赵亚莉,高渊媛,张文琪. 在校大学生从事家教存在问题及对策研究——以长治学院外语系学生为例[J]. 吕梁学院学报,2016,6(04):94-96. </span></p><p><span style=\";font-family:宋体\">[5]</span><span style=\";font-family: 宋体\">张红艳. 家教网的设计与实现[D].吉林大学,2012.</span></p><p style=\"margin-left:14px\"><span style=\";font-family:宋体\">[6]</span><span style=\";font-family:宋体\">祝霖,黄静. 贵州大学生家教网“卓越家教”平台的设计与实现[J]. 物联网技术,2016,6(04):114-115. </span></p><p><span style=\";font-family:宋体\">[7]</span><span style=\";font-family: 宋体\">翟高粤. 基于J2EE技术的SSH框架的改进及应用[J]. 计算机时代,2012.</span></p><p style=\"margin-left:14px\"><span style=\";font-family:宋体\">[8]</span><span style=\";font-family:宋体\">周玲余. 基于jQuery框架的页面前端特效的设计与实现[J]. 计算机与现代化,2013.</span></p><p><span style=\"font-size:16px;font-family:宋体\">[9]</span><span style=\";font-family:宋体\">Zong Fu Zhang,Wen Da Xie. The Improvements of OTP Authentication </span></p><p style=\"text-indent:14px\"><span style=\";font-family:宋体\">Technology in the FTP Proxy Server Applications[J]. Applied Mechanics and </span></p><p style=\"text-indent:14px\"><span style=\";font-family:宋体\">Materials,2013,2171(263):.</span></p><p><br/></p>',314,111,2019),(28,'<p style=\"line-height:125%\"><span style=\"font-size:16px;line-height: 125%;font-family:宋体\">1</span><span style=\"font-size:16px;line-height:125%;font-family:宋体\">．查阅大量资料，进行相关知识储备，特别是深入研究Struts2、Spring3、Hibernate4等。使系统实现跨平台、跨数据库，增强系统的强壮性。</span></p><p style=\"line-height:125%\"><span style=\"font-size:16px;line-height: 125%;font-family:宋体\">2</span><span style=\"font-size:16px;line-height:125%;font-family:宋体\">．需求分析，使用场景法来辅助获取需求，明确</span><span style=\"font-size:16px;line-height:125%;font-family:宋体\">基于</span><span style=\"font-size:16px;line-height:125%\">SSH</span><span style=\"font-size:16px;line-height:125%;font-family:宋体\">框架技术高校新闻发布系统的设计与实现</span><span style=\"font-size:16px;line-height:125%;font-family:宋体\">的需求，并建立需求分析文档</span></p><p style=\"line-height:125%\"><span style=\"font-size:16px;line-height: 125%;font-family:宋体\">3</span><span style=\"font-size:16px;line-height:125%;font-family:宋体\">．系统设计，利用E-R图、数据流图对系统实现进行详细的建模，使整个系统的结构、业务逻辑更为清晰。</span></p><p style=\"line-height:125%\"><span style=\"font-size:16px;line-height: 125%;font-family:宋体\">4</span><span style=\"font-size:16px;line-height:125%;font-family:宋体\">．关键业务的技术解决，关键业务的功能优化。</span></p><p style=\"line-height:125%\"><span style=\"font-size:16px;line-height: 125%;font-family:宋体\">5</span><span style=\"font-size:16px;line-height:125%;font-family:宋体\">．对系统核心功能进行测试。</span></p><p><br/></p>','<p style=\"line-height:125%\"><span style=\"font-size:16px;line-height: 125%;font-family:宋体\">1. </span><span style=\"font-size:16px;line-height:125%;font-family:宋体\">第一至二周：查阅资料，思考论文课题以及制作思路然后</span><span style=\"font-size:16px;line-height:125%;font-family:宋体\">确定研究课题，拟写论文提纲</span><span style=\"font-size: 16px;line-height:125%;font-family:宋体\">。</span></p><p style=\"line-height:125%\"><span style=\"font-size: 16px;line-height:125%;font-family:宋体\">3. </span><span style=\"font-size:16px;line-height:125%;font-family:宋体\">第三周：准备开题报告。</span></p><p style=\"line-height:125%\"><span style=\"font-size: 16px;line-height:125%;font-family:宋体\">4. </span><span style=\"font-size:16px;line-height:125%;font-family:宋体\">第四周至第六周：收集、整理SSH框架技术方面及新闻发布系统的相关数据。5. 第七周至第九周：</span><span style=\"font-size:16px;line-height: 125%;font-family:宋体\">通过查阅资料及学习，初步设计的前端页面</span><span style=\"font-size:16px;line-height:125%;font-family:宋体\">。</span></p><p style=\"line-height:125%\"><span style=\"font-size: 16px;line-height:125%;font-family:宋体\">6</span><span style=\"font-size:16px;line-height:125%;font-family:宋体\">：第十周至第十二周：实现该系统的各个功能； </span></p><p style=\"line-height:125%\"><span style=\"font-size: 16px;line-height:125%;font-family:宋体\">7. </span><span style=\"font-size:16px;line-height:125%;font-family:宋体\">第十三周至第十五周：</span><span style=\"font-size:16px;line-height:125%;font-family:宋体\">完成后台服务管理模块的</span><span style=\"font-size:16px;line-height:125%;font-family:宋体\">编写，测试用例文档，并记录测试结果；分析测试结果，纠正错误，完善系统的功能。</span></p><p style=\"line-height:125%\"><span style=\"font-size: 16px;line-height:125%;font-family:宋体\">8. </span><span style=\"font-size:16px;line-height:125%;font-family:宋体\">第十六周：撰写论文、修改并定稿 。</span></p><p><br/></p>','<p style=\"line-height: 125%\"><span style=\"font-size:16px;line-height:125%;font-family:宋体\">[1] </span><span style=\"font-size:16px;line-height:125%;font-family:宋体\">李刚. 轻量级Java EE企业应用实战(第3版):Struts 2+Spring 3+Hibernate整合开发[M].&nbsp; 北京: 电子工业出版社, 2012.</span></p><p style=\"line-height: 125%\"><span style=\"font-size:16px;line-height:125%;font-family:宋体\">[2]</span><span style=\"font-size:16px;line-height:125%;font-family:宋体\">刘西杰 HTML CSS JavaScript网页制作从入门到精通[M]人民邮电出版社 2016年7月</span></p><p style=\"line-height: 125%\"><span style=\"font-size:16px;line-height:125%;font-family:宋体\">[3] </span><span style=\"font-size:16px;line-height:125%;font-family:宋体\">沃尔斯. Spring in Action[M]. 北京：人民邮电出版社, 2006.3.56-59</span></p><p><span style=\"font-size:16px;font-family:宋体\">[4] </span><span style=\"font-size:16px;font-family:宋体\">贾永胜. 新闻发布系统的设计与实现[J]. 数字技术与应用. 2013(02)&nbsp; [8] 谢进军. 新闻发布系统的设计与实现[J]. 科技创业家. 2014(08)</span></p><p><br/></p>',401,199,2019),(29,'<p style=\"line-height:125%\"><span style=\"font-size:16px;line-height: 125%;font-family:宋体\">1</span><span style=\"font-size:16px;line-height:125%;font-family:宋体\">．查阅大量资料，进行相关知识储备，特别是深入研究java商城开发、Struts2、springMVC、SSM、hibernate、JavaScript、jQuery等。使系统实现跨平台、跨数据库，增强系统的强壮性。</span></p><p style=\"line-height:125%\"><span style=\"font-size:16px;line-height: 125%;font-family:宋体\">2</span><span style=\"font-size:16px;line-height:125%;font-family:宋体\">．需求分析，使用场景法来辅助获取需求，明确企业商城管理平台基础架构的需求，并建立需求分析文档</span></p><p style=\"line-height:125%\"><span style=\"font-size:16px;line-height: 125%;font-family:宋体\">3</span><span style=\"font-size:16px;line-height:125%;font-family:宋体\">．系统设计，数据流图对系统实现进行详细的建模，使整个系统的结构、业务逻辑更为清晰。</span></p><p style=\"line-height:125%\"><span style=\"font-size:16px;line-height: 125%;font-family:宋体\">4</span><span style=\"font-size:16px;line-height:125%;font-family:宋体\">．关键业务的技术解决，关键业务的功能优化。</span></p><p style=\"line-height:125%\"><span style=\"font-size:16px;line-height: 125%;font-family:宋体\">5</span><span style=\"font-size:16px;line-height:125%;font-family:宋体\">．对系统核心功能模块进行分模块测试。</span></p><p><br/></p>','<p style=\"line-height:125%\"><span style=\"font-size:16px;line-height: 125%;font-family:宋体\">1. </span><span style=\"font-size:16px;line-height:125%;font-family:宋体\">第一周：查阅资料，了解一些java商城</span><span style=\"font-size:16px;line-height:125%;font-family:宋体\">管理平台</span><span style=\"font-size:16px;line-height:125%;font-family:宋体\">架构，对现有平台的制作进行比较，从中吸取一些制作思路方便对项目进行完善。</span></p><p style=\"line-height:125%\"><span style=\"font-size:16px;line-height: 125%;font-family:宋体\">2. </span><span style=\"font-size:16px;line-height:125%;font-family:宋体\">第二周：</span><span style=\"font-size:16px;line-height:125%;font-family:宋体\">确定研究课题，拟写论文提纲</span><span style=\"font-size:16px;line-height:125%;font-family:宋体\">。</span></p><p style=\"line-height:125%\"><span style=\"font-size: 16px;line-height:125%;font-family:宋体\">3. </span><span style=\"font-size:16px;line-height:125%;font-family:宋体\">第三周：准备开题报告。</span></p><p style=\"line-height:125%\"><span style=\"font-size: 16px;line-height:125%;font-family:宋体\">4. </span><span style=\"font-size:16px;line-height:125%;font-family:宋体\">第四周至第五周：开题报告。收集、整理相关数据。</span></p><p style=\"line-height:125%\"><span style=\"font-size: 16px;line-height:125%;font-family:宋体\">5. </span><span style=\"font-size:16px;line-height:125%;font-family:宋体\">第六周：完成课题的可行性分析报告和需求文档。</span></p><p style=\"line-height:125%\"><span style=\"font-size: 16px;line-height:125%;font-family:宋体\">6. </span><span style=\"font-size:16px;line-height:125%;font-family:宋体\">第七周至第八周：</span><span style=\"font-size:16px;line-height:125%;font-family:宋体\">通过查阅资料及学习，初步搭建商城管理平台基础架构的界面。</span><span style=\"font-size:16px;line-height:125%;font-family:宋体\">对系统进行总体设计，画出总体结构图。 </span></p><p style=\"line-height:125%\"><span style=\"font-size: 16px;line-height:125%;font-family:宋体\">7. </span><span style=\"font-size:16px;line-height:125%;font-family:宋体\">第九周至第十一周：</span><span style=\"font-size:16px;line-height:125%;font-family:宋体\">完成后台服务管理模块的</span><span style=\"font-size:16px;line-height:125%;font-family:宋体\">编写，测试用例文档，并记录测试结果；分析测试结果，纠正错误，完善系统的功能。</span></p><p style=\"line-height:125%\"><span style=\"font-size: 16px;line-height:125%;font-family:宋体\">8. </span><span style=\"font-size:16px;line-height:125%;font-family:宋体\">第十二周：撰写论文、修改并定稿 。</span></p><p><br/></p>','<p style=\"line-height:150%\"><span style=\";line-height:150%;font-family:宋体\">[1]</span><span style=\";line-height:150%;font-family:宋体\">张思亮, </span><a href=\"https://www.baidu.com/s?wd=%E7%8E%8B%E6%99%93%E5%B3%B0&tn=44039180_cpr&fenlei=mv6quAkxTZn0IZRqIHckPjm4nH00T1Ydnjn1uHfkmWm4nHuWnWnz0ZwV5Hcvrjm3rH6sPfKWUMw85HfYnjn4nH6sgvPsT6KdThsqpZwYTjCEQLGCpyw9Uz4Bmy-bIi4WUvYETgN-TLwGUv3EPHfknjDYrjD\" target=\"https://zhidao.baidu.com/question/_blank\"><span style=\";line-height:150%;font-family:宋体;color:windowtext;text-underline:none\">王晓峰</span></a><span style=\";line-height:150%;font-family:宋体\">, </span><span style=\";line-height:150%;font-family:宋体\">靳瑞勇. 网上购物系统的研发 [J]. </span><a href=\"https://www.baidu.com/s?wd=%E5%95%86%E5%9C%BA%E7%8E%B0%E4%BB%A3%E5%8C%96&tn=44039180_cpr&fenlei=mv6quAkxTZn0IZRqIHckPjm4nH00T1Ydnjn1uHfkmWm4nHuWnWnz0ZwV5Hcvrjm3rH6sPfKWUMw85HfYnjn4nH6sgvPsT6KdThsqpZwYTjCEQLGCpyw9Uz4Bmy-bIi4WUvYETgN-TLwGUv3EPHfknjDYrjD\" target=\"https://zhidao.baidu.com/question/_blank\"><span style=\";line-height:150%;font-family:宋体;color:windowtext;text-underline:none\">商场现代化</span></a><span style=\";line-height:150%;font-family:宋体\">.2008(13):67-67.<br/> [2]</span><span style=\";line-height:150%;font-family: 宋体\">李顺云, 郭劲夫, 杨月辉. 网上购物系统的建设 [J]. </span><a href=\"https://www.baidu.com/s?wd=%E5%95%86%E5%9C%BA%E7%8E%B0%E4%BB%A3%E5%8C%96&tn=44039180_cpr&fenlei=mv6quAkxTZn0IZRqIHckPjm4nH00T1Ydnjn1uHfkmWm4nHuWnWnz0ZwV5Hcvrjm3rH6sPfKWUMw85HfYnjn4nH6sgvPsT6KdThsqpZwYTjCEQLGCpyw9Uz4Bmy-bIi4WUvYETgN-TLwGUv3EPHfknjDYrjD\" target=\"https://zhidao.baidu.com/question/_blank\"><span style=\";line-height:150%;font-family:宋体;color:windowtext;text-underline:none\">商场现代化</span></a><span style=\";line-height:150%;font-family:宋体\">.2008(12):145-146.<br/> [4]</span><span style=\";line-height:150%;font-family: 宋体\">赵姝菊.基于Java Web项目开发之JavaBean应用探究[J].电脑知识与技 术,2012,5(18):20-15.<br/> [5]尹成国. 基于PHP的网上购物系统的设计与实现 [J]. </span><a href=\"https://www.baidu.com/s?wd=%E7%90%BC%E5%B7%9E%E5%AD%A6%E9%99%A2%E5%AD%A6%E6%8A%A5&tn=44039180_cpr&fenlei=mv6quAkxTZn0IZRqIHckPjm4nH00T1Ydnjn1uHfkmWm4nHuWnWnz0ZwV5Hcvrjm3rH6sPfKWUMw85HfYnjn4nH6sgvPsT6KdThsqpZwYTjCEQLGCpyw9Uz4Bmy-bIi4WUvYETgN-TLwGUv3EPHfknjDYrjD\" target=\"https://zhidao.baidu.com/question/_blank\"><span style=\";line-height:150%;font-family:宋体;color:windowtext;text-underline:none\">琼州学院学报</span></a><span style=\";line-height:150%;font-family:宋体\">.2008,15(2):39-41.</span><span style=\"font-size:16px;line-height:150%;font-family:宋体\"> [4]Vaquero&nbsp;LM;Merino&nbsp;LR;Caceres&nbsp;J.&nbsp;A&nbsp;break&nbsp;in&nbsp;the&nbsp;clouds:towards&nbsp;a&nbsp;cloud&nbsp;definition&nbsp;2009.(01</span></p><p><span style=\"font-size:14px;line-height:150%;font-family:宋体\"><br/></span></p><p><br/></p>',379,169,2019),(30,'<p style=\"text-indent:37px;line-height:125%\"><span style=\"font-size:19px;line-height:125%;font-family: 宋体\">论文研究内容：</span></p><p style=\"line-height:125%\"><span style=\"font-size:19px;line-height:125%;font-family:宋体\">基于WIFI探针的商业大数据分析技术，其中包括：</span><span style=\"font-size:19px;line-height:125%;font-family:宋体\">搭建</span><span style=\"font-size:19px;line-height:125%\">R</span><span style=\"font-size:19px;line-height:125%;font-family:宋体\">语言</span><span style=\"font-size:19px;line-height:125%\">+Hadoop </span><span style=\"font-size:19px;line-height:125%;font-family:宋体\">离线计算平台环境、分析用户数据，设计并实现门前人流量、进店客流量、进入跳出量、新老顾客数量及新增量等离线计算模型、模型的可视化展示、系统构建、界面模型设计数据采集。界面模型功能如下：</span></p><p><span style=\"font-size:19px;font-family:宋体\">1</span><span style=\"font-size:19px;font-family:宋体\">）客流量：店铺或区域整体客流及趋势</span></p><p style=\"margin-left: 37px\"><span style=\"font-size:19px;font-family:宋体\">2</span><span style=\"font-size:19px;font-family:宋体\">）入店量：进入店铺或区域的客流及趋势</span></p><p style=\"margin-left: 37px\"><span style=\"font-size:19px;font-family:宋体\">3</span><span style=\"font-size:19px;font-family:宋体\">）入店率：进入店铺或区域的客流占全部客流的比例及趋势</span></p><p style=\"margin-left: 37px\"><span style=\"font-size:19px;font-family:宋体\">4</span><span style=\"font-size:19px;font-family:宋体\">）来访周期：进入店铺或区域的顾客距离上次来店的间隔</span></p><p style=\"margin-left: 37px\"><span style=\"font-size:19px;font-family:宋体\">5</span><span style=\"font-size:19px;font-family:宋体\">）新老顾客：一定时间段内首次/两次以上进入店铺的顾客</span></p><p style=\"margin-left: 37px\"><span style=\"font-size:19px;font-family:宋体\">6</span><span style=\"font-size:19px;font-family:宋体\">）顾客活跃度：按顾客距离上次来访间隔,划分为不同活跃度（高活跃度、中活跃度、低活跃度、沉睡活跃度）</span></p><p style=\"margin-left: 37px\"><span style=\"font-size:19px;font-family:宋体\">7</span><span style=\"font-size:19px;font-family:宋体\">）驻店时长：进入店铺的顾客在店内的停留时长</span></p><p style=\"margin-left: 37px\"><span style=\"font-size:19px;font-family:宋体\">8</span><span style=\"font-size:19px;font-family:宋体\">）跳出率：进入店铺后很快离店的顾客及占比(占总体客流)</span></p><p style=\"margin-left: 37px\"><span style=\"font-size:19px;font-family:宋体\">9</span><span style=\"font-size:19px;font-family:宋体\">）深访率：进入店铺深度访问的顾客及占比(占总体客流)&nbsp; </span></p><p style=\"line-height:125%\"><span style=\"font-size:19px;line-height:125%;font-family:宋体\">论文研究要求：</span></p><p style=\"text-indent:37px\"><span style=\"font-size:19px;font-family:宋体\">综合运用大学所学的《软件工程</span><span style=\"font-size:19px\">1</span><span style=\"font-size:19px;font-family:宋体\">》、《</span><span style=\"font-size:19px\">Javaee</span><span style=\"font-size:19px;font-family:宋体\">程序设计》、《数据库原理》等课程知识以及通过其他技术性书籍完成下述要求：</span></p><p><span style=\"font-size:19px\">1</span><span style=\"font-size:19px;font-family:宋体\">．查找或阅读某方面的资料、文献等</span></p><p><span style=\"font-size:19px\">2</span><span style=\"font-size:19px;font-family:宋体\">．做好完成作品所需的技术准备</span></p><p><span style=\"font-size:19px\">3</span><span style=\"font-size:19px;font-family:宋体\">．完成</span><span style=\"font-size:19px;font-family:宋体\">基于WIFI探针的商业大数据分析技术</span><span style=\"font-size:19px;font-family:宋体\">作品，并在编写代码、书写文档等方面具备实际应用能力</span></p><p><span style=\"font-size:19px\">4</span><span style=\"font-size:19px;font-family:宋体\">．按时参加毕业设计小组讨论</span></p><p><span style=\"font-size:19px\">5</span><span style=\"font-size:19px;font-family:宋体\">．提交满足梧州学院工科毕业设计所要求的论文及作品</span></p><p><br/></p>','<p style=\"text-indent:37px;line-height:125%\"><span style=\"font-size:19px;line-height:125%;font-family: 宋体\">论文研究内容：</span></p><p style=\"line-height:125%\"><span style=\"font-size:19px;line-height:125%;font-family:宋体\">基于WIFI探针的商业大数据分析技术，其中包括：</span><span style=\"font-size:19px;line-height:125%;font-family:宋体\">搭建</span><span style=\"font-size:19px;line-height:125%\">R</span><span style=\"font-size:19px;line-height:125%;font-family:宋体\">语言</span><span style=\"font-size:19px;line-height:125%\">+Hadoop </span><span style=\"font-size:19px;line-height:125%;font-family:宋体\">离线计算平台环境、分析用户数据，设计并实现门前人流量、进店客流量、进入跳出量、新老顾客数量及新增量等离线计算模型、模型的可视化展示、系统构建、界面模型设计数据采集。界面模型功能如下：</span></p><p><span style=\"font-size:19px;font-family:宋体\">1</span><span style=\"font-size:19px;font-family:宋体\">）客流量：店铺或区域整体客流及趋势</span></p><p style=\"margin-left: 37px\"><span style=\"font-size:19px;font-family:宋体\">2</span><span style=\"font-size:19px;font-family:宋体\">）入店量：进入店铺或区域的客流及趋势</span></p><p style=\"margin-left: 37px\"><span style=\"font-size:19px;font-family:宋体\">3</span><span style=\"font-size:19px;font-family:宋体\">）入店率：进入店铺或区域的客流占全部客流的比例及趋势</span></p><p style=\"margin-left: 37px\"><span style=\"font-size:19px;font-family:宋体\">4</span><span style=\"font-size:19px;font-family:宋体\">）来访周期：进入店铺或区域的顾客距离上次来店的间隔</span></p><p style=\"margin-left: 37px\"><span style=\"font-size:19px;font-family:宋体\">5</span><span style=\"font-size:19px;font-family:宋体\">）新老顾客：一定时间段内首次/两次以上进入店铺的顾客</span></p><p style=\"margin-left: 37px\"><span style=\"font-size:19px;font-family:宋体\">6</span><span style=\"font-size:19px;font-family:宋体\">）顾客活跃度：按顾客距离上次来访间隔,划分为不同活跃度（高活跃度、中活跃度、低活跃度、沉睡活跃度）</span></p><p style=\"margin-left: 37px\"><span style=\"font-size:19px;font-family:宋体\">7</span><span style=\"font-size:19px;font-family:宋体\">）驻店时长：进入店铺的顾客在店内的停留时长</span></p><p style=\"margin-left: 37px\"><span style=\"font-size:19px;font-family:宋体\">8</span><span style=\"font-size:19px;font-family:宋体\">）跳出率：进入店铺后很快离店的顾客及占比(占总体客流)</span></p><p style=\"margin-left: 37px\"><span style=\"font-size:19px;font-family:宋体\">9</span><span style=\"font-size:19px;font-family:宋体\">）深访率：进入店铺深度访问的顾客及占比(占总体客流)&nbsp; </span></p><p style=\"line-height:125%\"><span style=\"font-size:19px;line-height:125%;font-family:宋体\">论文研究要求：</span></p><p style=\"text-indent:37px\"><span style=\"font-size:19px;font-family:宋体\">综合运用大学所学的《软件工程</span><span style=\"font-size:19px\">1</span><span style=\"font-size:19px;font-family:宋体\">》、《</span><span style=\"font-size:19px\">Javaee</span><span style=\"font-size:19px;font-family:宋体\">程序设计》、《数据库原理》等课程知识以及通过其他技术性书籍完成下述要求：</span></p><p><span style=\"font-size:19px\">1</span><span style=\"font-size:19px;font-family:宋体\">．查找或阅读某方面的资料、文献等</span></p><p><span style=\"font-size:19px\">2</span><span style=\"font-size:19px;font-family:宋体\">．做好完成作品所需的技术准备</span></p><p><span style=\"font-size:19px\">3</span><span style=\"font-size:19px;font-family:宋体\">．完成</span><span style=\"font-size:19px;font-family:宋体\">基于WIFI探针的商业大数据分析技术</span><span style=\"font-size:19px;font-family:宋体\">作品，并在编写代码、书写文档等方面具备实际应用能力</span></p><p><span style=\"font-size:19px\">4</span><span style=\"font-size:19px;font-family:宋体\">．按时参加毕业设计小组讨论</span></p><p><span style=\"font-size:19px\">5</span><span style=\"font-size:19px;font-family:宋体\">．提交满足梧州学院工科毕业设计所要求的论文及作品</span></p><p><br/></p>','<p style=\"text-indent:16px\"><span style=\";line-height:150%\">[1] </span><span style=\";line-height:150%\">熊忠阳.面向商业智能的并行数据挖掘技术及应用研究，重庆大学，2004.</span></p><p style=\"text-indent:16px\">[2]蔡洪山.大数据分析中的聚类算法研究[J]. 安徽理工大学，2015，08.098.</p><p style=\"text-indent:16px\">[3]高洪,杨庆平,黄震江.基于Hadoop平台的大数据分析关键技术标准化探讨[J]. 期刊，中兴通讯业务研究院，2014.</p><p style=\"text-indent:16px\">[4]陈明.基于大数据分析的景区消费行为影响因素研究--以南宁大明山风景区为例[D]. 硕士学位论文，广西大学，2012.</p><p style=\"text-indent:16px\">[5]田元元.城市文化资源数字化平台构建及其大数据分析引擎实现[M]. 西安电子科技大学, 2014: 17-165.</p><p style=\"text-indent:16px\">[6]刘佳璐，周传生.基于Hadoop分布式个性化推荐算法的设计与实现.黑龙江科技信息. 期刊, 2017.</p><p style=\"text-indent:16px\"><span style=\";line-height:150%\">[1] </span><span style=\";line-height:150%\">熊忠阳.面向商业智能的并行数据挖掘技术及应用研究，重庆大学，2004.</span></p><p style=\"text-indent:16px\">[2]蔡洪山.大数据分析中的聚类算法研究[J]. 安徽理工大学，2015，08.098.</p><p style=\"text-indent:16px\">[3]高洪,杨庆平,黄震江.基于Hadoop平台的大数据分析关键技术标准化探讨[J]. 期刊，中兴通讯业务研究院，2014.</p><p style=\"text-indent:16px\">[4]陈明.基于大数据分析的景区消费行为影响因素研究--以南宁大明山风景区为例[D]. 硕士学位论文，广西大学，2012.</p><p style=\"text-indent:16px\">[5]田元元.城市文化资源数字化平台构建及其大数据分析引擎实现[M]. 西安电子科技大学, 2014: 17-165.</p><p style=\"text-indent:16px\">[6]刘佳璐，周传生.基于Hadoop分布式个性化推荐算法的设计与实现.黑龙江科技信息. 期刊, 2017.</p><p><br/></p>',398,196,2019),(31,'<p style=\"text-indent:37px;line-height:125%\"><span style=\"font-size:19px;line-height:125%;font-family: 宋体\">论文研究内容：</span></p><p style=\"text-indent:37px;line-height:125%\"><span style=\"font-size:19px;line-height:125%;font-family: 宋体\">离线计算技术</span><span style=\"font-size:19px;line-height:125%;font-family:宋体\">基于WIFI探针的商业大数据分析技术，其中包括：</span></p><p style=\"text-indent:37px;line-height:125%\"><span style=\"font-size:19px;line-height:125%;font-family: 宋体\">论文研究要求：</span></p><p style=\"text-indent:37px\"><span style=\"font-size:19px;font-family:宋体\">综合运用大学所学的《软件工程1》、《Javaee程序设计》、《数据库原理》、《web程序设计》等课课程知识完成下述要求：</span></p><p><span style=\"font-size:19px;font-family:宋体\">1</span><span style=\"font-size:19px;font-family:宋体\">．查找或阅读某方面的资料、文献等</span></p><p><span style=\"font-size:19px;font-family:宋体\">2</span><span style=\"font-size:19px;font-family:宋体\">．做好完成作品所需的技术准备</span></p><p><span style=\"font-size:19px;font-family:宋体\">3</span><span style=\"font-size:19px;font-family:宋体\">．完成基于WIFI探针的商业大数据分析技术作品，并在编写代码、书写文档等方面具备实际应用能力</span></p><p><span style=\"font-size:19px;font-family:宋体\">4</span><span style=\"font-size:19px;font-family:宋体\">．按时参加毕业设计小组讨论</span></p><p><span style=\"font-size:19px;font-family:宋体\">5</span><span style=\"font-size:19px;font-family:宋体\">．提交满足梧州学院工科毕业设计所要求的论文及作品</span></p><p><br/></p>','<p style=\"text-indent:37px;line-height:125%\"><span style=\"font-size:19px;line-height:125%;font-family: 宋体\">第一阶段：查找文献和收集资料，了解基于WIFI探针的商业大数据分析技术的开发环境以及开发流程，确定论文的选题方向和研究方法。</span></p><p style=\"text-indent:37px;line-height:125%\"><span style=\"font-size:19px;line-height:125%;font-family: 宋体\">第二阶段：整理相关资料，撰写任务书和开题报告，然后进行开题报告，向评审老师阐述自己的课题设计及思路，确定课题的可行性，最后确定论文题目和设计要求。</span></p><p style=\"text-indent:37px;line-height:125%\"><span style=\"font-size:19px;line-height:125%;font-family: 宋体\">第三阶段：确立论文写作大纲和功能设计大纲，并对软硬件进行总体与详细设计。</span></p><p style=\"text-indent:37px;line-height:125%\"><span style=\"font-size:19px;line-height:125%;font-family: 宋体\">第四阶段：开始对系统功能进行编码实现、测试。整理出论文初稿。</span></p><p style=\"text-indent:37px;line-height:125%\"><span style=\"font-size:19px;line-height:125%;font-family: 宋体\">第五阶段：修改以及完善系统功能。进一步撰写论文。将论文发给指导老师审核，获取修改意见，做相关修改。</span></p><p style=\"text-indent:37px;line-height:125%\"><span style=\"font-size:19px;line-height:125%;font-family: 宋体\">第六阶段：最后对系统和论文进行最后修改和整理，以确保论文格式的正确和系统的正常运行，并为答辩做准备。</span></p><p><br/></p>','',395,196,2019),(32,'<p style=\"line-height:150%\"><span style=\"font-size:16px;line-height:150%;font-family:宋体\">运用大学所学课程《网页设计》、《数据库原理》、《软件系统建模与设计》等课程的学习来完成基于</span><span style=\"font-size:16px;line-height:150%\">html5</span><span style=\"font-size:16px;line-height:150%;font-family:宋体\">的校园服装租赁平台的设计与实现。</span></p><p style=\"text-indent:16px;line-height:150%\"><span style=\"font-size:16px;line-height:150%;font-family: 宋体\">论文内容：课题</span><span style=\"font-size:16px;line-height:150%;font-family:宋体\">是基于html5的校园服装租赁平台，该课题的研究致力于方便校园生活，面向大学生个人或社团，现在的大学生都喜欢更好的互动，喜欢对于用户有反馈的动态网站，可以享受互动的过程，因此html5拥有很多API允许创建更好的用户体验。</span><span style=\"font-size:16px;line-height:150%;font-family:宋体\">该课题研究的平台中，采取平价租赁的定价方式，更加透明直接，减少服装租赁所花费的时间和成本，更大化的降低了学生对衣着的物质消费。</span></p><p style=\"margin-left:40px;line-height: 150%\"><span style=\"font-size:16px;line-height:150%\">1.<span style=\"font-variant-numeric: normal;font-stretch: normal;font-size: 9px;line-height: normal;font-family: &#39;Times New Roman&#39;\">&nbsp;&nbsp;&nbsp;&nbsp;&nbsp; </span></span><span style=\"font-size:16px;line-height:150%;font-family:宋体\">论文要求：</span></p><p style=\"margin-left:88px;line-height: 150%\"><span style=\"font-size:16px;line-height:150%\">（1）<span style=\"font-variant-numeric: normal;font-stretch: normal;font-size: 9px;line-height: normal;font-family: &#39;Times New Roman&#39;\">&nbsp;&nbsp;&nbsp; </span></span><span style=\"font-size:16px;line-height:150%;font-family:宋体\">要求能比较深入地研究，要对学校的服装租赁状况进行深入调研与分析，要有充分的文献资料收集、现状综述并用图表表述等；在深入问题的基础上，提出切实、可行、独到的策略。</span></p><p style=\"margin-left:88px;line-height: 150%\"><span style=\"font-size:16px;line-height:150%\">（2）<span style=\"font-variant-numeric: normal;font-stretch: normal;font-size: 9px;line-height: normal;font-family: &#39;Times New Roman&#39;\">&nbsp;&nbsp;&nbsp; </span></span><span style=\"font-size:16px;line-height:150%;font-family:宋体\">思路要清楚，对相关概念理解正确；观点新颖，论据充分，文字通顺。</span></p><p style=\"margin-left:88px;line-height: 150%\"><span style=\"font-size:16px;line-height:150%\">（3）<span style=\"font-variant-numeric: normal;font-stretch: normal;font-size: 9px;line-height: normal;font-family: &#39;Times New Roman&#39;\">&nbsp;&nbsp;&nbsp; </span></span><span style=\"font-size:16px;line-height:150%;font-family:宋体\">毕业论文应依据充分，查阅参考文献应在</span><span style=\"font-size: 16px;line-height:150%\">15</span><span style=\"font-size:16px;line-height: 150%;font-family:宋体\">篇以上，设计的方案应可行，且经济合理，并有所创新。</span></p><p style=\"margin-left:88px;line-height: 150%\"><span style=\"font-size:16px;line-height:150%\">（4）<span style=\"font-variant-numeric: normal;font-stretch: normal;font-size: 9px;line-height: normal;font-family: &#39;Times New Roman&#39;\">&nbsp;&nbsp;&nbsp; </span></span><span style=\"font-size:16px;line-height:150%;font-family:宋体\">注意论文整体内容的协调，前后观点一致，摘要与内容、目录与内容一致。</span></p><p style=\"margin-left:88px;line-height: 150%\"><span style=\"font-size:16px;line-height:150%\">（5）<span style=\"font-variant-numeric: normal;font-stretch: normal;font-size: 9px;line-height: normal;font-family: &#39;Times New Roman&#39;\">&nbsp;&nbsp;&nbsp; </span></span><span style=\"font-size:16px;line-height:150%;font-family:宋体\">要按照有关论文管理制度、格式及要求进行撰写，并提交相关文件和资料。</span></p><p><span style=\"font-size:16px;font-family:宋体\">严格按照论文写作计划进行，在不同阶段分别撰写有关文件。</span></p><p><br/></p>','<p style=\"line-height:150%\"><span style=\"font-size:16px;line-height:150%;font-family:宋体\">第一阶段：到图书馆</span><span style=\"font-size:16px;line-height:150%;font-family:宋体\">搜集并阅读相关资料；搭建工作环境；根据任务书要求，制定毕业设计方案；</span></p><p style=\"text-indent:16px;line-height:150%\"><span style=\"font-size:16px;line-height:150%;font-family: 宋体\">第二阶段：需求分析、系统设计阶段。完成各模块的功能需求分析、概要设计和详细设计；</span></p><p style=\"text-indent:16px;line-height:150%\"><span style=\"font-size:16px;line-height:150%;font-family: 宋体\">第三阶段：编码、单元测试阶段。完成各个模块的编码开发，并进行单元测试；</span></p><p style=\"text-indent:16px;line-height:150%\"><span style=\"font-size:16px;line-height:150%;font-family: 宋体\">第四阶段：系统集成测试阶段。完成各模块的集成测试。</span></p><p style=\"text-indent:16px;line-height:150%\"><span style=\"font-size:16px;line-height:150%;font-family: 宋体\">第五阶段：收集实践中的资料和数据，整理文献，形成毕业论文初稿；</span></p><p style=\"text-indent:16px;line-height:150%\"><span style=\"font-size:16px;line-height:150%;font-family: 宋体\">第六阶段：论文修改与定稿，进行格式调整，答辩前准备工作；</span></p><p style=\"text-indent:16px;line-height:150%\"><span style=\"font-size:16px;line-height:150%;font-family: 宋体\">第七阶段：参加毕业设计答辩。</span></p><p><br/></p>','<p style=\"text-indent:16px;line-height:150%\"><span style=\"font-size: 16px;line-height: 150%;font-family: 宋体\">[1] </span><span style=\"font-size: 16px;line-height: 150%;font-family: 宋体;background: white\">李珊. 数据库设计在网站管理系统中的应用[J].信息与电脑(理论版),2016, 21:170-171.</span></p><p style=\"text-indent:16px;line-height:150%\"><span style=\"font-size: 16px;line-height: 150%;font-family: 宋体\">[2] </span><span style=\"font-size: 16px;line-height: 150%;font-family: 宋体;background: white\">郭雨龙.基于HTML5应用的Chrome浏览器安全支付插件设计[D].硕士,西安电子科技大学,2015.</span></p><p style=\"text-indent:16px;line-height:150%\"><span style=\"font-size: 16px;line-height: 150%;font-family: 宋体\">[3]</span> <span style=\"font-size: 16px;line-height: 150%;font-family: 宋体;background: white\">尹强.国内外高校网站信息质量研究综述[N]. 山西青年报,2014-02-09(016).</span></p><p style=\"text-indent:16px;line-height:150%\"><span style=\"font-size: 16px;line-height: 150%;font-family: 宋体\">[4] </span><span style=\"font-size: 16px;line-height: 150%;font-family: 宋体;background: white\">于华.网站结构优化方案的设计与实现[J]. 现代计算机(专业版),2017, 20:82-84.</span></p><p style=\"text-indent:16px;line-height:150%\"><span style=\"font-size: 16px;line-height: 150%;font-family: 宋体\">[5] </span><span style=\"font-size: 16px;line-height: 150%;font-family: 宋体;background: white\">张斌. 学院网站后台管理系统[D].硕士,天津大学,2014.</span></p><p><span style=\"font-size: 16px;font-family: 宋体\">[6] </span><span style=\"font-size: 16px;font-family: 宋体\">唐清安,董启雄,韩平.网站建设与维护[M].北京:国防工业出版社,2012.</span></p><p><br/></p>',409,199,2019),(33,'<p style=\"text-indent:37px\"><span style=\"font-size:19px;font-family:宋体\">综合运用大学所学的《软件工程》/《面向对象程序设计》/《数据库原理》等课课程知识完成下述要求</span><span style=\"font-size:19px;font-family:宋体\">：</span></p><p><span style=\"font-size:19px\">1.</span><span style=\"font-size:19px;font-family:宋体\">查阅相关文献资料，了解当前大学生社团活动举办的现状。</span></p><p><span style=\"font-size:19px;font-family:宋体\">2.</span><span style=\"font-size:19px;font-family:宋体\">研究活动签到问题、研究采用微信公众号预设或实时投票方式、研究活动管理过程。</span></p><p><span style=\"font-size:19px\">3.</span><span style=\"font-size:19px;font-family:宋体\">按时参加毕业设计小组讨论</span></p><p><span style=\"font-size:19px\">4.</span><span style=\"font-size:19px;font-family:宋体\">提交满足梧州学院工科毕业设计所要求的论文及作品、</span></p><p><br/></p>','<p><span style=\"font-size:19px;font-family:宋体\">第一阶段:认真查找资料、方案和查阅相关文献，论证分析论文的可行性、实际性，确定论文题目。</span></p><p><span style=\"font-size:19px;font-family: 宋体\">第二阶段:</span><span style=\"font-size:19px;font-family:宋体\">拟写论文提纲，准备开题报告并撰写完成。</span></p><p><span style=\"font-size:19px;font-family: 宋体\">第三阶段:</span><span style=\"font-size:19px;font-family:宋体\">对所选的课题做需求分析。整理并得出系统的功能块，确定开发的环境，整合已有资料并开始整理论文。</span></p><p style=\"line-height: 125%\"><span style=\"font-size: 19px;line-height:125%;font-family:宋体\">第四阶段</span><span style=\"font-size:19px;line-height:125%;font-family:宋体\">:</span><span style=\"font-size:19px;line-height:125%;font-family:宋体\">上网查找文献和收集资料，对已有应用进行分析与借鉴，画出总体的软件结构图，确定各个组成模块的功能的划分。继续编写论文。</span></p><p style=\"line-height: 125%\"><span style=\"font-size: 19px;line-height:125%;font-family:宋体\">第五阶段</span><span style=\"font-size:19px;line-height:125%;font-family:宋体\">:</span><span style=\"font-size:19px;line-height:125%;font-family:宋体\">编写代码，完成系统的界面制作且实现各模块的功能。</span></p><p style=\"line-height: 125%\"><span style=\"font-size: 19px;line-height:125%;font-family:宋体\">第六阶段</span><span style=\"font-size:19px;line-height:125%;font-family:宋体\">:</span><span style=\"font-size:19px;line-height:125%;font-family:宋体\">进行测试，并记录测试结果；分析测试结果，纠正错误，完善系统的功能。继续完善论文。</span></p><p style=\"line-height: 125%\"><span style=\"font-size: 19px;line-height:125%;font-family:宋体\">第七阶段</span><span style=\"font-size:19px;line-height:125%;font-family:宋体\">:</span><span style=\"font-size:19px;line-height:125%;font-family:宋体\">完成论文的初稿部分，向指导老师寻求意见，优化论文的结构，润色语句，修改不当之处，补充不足之处。</span></p><p style=\"line-height:150%\"><span style=\"font-size:19px;line-height:150%;font-family:宋体\">第八阶段</span><span style=\"font-size: 19px;line-height:150%;font-family:宋体\">:</span><span style=\"font-size:19px;line-height:150%;font-family:宋体\">论文资料整合，最终定稿，为最终的答辩做好各方面准备。</span></p><p><br/></p>','<p><span style=\"font-size:19px;font-family:宋体\">[1] </span><span style=\"font-size:19px;font-family:宋体\">黄益辉,任志坚.基于MVC的Web应用系统开发框架[J].电脑与电信,2008,(06):33-35.</span></p><p><span style=\"font-size:19px;font-family:宋体\">[2] </span><span style=\"font-size:19px;font-family:宋体\">刘高原,张国平,胡建红.基于MVC模式的WEB管理信息系统的实现[J].华东交通大学学报,2006,(01):87-90.</span></p><p style=\"line-height:150%\"><span style=\"font-size: 19px;line-height:150%;font-family:宋体\">[3] </span><span style=\"font-size:19px;line-height:150%;font-family:宋体\">张英捷,刘万军.Spring AOP技术在J2EE系统安全性验证中的应用研究[J]. 计算机工程与科学,2008,(08):137-138+149.</span></p><p style=\"line-height:150%\"><span style=\"font-size: 19px;line-height:150%;font-family:宋体\">[4] </span><span style=\"font-size:19px;line-height:150%;font-family:宋体\">刘厚.微信公众平台互动平台的设计与实现[D].湖南大学，2016.</span></p><p style=\"line-height:150%\"><span style=\"font-size: 19px;line-height:150%;font-family:宋体\">[5] </span><span style=\"font-size:19px;line-height:150%;font-family:宋体\">程国民.微信公众平台用户参与行为影响因素研究[D].西南政法大学，2015.</span></p><p><span style=\"font-size:19px;font-family:宋体\">[6] </span><span style=\"font-size:19px;font-family:宋体\">接入指南．微信公众平台开发者文档</span><a href=\"http://mp.weixin.qq.com/wiki/home/index.html\"><span style=\"font-size: 19px;font-family:宋体;color:windowtext;text-underline: none\">http://mp.weixin.qq.com/wiki/home/index.html</span></a></p><p><br/></p>',321,111,2019),(34,'<p><span style=\"font-size:16px;font-family:宋体\">本课题要求设计一个捕鱼达人</span><span style=\"font-size:16px\">2D</span><span style=\"font-size:16px;font-family:宋体\">游戏。对功能模块中表现形式相对丰富、技术特点相对突出的几大功能模块的设计与实现做详细的分析和描述，对捕鱼达人</span><span style=\"font-size:16px\">2D</span><span style=\"font-size:16px;font-family:宋体\">游戏在</span><span style=\"font-size:16px\">cocos2d-x</span><span style=\"font-size:16px;font-family:宋体\">平台的实现做详细的介绍，对项目中开发过程中用到的设计模式和遇到的问题以及针对问题的解决方案进行描述和总结。</span></p><p><br/></p>','<p style=\"text-indent:32px\"><span style=\"font-size:16px;font-family:宋体\">第一阶段：查阅相关文献资料，了解游戏开发的过程。</span></p><p style=\"text-indent:32px\"><span style=\"font-size:16px;font-family:宋体\">第二阶段：进行需求分析。</span></p><p style=\"text-indent:32px\"><span style=\"font-size:16px;font-family:宋体\">第三阶段：确定游戏主要的功能，给出系统模块图，进行概要设计。</span></p><p style=\"text-indent:32px\"><span style=\"font-size:16px;font-family:宋体\">第四阶段：进行详细设计。</span></p><p style=\"text-indent:32px\"><span style=\"font-size:16px;font-family:宋体\">第五阶段：进行编码实现。</span></p><p style=\"text-indent:32px\"><span style=\"font-size:16px;font-family:宋体\">第六阶段：进行游戏测试，完善游戏的功能，游戏界面优化。</span></p><p style=\"text-indent:32px\"><span style=\"font-size:16px;font-family:宋体\">第七阶段：整理资料并完成论文。&nbsp;</span></p><p><br/></p>','<p style=\"line-height:150%\"><span style=\";line-height:150%;font-family:&#39;Arial&#39;,sans-serif;color:#333333;background:white\">[1]</span><span style=\";line-height:150%;font-family:宋体;color:#333333;background:white\">滕璞</span><span style=\";line-height:150%;font-family:&#39;Arial&#39;,sans-serif;color:#333333;background:white\">. </span><span style=\";line-height:150%;font-family:宋体;color:#333333;background:white\">基于</span><span style=\";line-height:150%;font-family:&#39;Arial&#39;,sans-serif;color:#333333;background:white\">Cocos2d-x</span><span style=\";line-height:150%;font-family:宋体;color:#333333;background:white\">引擎捕鱼达人多人游戏功能的设计与实现</span><span style=\";line-height:150%;font-family:&#39;Arial&#39;,sans-serif;color:#333333;background:white\">[D].</span><span style=\";line-height:150%;font-family:宋体;color:#333333;background:white\">哈尔滨工业大学</span><span style=\";line-height:150%;font-family:&#39;Arial&#39;,sans-serif;color:#333333;background:white\">,2014.</span></p><p style=\"line-height:150%\"><span style=\";line-height:150%;font-family:&#39;Arial&#39;,sans-serif;color:#333333;background:white\">[1]</span><span style=\";line-height:150%;font-family:宋体;color:#333333;background:white\">禹煜</span><span style=\";line-height:150%;font-family:&#39;Arial&#39;,sans-serif;color:#333333;background:white\">. </span><span style=\";line-height:150%;font-family:宋体;color:#333333;background:white\">基于</span><span style=\";line-height:150%;font-family:&#39;Arial&#39;,sans-serif;color:#333333;background:white\">Cocos2d-x</span><span style=\";line-height:150%;font-family:宋体;color:#333333;background:white\">引擎的移动平台捕鱼类游戏的设计与实现</span><span style=\";line-height:150%;font-family:&#39;Arial&#39;,sans-serif;color:#333333;background:white\">[D].</span><span style=\";line-height:150%;font-family:宋体;color:#333333;background:white\">北京交通大学</span><span style=\";line-height:150%;font-family:&#39;Arial&#39;,sans-serif;color:#333333;background:white\">,2014</span></p><p style=\"line-height:150%\"><span style=\";line-height:150%;font-family:&#39;Arial&#39;,sans-serif;color:#333333;background:white\">[3]</span><span style=\";line-height:150%;font-family:宋体;color:#333333;background:white\">李湘一</span><span style=\";line-height:150%;font-family:&#39;Arial&#39;,sans-serif;color:#333333;background:white\">. </span><span style=\";line-height:150%;font-family:宋体;color:#333333;background:white\">基于</span><span style=\";line-height:150%;font-family:&#39;Arial&#39;,sans-serif;color:#333333;background:white\">Android</span><span style=\";line-height:150%;font-family:宋体;color:#333333;background:white\">的“捕鱼达人游戏”的开发</span><span style=\";line-height:150%;font-family:&#39;Arial&#39;,sans-serif;color:#333333;background:white\">[J]. </span><span style=\";line-height:150%;font-family:宋体;color:#333333;background:white\">智能计算机与应用</span><span style=\";line-height:150%;font-family:&#39;Arial&#39;,sans-serif;color:#333333;background:white\">,2015,5(06):92-93+97. [2017-09-12]</span></p><p><br/></p>',397,196,2019),(35,'<p><span style=\"font-size:16px\">&nbsp;</span><span style=\"font-size:19px;font-family:宋体\">本文以基于微信小程序的酒店预订平台为研究对象，采用</span><span style=\"font-size:19px\">ssh</span><span style=\"font-size:19px;font-family: 宋体\">框架和</span><span style=\"font-size:19px\">Java web</span><span style=\"font-size:19px;font-family:宋体\">等技术来实现研究对象的设计与实现。</span></p><p><span style=\"font-size:19px\">&nbsp; </span><span style=\"font-size:19px;font-family:宋体\">首先收集和整理相关技术的资料，并深入学习和研究，然后对系统进行总体设计。最后通过继续深入学习，对系统进行一步步的优化，最后设计出完整的系统。</span></p><p><span style=\"font-size:19px\">&nbsp; </span><span style=\"font-size:19px;font-family:宋体\">主要内容有：</span></p><p><span style=\"font-size:19px\">&nbsp; 1.</span><span style=\"font-size:19px;font-family:宋体\">对酒店预订平台进行需求分析，对系统进行总体设计。</span></p><p><span style=\"font-size:19px\">&nbsp; 2.</span><span style=\"font-size:19px;font-family:宋体\">根据实际项目结合需求分析进行总体设计。</span></p><p><span style=\"font-size:19px\">&nbsp; 3.</span><span style=\"font-size:19px;font-family:宋体\">收集和浏览相关技术的资料，把相关技术应用到实际项目中去。</span></p><p><span style=\"font-size:19px\">&nbsp; 4.</span><span style=\"font-size:19px;font-family:宋体\">结合相关技术和需求分析对系统进行详细设计。</span></p><p><span style=\"font-size:19px\">&nbsp; 5.</span><span style=\"font-size:19px;font-family:宋体\">编写代码实现系统功能。</span></p><p><span style=\"font-size:19px\">&nbsp; 6.</span><span style=\"font-size:19px;font-family:宋体\">对系统进行测试和优化。</span></p><p><br/></p>','<p style=\"margin-left:0;text-indent:0\"><span style=\"font-size:19px\">1.</span><span style=\"font-size:19px;font-family:宋体\">对系统进行需求分析，对论文可行性进行评估。</span></p><p style=\"margin-left:0;text-indent:0\"><span style=\"font-size:19px\">2.</span><span style=\"font-size:19px;font-family:宋体\">确定研究课题，浏览和收集相关技术资料，学习</span><span style=\"font-size:19px\">ssh</span><span style=\"font-size:19px;font-family:宋体\">框架和</span><span style=\"font-size:19px\">Javaweb</span><span style=\"font-size:19px;font-family:宋体\">等相关技术。</span></p><p style=\"margin-left:0;text-indent:0\"><span style=\"font-size:19px\">3.</span><span style=\"font-size:19px;font-family:宋体\">编写代码以实现系统对应功能。</span></p><p style=\"margin-left:0;text-indent:0\"><span style=\"font-size:19px\">4.</span><span style=\"font-size:19px;font-family:宋体\">整理出论文初稿。</span></p><p style=\"margin-left:0;text-indent:0\"><span style=\"font-size:19px\">5.</span><span style=\"font-size:19px;font-family:宋体\">调试运行系统，并同步更新论文进度。</span></p><p style=\"margin-left:0;text-indent:0\"><span style=\"font-size:19px\">6.</span><span style=\"font-size:19px;font-family:宋体\">对系统进行测试和优化，最终定稿完成论文。</span></p><p><br/></p>','<p style=\"margin-left:28px\"><span style=\"font-size:16px;font-family:宋体\">[1] </span><span style=\"font-size:16px;font-family:宋体\">董姌</span><span style=\"font-size:16px\">. </span><span style=\"font-size:16px;font-family: 宋体\">基于移动互联网的智能停车位管理应用</span><span style=\"font-size:16px\">[J]. </span><span style=\"font-size:16px;font-family:宋体\">互联网天地</span><span style=\"font-size:16px\">,2012,(11):48-50.</span></p><p style=\"margin-left:28px\"><span style=\"font-size:16px;font-family:宋体\">[2] </span><span style=\"font-size:16px;font-family:宋体\">关运通</span><span style=\"font-size:16px\">,</span><span style=\"font-size:16px;font-family: 宋体\">杨东健</span><span style=\"font-size:16px\">,</span><span style=\"font-size:16px;font-family:宋体\">王硕</span><span style=\"font-size:16px\">,</span><span style=\"font-size:16px;font-family:宋体\">刘红日</span><span style=\"font-size:16px\">,</span><span style=\"font-size:16px;font-family: 宋体\">王敏</span><span style=\"font-size:16px\">. </span><span style=\"font-size:16px;font-family:宋体\">基于智能交通的城市停车位管理系统</span><span style=\"font-size: 16px\">[J]. </span><span style=\"font-size:16px;font-family:宋体\">中国新通信</span><span style=\"font-size:16px\">,2017,(05):26.</span></p><p style=\"margin-left:28px\"><span style=\"font-size:16px;font-family:宋体\">[3] </span><span style=\"font-size:16px;font-family:宋体\">张海涛</span><span style=\"font-size:16px\">. </span><span style=\"font-size:16px;font-family: 宋体\">基于</span><span style=\"font-size:16px\">Android</span><span style=\"font-size:16px;font-family:宋体\">和物联网的自助收费停车控制系统的设计</span><span style=\"font-size: 16px\">[D].</span><span style=\"font-size:16px;font-family:宋体\">西南交通大学</span><span style=\"font-size:16px\">,2017.</span></p><p style=\"margin-left:28px\"><span style=\"font-size:16px;font-family:宋体\">[4] </span><span style=\"font-size:16px;font-family:宋体\">韩宝强</span><span style=\"font-size:16px\">. SSH</span><span style=\"font-size:16px;font-family: 宋体\">框架原理剖析与学习使用技巧研究</span><span style=\"font-size:16px\">[J]. </span><span style=\"font-size:16px;font-family:宋体\">软件导刊</span><span style=\"font-size:16px\">,2012,(05):5-7.</span></p><p style=\"margin-left:28px\"><span style=\"font-size:16px;font-family:宋体\">[5] </span><span style=\"font-size:16px;font-family:宋体\">李健</span><span style=\"font-size:16px\">,</span><span style=\"font-size:16px;font-family: 宋体\">田立锋</span><span style=\"font-size:16px\">,</span><span style=\"font-size:16px;font-family:宋体\">郭瑞</span><span style=\"font-size:16px\">. Java SSH</span><span style=\"font-size:16px;font-family:宋体\">框架在</span><span style=\"font-size:16px\">Java Web</span><span style=\"font-size:16px;font-family:宋体\">中的应用</span><span style=\"font-size:16px\">[J]. </span><span style=\"font-size:16px;font-family:宋体\">电脑与电信</span><span style=\"font-size:16px\">,2016,(03):69-72.</span></p><p><br/></p>',350,113,2019),(36,'<p><span style=\"font-size:19px;font-family:宋体\">综合运用大学所学的《软件工程》</span><span style=\"font-size: 19px\">/</span><span style=\"font-size:19px;font-family:宋体\">《程序设计》</span><span style=\"font-size:19px\">/</span><span style=\"font-size:19px;font-family:宋体\">《数据库原理》等课课程知识完成一个基于</span><span style=\"font-size:19px\">Web App</span><span style=\"font-size:19px;font-family:宋体\">的公务车辆管理系统，并按以下要求完成系统的设计与实现，以及论文撰写：</span></p><p style=\"text-indent:24px\"><span style=\"font-size:16px;font-family:宋体\">1</span><span style=\"font-size:16px;font-family:宋体\">、阅读驾图、百度地图的开发者文档，详细了解第三方服务的接入步骤；了解目前流行的前端框架；查找有关处理高并发、系统扩展性、多线程任务调度、权限管理等问题的资料。</span></p><p style=\"text-indent:24px\"><span style=\"font-size:16px;font-family:宋体\">2</span><span style=\"font-size:16px;font-family:宋体\">、做好完成作品所需的技术准备。</span></p><p style=\"text-indent:24px\"><span style=\"font-size:16px;font-family:宋体\">3</span><span style=\"font-size:16px;font-family:宋体\">、完成基于Web App的公务车辆管理系统，并在有效的监督公车私用的现象、轻松便捷保障公务出行、降低运营管理成本等方面具备实际应用能力。</span></p><p style=\"text-indent:24px\"><span style=\"font-size:16px;font-family:宋体\">4</span><span style=\"font-size:16px;font-family:宋体\">、按时参加毕业设计小组讨论。</span></p><p style=\"text-indent:24px\"><span style=\"font-size:16px;font-family:宋体\">5</span><span style=\"font-size:16px;font-family:宋体\">、提交满足梧州学院工科毕业设计所要求的论文及作品。</span></p><p><br/></p>','<p style=\"text-indent:24px\"><span style=\"font-size:16px;font-family:宋体\">第一阶段：调研，查阅相关文献和资料。</span></p><p style=\"text-indent:24px\"><span style=\"font-size:16px;font-family:宋体\">第二阶段：制定项目计划，确定系统的开发目标及其可行性。</span></p><p style=\"text-indent:24px\"><span style=\"font-size:16px;font-family:宋体\">第三阶段：确定系统的功能模块，设计数据库并搭建框架环境。</span></p><p style=\"text-indent:24px\"><span style=\"font-size:16px;font-family:宋体\">第四阶段：编写各功能模块的代码并测试。</span></p><p><span style=\"font-size:16px;font-family:宋体\">第五阶段：整理系统相关文档，完成论文。</span></p><p><br/></p>','<p style=\"text-indent:14px;line-height:150%\"><span style=\";line-height: 150%;font-family:宋体\">[1] </span><span style=\";line-height:150%;font-family:宋体\">王宇栋. 公务车辆管理系统的设计和实现[D].电子科技大学,2013.</span></p><p style=\"text-indent:14px;line-height:150%\"><span style=\";line-height: 150%;font-family:宋体\">[2] </span><span style=\";line-height:150%;font-family:宋体\">卻益民. 机关车辆管理系统的分析与设计[D].北京邮电大学,2010.</span></p><p style=\"text-indent:14px;line-height:150%\"><span style=\";line-height: 150%;font-family:宋体\">[3] </span><span style=\";line-height:150%;font-family:宋体\">曾超宇,李金香.Redis在高速缓存系统中的应用[J].微型机与应用,2013,32(12):11-13.</span></p><p style=\"text-indent:14px;line-height:150%\"><span style=\";line-height: 150%;font-family:宋体\">[4]</span> <span style=\";line-height:150%;font-family:宋体\">格林,夏德瑞,大漠穷秋.用AngularJS开发下一代Web应用[J].中国科技信息,2013.23. </span></p><p style=\"text-indent:14px;line-height:150%\"><span style=\";line-height: 150%;font-family:宋体\">[5] </span><span style=\";line-height:150%;font-family:宋体\">赵思焰.多核多线程下java设计模式性能提升[J].电脑与信息技术,2016,24(06):17-19.</span></p><p style=\"text-indent:14px;line-height:150%\"><span style=\";line-height: 150%;font-family:宋体\">[6] </span><span style=\";line-height:150%;font-family:宋体\">吴限. 基于角色访问控制（RBAC）的Web应用[D].大连理工大学,2002.</span></p><p style=\"text-indent:14px;line-height:150%\"><span style=\";line-height: 150%;font-family:宋体\">[7] </span><span style=\";line-height:150%;font-family:宋体\">吴宗东.SSH框架下的Web应用系统开发与研究[J].硅谷,2012,5(14):98-99.</span></p><p><br/></p>',306,187,2019),(37,'<p style=\"margin-left:28px\"><span style=\"font-size:19px\">1.<span style=\"font-variant-numeric: normal;font-stretch: normal;font-size: 9px;line-height: normal;font-family: &#39;Times New Roman&#39;\">&nbsp;&nbsp;&nbsp;&nbsp;&nbsp;&nbsp; </span></span><span style=\"font-size:19px;font-family:宋体\">实现用户的登陆注册功能。</span></p><p style=\"margin-left:28px\"><span style=\"font-size:19px\">2.<span style=\"font-variant-numeric: normal;font-stretch: normal;font-size: 9px;line-height: normal;font-family: &#39;Times New Roman&#39;\">&nbsp;&nbsp;&nbsp;&nbsp;&nbsp;&nbsp; </span></span><span style=\"font-size:19px;font-family:宋体\">实现用户的地址管理功能，让用户对自己的收货地址进行管理</span></p><p style=\"margin-left:28px\"><span style=\"font-size:19px\">3.<span style=\"font-variant-numeric: normal;font-stretch: normal;font-size: 9px;line-height: normal;font-family: &#39;Times New Roman&#39;\">&nbsp;&nbsp;&nbsp;&nbsp;&nbsp;&nbsp; </span></span><span style=\"font-size:19px;font-family:宋体\">实现用户对自己感兴趣的商品收藏的功能</span></p><p style=\"margin-left:28px\"><span style=\"font-size:19px\">4.<span style=\"font-variant-numeric: normal;font-stretch: normal;font-size: 9px;line-height: normal;font-family: &#39;Times New Roman&#39;\">&nbsp;&nbsp;&nbsp;&nbsp;&nbsp;&nbsp; </span></span><span style=\"font-size:19px;font-family:宋体\">实现把商品加入购物车的功能</span></p><p style=\"margin-left:28px\"><span style=\"font-size:19px\">5.<span style=\"font-variant-numeric: normal;font-stretch: normal;font-size: 9px;line-height: normal;font-family: &#39;Times New Roman&#39;\">&nbsp;&nbsp;&nbsp;&nbsp;&nbsp;&nbsp; </span></span><span style=\"font-size:19px;font-family:宋体\">用户购买商品后生成订单</span></p><p style=\"margin-left:28px\"><span style=\"font-size:19px\">6.<span style=\"font-variant-numeric: normal;font-stretch: normal;font-size: 9px;line-height: normal;font-family: &#39;Times New Roman&#39;\">&nbsp;&nbsp;&nbsp;&nbsp;&nbsp;&nbsp; </span></span><span style=\"font-size:19px;font-family:宋体\">完成活动推广专栏</span></p><p style=\"margin-left:28px\"><span style=\"font-size:19px\">7.<span style=\"font-variant-numeric: normal;font-stretch: normal;font-size: 9px;line-height: normal;font-family: &#39;Times New Roman&#39;\">&nbsp;&nbsp;&nbsp;&nbsp;&nbsp;&nbsp; </span></span><span style=\"font-size:19px;font-family:宋体\">推送优惠信息给用户</span></p><p style=\"margin-left:28px\"><span style=\"font-size:19px\">8.<span style=\"font-variant-numeric: normal;font-stretch: normal;font-size: 9px;line-height: normal;font-family: &#39;Times New Roman&#39;\">&nbsp;&nbsp;&nbsp;&nbsp;&nbsp;&nbsp; </span></span><span style=\"font-size:19px;font-family:宋体\">领取优惠券</span></p><p style=\"margin-left:28px\"><span style=\"font-size:19px\">9.<span style=\"font-variant-numeric: normal;font-stretch: normal;font-size: 9px;line-height: normal;font-family: &#39;Times New Roman&#39;\">&nbsp;&nbsp;&nbsp;&nbsp;&nbsp;&nbsp; </span></span><span style=\"font-size:19px;font-family:宋体\">生成商品二维码</span></p><p><br/></p>','<p style=\"text-indent:32px\"><span style=\"font-size:16px;font-family:宋体\">第一阶段：完成app基本ui的设计和界面的编写</span></p><p style=\"text-indent:32px\"><span style=\"font-size:16px;font-family:宋体\">第二阶段：完成用户登陆注册和商品的展示，以及收藏商品</span></p><p style=\"text-indent:32px\"><span style=\"font-size:16px;font-family:宋体\">第三阶段：完成商品加入购物车和下单，支付等功能</span></p><p style=\"text-indent:32px\"><span style=\"font-size:16px;font-family:宋体\">第四阶段：完成活动推广专栏</span></p><p style=\"text-indent:32px\"><span style=\"font-size:16px;font-family:宋体\">第五阶段：对系统进行测试</span></p><p><br/></p>','<p style=\"margin-left:28px;line-height: 125%\"><span style=\";line-height:125%;font-family:宋体\">1.<span style=\"font-variant-numeric: normal;font-stretch: normal;font-size: 9px;line-height: normal;font-family: &#39;Times New Roman&#39;\">&nbsp;&nbsp; </span></span><span style=\";line-height:125%;font-family:宋体\">Season_zlc. </span><span style=\";line-height:125%;font-family:宋体\">给初学者的RxJava2.0教程[Z].简书.</span></p><p style=\"margin-left:28px;line-height: 125%\"><span style=\"line-height: 125%;font-family: 宋体\">2.<span style=\"font-variant-numeric: normal;font-stretch: normal;font-size: 9px;line-height: normal;font-family: &#39;Times New Roman&#39;\">&nbsp;&nbsp; </span></span><span style=\"line-height: 125%;font-family: 宋体;background: white\">田聪. 基于ANDROID的移动电商(随手优惠)系统的设计与实现[D]. 南京大学, 2015.</span></p><p style=\"margin-left:28px;line-height: 125%\"><span style=\";line-height:125%;font-family:宋体\">3.<span style=\"font-variant-numeric: normal;font-stretch: normal;font-size: 9px;line-height: normal;font-family: &#39;Times New Roman&#39;\">&nbsp;&nbsp; </span></span><span style=\";line-height:125%;font-family:宋体\">Google. </span><span style=\";line-height:125%;font-family:宋体\">谷歌官方MVP框架Demo [Z].</span></p><p style=\"margin-left:28px;line-height: 125%\"><span style=\";line-height:125%;font-family:宋体\">4.<span style=\"font-variant-numeric: normal;font-stretch: normal;font-size: 9px;line-height: normal;font-family: &#39;Times New Roman&#39;\">&nbsp;&nbsp; </span></span><span style=\";line-height:125%;font-family:宋体\">陈刚. 基于安卓的网上购物商城app开发[D].吉林大学,2015.</span></p><p style=\"margin-left:28px;line-height: 125%\"><span style=\"line-height: 125%;font-family: 宋体\">5.<span style=\"font-variant-numeric: normal;font-stretch: normal;font-size: 9px;line-height: normal;font-family: &#39;Times New Roman&#39;\">&nbsp;&nbsp; </span></span><span style=\"line-height: 125%;font-family: 宋体;background: white\">王端义. 基于商脉的B2B电商系统Android客户端的设计与实现—基础功能模块和商脉拓展模块的设计与实现[D]. 东南大学, 2015.</span></p><p style=\"margin-left:28px;line-height: 125%\"><span style=\";line-height:125%;font-family:宋体;color:#333333\">6.<span style=\"font-variant-numeric: normal;font-stretch: normal;font-size: 9px;line-height: normal;font-family: &#39;Times New Roman&#39;\">&nbsp;&nbsp; </span></span><span style=\";line-height:125%;font-family:宋体;color:#333333;background:white\">曾露. MVP模式在Android中的应用研究[J]. 软件,2016,(06):75-78.</span></p><p style=\"margin-left:28px;line-height: 125%\"><span style=\";line-height:125%;font-family:宋体;color:#333333\">7.<span style=\"font-variant-numeric: normal;font-stretch: normal;font-size: 9px;line-height: normal;font-family: &#39;Times New Roman&#39;\">&nbsp;&nbsp; </span></span><span style=\";line-height:125%;font-family:宋体;color:#333333;background:white\">张正龙,陈永政. 浅谈MVP设计模式[J]. 科学咨询(科技·管理),2014,(09):71.</span></p><p style=\"margin-left:28px;line-height: 125%\"><span style=\";line-height:125%;font-family:宋体\">8.<span style=\"font-variant-numeric: normal;font-stretch: normal;font-size: 9px;line-height: normal;font-family: &#39;Times New Roman&#39;\">&nbsp;&nbsp; </span></span><span style=\";line-height:125%;font-family:宋体\">高瑞晴. 基于安卓操作系统的应用软件开发思考[J]. 智能城市,2016,(03):166-167.</span></p><p style=\"margin-left:28px;line-height: 125%\"><span style=\"line-height: 125%;font-family: 宋体\">9.<span style=\"font-variant-numeric: normal;font-stretch: normal;font-size: 9px;line-height: normal;font-family: &#39;Times New Roman&#39;\">&nbsp;&nbsp; </span></span><span style=\"line-height: 125%;font-family: 宋体;background: white\">田柏玉, 庄海涛, 钱旭. 高校网上跳蚤市场Android客户端设计与实现[J]. 计算机科学, 2016, 43(s2):572-574.</span></p><p style=\"margin-left:28px;line-height: 125%\"><span style=\"line-height: 125%;font-family: 宋体\">10.<span style=\"font-variant-numeric: normal;font-stretch: normal;font-size: 9px;line-height: normal;font-family: &#39;Times New Roman&#39;\">&nbsp; </span></span><span style=\"line-height: 125%;font-family: 宋体;background: white\">Dini G, Martinelli F, Matteucci I, et al. Risk analysis of Android applications: A user-centric solution[J]. Future Generation Computer Systems, 2016.</span></p><p style=\"margin-left:28px;line-height: 125%\"><span style=\"line-height: 125%;font-family: 宋体\">11.<span style=\"font-variant-numeric: normal;font-stretch: normal;font-size: 9px;line-height: normal;font-family: &#39;Times New Roman&#39;\">&nbsp; </span></span><span style=\"line-height: 125%;font-family: 宋体;background: white\">Mike Potel. MVP: Model-View-Presenter The Taligent Programming Model for C++ and Java&quot;, Taligent Inc[J]. Taligent Inc, 1996.</span></p><p><br/></p>',403,199,2019),(38,'<p style=\"text-indent:32px;line-height:125%\"><span style=\"font-size:16px;line-height:125%;font-family: 宋体\">本课题的主要目的是设计面向主题的网络爬虫程序，同时需要满足的是具有一定的性能，要考虑到网络爬虫的各种需求。&nbsp;</span></p><p style=\"text-indent:32px\"><span style=\"font-size:16px;font-family:宋体\">网络爬虫应用宽度搜索技术。对url进行分析，去重。网络爬虫使用多线程技术，让爬虫具备更强大的抓取能力。网络爬虫要实现对特定主题的爬取。网络爬虫还要完成信息提取任务，</span><span style=\"font-size:16px;font-family:宋体\">通过爬虫技术，爬取某旅游网站景点的评论（交通线路、住宿餐食、导游讲解、领队服务的评论。）进行舆情分析，然后将最终需要的数据展现出来。</span></p><p style=\"text-indent:32px;line-height:125%\"><span style=\"font-size:16px;line-height:125%;font-family: 宋体\">对网络爬虫的连接网络设置连接及读取时间，避免无限制的等待。研究网络爬虫的原理并实现爬虫的相关功能。&nbsp;</span></p><p style=\"text-indent:32px;line-height:125%\"><span style=\"font-size:16px;line-height:125%;font-family: 宋体\">最终实现的网络爬虫应该能根据设定的主题，从设定的url进行一定深度的搜索，并最终得到需要的数据。</span></p><p><br/></p>','<p style=\"text-indent:32px\"><span style=\"font-size:16px;font-family:宋体\">第一阶段：确定产品开发的目标和可行性。</span></p><p style=\"text-indent:32px\"><span style=\"font-size:16px;font-family:宋体\">第二阶段：调研，查阅相关文献和资料。</span></p><p style=\"text-indent:32px\"><span style=\"font-size:16px;font-family:宋体\">第三阶段：</span><span style=\"font-size: 16px;font-family:宋体\">对系统进行详细的需求分析，并确定功能模块以及数据库的设计。</span></p><p style=\"text-indent:32px\"><span style=\"font-size:16px;font-family:宋体\">第四阶段：编写各功能模块并完成相关测试。</span></p><p style=\"text-indent:32px\"><span style=\"font-size:16px;font-family:宋体\">第五阶段：整理系统相关文档，完成论文。</span></p><p><br/></p>','<p style=\"line-height:150%\"><span style=\";line-height:150%;font-family:宋体\">[1]</span><span style=\";line-height:150%;font-family:宋体\">罗刚&nbsp;王振东．自己动手写网络爬虫[M]．北京：清华大学出版社，2010年10月.&nbsp;</span></p><p style=\"line-height:150%\"><span style=\";line-height:150%;font-family:宋体\">[2]</span><span style=\";line-height:150%;font-family:宋体\">李晓明，闫宏飞，王继民．搜索引擎：原理、技术与系统——华夏英才基金学术文库[M]．北</span></p><p style=\"line-height:150%\"><span style=\";line-height:150%;font-family:宋体\">[3]Winter</span><span style=\";line-height:150%;font-family:宋体\">．中文搜索引擎技术解密：网络蜘蛛&nbsp;[M]．北京：人民邮电出版社，2004年.</span></p><p style=\"line-height:150%\"><span style=\";line-height:150%;font-family:宋体\">[4]&nbsp;</span><span style=\";line-height:150%;font-family:宋体\">万源，万方，王大震．一种并行Crawler系统中的URL分配算法设计口．计</span></p><p style=\"line-height:150%\"><span style=\";line-height:150%;font-family:宋体\">算机工程与应用，2006</span></p><p style=\"line-height:150%\"><span style=\";line-height:150%;font-family:宋体\">[5]&nbsp;</span><span style=\";line-height:150%;font-family:宋体\">蒋宗礼，赵钦，肖华，等．高性能并行爬行器．计算机工程与设计&nbsp;，2006&nbsp;</span></p><p style=\"line-height:150%\"><span style=\";line-height:150%;font-family:宋体\">[6]&nbsp;</span><span style=\";line-height:150%;font-family:宋体\">张三峰，吴国新．一种面向动态异构网络的容错非对称DHT方&nbsp;法．计算机</span></p><p style=\"line-height:150%\"><span style=\";line-height:150%;font-family:宋体\">研究与发展，2007&nbsp;</span></p><p style=\"line-height:150%\"><span style=\";line-height:150%;font-family:宋体\">[7]&nbsp;</span><span style=\";line-height:150%;font-family:宋体\">余锦，史树明．分布式网页排序算法及其传输模式分析．计算机工程与应用，2004&nbsp;</span></p><p style=\"line-height:150%\"><span style=\";line-height:150%;font-family:宋体\">[8]&nbsp;</span><span style=\";line-height:150%;font-family:宋体\">沈贺丹，潘亚楠．关于搜索引擎的研究综述．计算机技术与发展，2006&nbsp;</span></p><p style=\"line-height:150%\"><span style=\";line-height:150%;font-family:宋体\">[9]&nbsp;</span><span style=\";line-height:150%;font-family:宋体\">张敏，高剑峰，马少平．基于链接描述文本及其上下文的Web信息检索．计</span></p><p style=\"line-height:150%\"><span style=\";line-height:150%;font-family:宋体\">算机研究与发展，2004&nbsp;</span></p><p style=\"line-height:150%\"><span style=\";line-height:150%;font-family:宋体\">[10]&nbsp;</span><span style=\";line-height:150%;font-family:宋体\">贺广宜，罗莉．分布式搜索引擎的设计与实现．计算机应用，2003</span></p><p><br/></p>',293,159,2019),(39,'<p><span style=\"font-size:19px;font-family:宋体\">本课题通过了解我国停车现状，利用小区内停车位资源，设计一款方便小区管理员管理停车位以和方便临时停车用户停车的临时停车位管理系统，以达到缓解我国停车难的现状。</span></p><p style=\"text-indent:37px\"><span style=\"font-size:19px;font-family:宋体\">本系统应该具备的基本功能有，管理员可以管理用户信息，对临停车的预定进行审核，停车位信息管理，对停车位进行分类管理，可以分为固定车位和临停车位。固定车位的车主可以向需要临停的车主出租自己的车位，临停车主可以通过本系统查询空余车位，对车位进行预定，在线支付停车费用。车位指引，为了更加方便，智能化的使临停车主停车而设计的功能。</span></p><p><br/></p>','<p style=\"text-indent:37px\"><span style=\"font-size:19px;font-family:宋体\">第一阶段：查阅相关资料文献，熟悉设计内容，提交开题报告。</span></p><p style=\"text-indent:37px\"><span style=\"font-size:19px;font-family:宋体\">第二阶段：理解小区内停车场管理系统的运行。</span></p><p style=\"text-indent:37px\"><span style=\"font-size:19px;font-family:宋体\">第三阶段：进行总体方案设计以及模块化设计。</span></p><p style=\"text-indent:37px\"><span style=\"font-size:19px;font-family:宋体\">第四阶段：详细设计。</span></p><p style=\"text-indent:37px\"><span style=\"font-size:19px;font-family:宋体\">第五阶段：完成设计，进行系统调试。</span></p><p style=\"text-indent:37px\"><span style=\"font-size:19px;font-family:宋体\">第六阶段：程序测试。</span></p><p style=\"text-indent:37px\"><span style=\"font-size:19px;font-family:宋体\">第七阶段：程序验收，完成论文。</span></p><p style=\"text-indent:37px\"><span style=\"font-size:19px;font-family:宋体\">第八阶段：论文答辩。</span></p><p><br/></p>','<p style=\"line-height:125%\"><span style=\"font-size: 16px;line-height:125%\">[1]</span><span style=\"font-size:16px;line-height:125%;font-family:宋体\"> Gallardo, Raymond, The Java tutorial : a short course on the basics 2016 .</span></p><p style=\"line-height:125%\"><span style=\"font-size: 16px;line-height:125%\">[2]</span><span style=\"font-size:16px;line-height: 125%;font-family:宋体\">魏平.基于网络智能化的小区停车位动态管理系统</span><span style=\"font-size:16px;line-height:125%\">[J]</span><span style=\"font-size:16px;line-height:125%;font-family:宋体\">.</span><span style=\"font-size:16px;line-height:125%;font-family:宋体\">山东工业技术，2016.</span></p><p style=\"line-height:125%\"><span style=\"font-size: 16px;line-height:125%\">[3]</span><span style=\"font-size:16px;line-height: 125%;font-family:宋体\">洪源.我国城市停车现状及制度层面分析</span><span style=\"font-size:16px;line-height:125%\">[J]</span><span style=\"font-size:16px;line-height:125%;font-family:宋体\">.</span><span style=\"font-size:16px;line-height:125%;font-family:宋体\">中国证券期货，2011.04.</span></p><p><span style=\"font-size:16px\">[4] </span><span style=\"font-size:16px;font-family:宋体\">王霖</span><span style=\"font-size:16px\">.</span><span style=\"font-size:16px;font-family:宋体\">移动停车车位管理系统的分析与设计</span><span style=\"font-size:16px\">[D].</span><span style=\"font-size:16px;font-family:宋体\">硕士研究生学位论文，</span> <span style=\"font-size:16px;font-family: 宋体\">云南大学</span><span style=\"font-size: 16px\">2013.05.</span></p><p><span style=\"font-size:16px\">[5] </span><span style=\"font-size:16px;font-family:宋体\">刘娜，陈莹</span><span style=\"font-size:16px\">.</span><span style=\"font-size:16px;font-family:宋体\">扬州市居民住宅区停车位现状调查和治理策略研究</span><span style=\"font-size:16px\">[J].</span><span style=\"font-size:16px;font-family:宋体\">经济研究导刊，</span><span style=\"font-size:16px\">2013.04.</span></p><p><span style=\"font-size:16px\">[6] </span><span style=\"font-size:16px;font-family:宋体\">刘建</span><span style=\"font-size:16px\">.</span><span style=\"font-size:16px;font-family:宋体\">已建城市住区停车环境的现状与对策</span><span style=\"font-size:16px\">[D].</span><span style=\"font-size:16px;font-family:宋体\">天津大学，</span><span style=\"font-size:16px\">2008.</span></p><p style=\"line-height:125%\"><span style=\"font-size: 16px;line-height:125%\">[7]</span> <span style=\"font-size:16px;line-height:125%;font-family:宋体\">窦亚星，张明明，张杰，樊霄艳.停车泊位动态分配算法的研究</span><span style=\"font-size:16px;line-height:125%\">[J]</span><span style=\"font-size:16px;line-height:125%;font-family:宋体\">.</span><span style=\"font-size:16px;line-height:125%;font-family:宋体\">郑州轻工业学院学报，2012.06.</span></p><p><br/></p>',286,175,2019),(40,'<p class=\"MsoListParagraph\" style=\"margin-left:52px\"><span style=\"font-size:16px\">1.<span style=\"font-variant-numeric: normal;font-stretch: normal;font-size: 9px;line-height: normal;font-family: &#39;Times New Roman&#39;\">&nbsp;&nbsp;&nbsp;&nbsp;&nbsp; </span></span><span style=\"font-size:16px;font-family:宋体\">对国内外对点餐系统的研究现状简介与分析。</span></p><p class=\"MsoListParagraph\" style=\"margin-left:52px\"><span style=\"font-size:16px\">2.<span style=\"font-variant-numeric: normal;font-stretch: normal;font-size: 9px;line-height: normal;font-family: &#39;Times New Roman&#39;\">&nbsp;&nbsp;&nbsp;&nbsp;&nbsp; </span></span><span style=\"font-size:16px;font-family:宋体\">对微信公众平台的相关技术的介绍。</span></p><p class=\"MsoListParagraph\" style=\"margin-left:52px\"><span style=\"font-size:16px\">3.<span style=\"font-variant-numeric: normal;font-stretch: normal;font-size: 9px;line-height: normal;font-family: &#39;Times New Roman&#39;\">&nbsp;&nbsp;&nbsp;&nbsp;&nbsp; </span></span><span style=\"font-size:16px;font-family:宋体\">对整个点餐系统进行需求分析。</span></p><p class=\"MsoListParagraph\" style=\"margin-left:52px\"><span style=\"font-size:16px\">4.<span style=\"font-variant-numeric: normal;font-stretch: normal;font-size: 9px;line-height: normal;font-family: &#39;Times New Roman&#39;\">&nbsp;&nbsp;&nbsp;&nbsp;&nbsp; </span></span><span style=\"font-size:16px;font-family:宋体\">根据需求对系统进行设计。</span></p><p class=\"MsoListParagraph\" style=\"margin-left:52px\"><span style=\"font-size:16px\">5.<span style=\"font-variant-numeric: normal;font-stretch: normal;font-size: 9px;line-height: normal;font-family: &#39;Times New Roman&#39;\">&nbsp;&nbsp;&nbsp;&nbsp;&nbsp; </span></span><span style=\"font-size:16px;font-family:宋体\">系统实现，确定平台开发模式以及各模块的实现过程。</span></p><p class=\"MsoListParagraph\" style=\"margin-left:52px\"><span style=\"font-size:16px\">6.<span style=\"font-variant-numeric: normal;font-stretch: normal;font-size: 9px;line-height: normal;font-family: &#39;Times New Roman&#39;\">&nbsp;&nbsp;&nbsp;&nbsp;&nbsp; </span></span><span style=\"font-size:16px;font-family:宋体\">系统测试，包括系统的功能测试、性能测试和测试结果及分析。</span></p><p><br/></p>','<p style=\"margin-left: 80px;line-height: 125%\"><span style=\"font-size:16px;line-height:125%;font-family:宋体\">第一阶段：认真查找文献和资料，了解目前我国内外的研究现状和相关技术的动态。整理资料，确定课题研究方向并进一步提炼研究内容。</span></p><p style=\"margin-left: 80px;line-height: 125%\"><span style=\"font-size:16px;line-height:125%;font-family:宋体\">第二阶段：系统的需求与分析，完成相关文档、图、表的制作，提交用户需求规格说明书。</span></p><p style=\"margin-left: 80px;line-height: 125%\"><span style=\"font-size:16px;line-height:125%;font-family:宋体\">第三阶段：系统设计与实现，完成总体设计、详细设计、编码及调试工作，完成用户手册，提交相关文档。整理、撰写论文初稿。</span></p><p style=\"margin-left: 80px;line-height: 125%\"><span style=\"font-size:16px;line-height:125%;font-family:宋体\">第四阶段：系统测试，并根据修改意见修改系统。修改论文并最终定稿。</span></p><p style=\"margin-left: 80px;line-height: 125%\"><span style=\"font-size:16px;line-height:125%;font-family:宋体\">第五阶段：答辩、完善系统及论文，定稿，提交合格的毕业设计档案资料。</span></p><p><br/></p>','<p style=\"margin-left:16px;line-height:125%\"><span style=\"font-size:16px;line-height: 125%;font-family:宋体\">[1]</span><span style=\"font-size:16px;line-height:125%;font-family:宋体\">微信公众平台开发者文档</span></p><p style=\"margin-left:14px;text-indent:14px;line-height:125%\"><a href=\"http://mp.weixin.qq.com/wiki/home/index.html\"><span style=\"font-size:16px;line-height:125%;font-family:宋体;color:windowtext;text-underline:none\">http://mp.weixin.qq.com/wiki/home/index.html</span></a></p><p style=\"line-height:125%\"><span style=\"font-size: 16px;line-height:125%;font-family:宋体\">[2]</span><span style=\"font-size: 16px;line-height: 125%;font-family: 宋体\">刘宏艳. 基于JavaEE的微信营销管理系统的研究与实现[D]. 华北电力大学(北京) 华北电力大学, 2015.</span> </p><p style=\"margin-left:16px;line-height:125%\"><span style=\"font-size:16px;line-height: 125%;font-family:宋体\">[3]</span> <span style=\"font-size: 16px;line-height: 125%;font-family: 宋体\">李黎. 基于SSH的网上商城的设计与实现[D]. 电子科技大学, 2015.</span> </p><p style=\"margin-left:16px;line-height:125%\"><span style=\"font-size:16px;line-height: 125%;font-family:宋体\">[4]</span><span style=\"font-size:16px;line-height:125%;font-family:宋体\">余永红，赵卫滨.智能终端电子点餐系统的设计与实现[J].计算机技术与发展，2015,25(5):187-191</span></p><p style=\"line-height:125%\"><span style=\"font-size: 16px;line-height:125%;font-family:宋体\">[5]</span><span style=\"font-size:16px;line-height: 125%;font-family:宋体\">张翼. 微信公众平台点餐系统设计与研究[J/OL]. 电子制作,2015,(02):89</span></p><p style=\"line-height:22px;background:white\">[6]谭凯祥.基于微信公众平台的点餐系统的设计与实现[D].南京大学，2014</p><p style=\"line-height:22px;background:white\"><span style=\";color:#333333\">[7]</span><span style=\";color:#333333\">吕丽莉.餐饮业电子商务020新运营模式研究[J].中国市场，2014.(10)：59-62 </span></p><p style=\"line-height:22px;background:white\"><span style=\";color:#333333\">[8]</span> 赵旋. 基于Android的餐厅管理系统的设计与实现[D].大连理工大学,2016.</p><p style=\"line-height:22px;background:white\"><span style=\";color:#333333\">[9]</span><span style=\";color:#333333\">王文璞.无线点餐的运行模式研究[J].计算机光盘软件与应用，2013(9):133-144</span></p><p><span style=\"font-size:16px;font-family:宋体;color:#333333\">[10]</span><span style=\"font-size:16px;font-family:宋体;color:#333333\">朱明坤.移动互联网时代手机点餐的生机[J].餐饮世界，2012.(4):25-27</span></p><p><br/></p>',322,111,2019),(41,'<p style=\"margin-left:28px\">1.<span style=\"font-variant-numeric: normal;font-stretch: normal;font-size: 9px;line-height: normal;font-family: &#39;Times New Roman&#39;\">&nbsp;&nbsp; </span>研究基于消费群体的用户行为，掌握用户行为模型的分类。</p><p style=\"margin-left:28px\">2.<span style=\"font-variant-numeric: normal;font-stretch: normal;font-size: 9px;line-height: normal;font-family: &#39;Times New Roman&#39;\">&nbsp;&nbsp; </span>研究IP地址分析、web日志分析和网页浏览日志分析，学会构建用户行为模型；</p><p style=\"margin-left:28px\">3.<span style=\"font-variant-numeric: normal;font-stretch: normal;font-size: 9px;line-height: normal;font-family: &#39;Times New Roman&#39;\">&nbsp;&nbsp; </span>研究如何将行为模型应用到平台，完成实时商品信息推送；</p><p style=\"margin-left:28px\">4.<span style=\"font-variant-numeric: normal;font-stretch: normal;font-size: 9px;line-height: normal;font-family: &#39;Times New Roman&#39;\">&nbsp;&nbsp; </span>通过推送商品信息的点击情况以及购买情况不断完善行为分析模型，研究模型参数的设置方式；</p><p style=\"margin-left:28px\"><strong>5.<span style=\"font-variant-numeric: normal;font-weight: normal;font-stretch: normal;font-size: 9px;line-height: normal;font-family: &#39;Times New Roman&#39;\">&nbsp; </span></strong>生成统计报表，学会分析不同行为模型的优劣；</p><p><br/></p>','<p style=\"text-indent:32px;line-height:120%\"><span style=\"font-size:16px;line-height:120%;font-family: 宋体\">第一阶段：查阅相关资料。</span></p><p style=\"margin-left:112px;line-height:120%\"><span style=\"font-size:16px;line-height:120%;font-family:宋体\">第二阶段：学习地址分析，WEB日志分析和网页浏览日志分析，构建用户行为模型；</span></p><p style=\"margin-left:112px;line-height:120%\"><span style=\"font-size:16px;line-height:120%;font-family:宋体\">第三阶段：将模型应用到平台，进行实时商品推送。</span></p><p style=\"margin-left:112px;line-height:120%\"><span style=\"font-size:16px;line-height:120%;font-family:宋体\">第四阶段：通过商品推荐被点击情况及购买情况，完善行为分析模型。</span></p><p style=\"margin-left:112px;line-height:120%\"><span style=\"font-size:16px;line-height:120%;font-family:宋体\">第五阶段：生成报表，分析不同模型优劣。</span></p><p style=\"text-indent:32px;line-height:120%\"><span style=\"font-size:16px;line-height:120%;font-family: 宋体\">第六阶段：完善系统，完成论文。</span></p><p><br/></p>','<p style=\"line-height:125%\"><span style=\";line-height:125%;font-family:宋体;color:#333333\">[1]</span><span style=\"font-size:16px;line-height:125%;font-family:宋体\">赵亮, 胡乃静, 张守志. 个性化推荐算法设计[J]. 计算机研究与发展, 2002, 39(8):986-991.</span></p><p style=\"line-height:125%\"><span style=\";line-height:125%;font-family:宋体;color:#333333\">[2]</span><span style=\"font-size:16px;line-height:125%;font-family:宋体\">郭磊, 马军, 陈竹敏,等. 一种结合推荐对象间关联关系的社会化推荐算法[J]. 计算机学报, 2014, 37(01):219-228.</span></p><p style=\"line-height:125%\"><span style=\";line-height:125%;font-family:宋体;color:#333333\">[3]</span><span style=\"font-size:16px;line-height:125%;font-family:宋体\">余肖生, 马费成. 网络用户行为模型的构建方法研究[J]. 情报科学, 2011(4):605-608.</span></p><p style=\"line-height:125%\"><span style=\";line-height:125%;font-family:宋体;color:#333333\">[4]</span><span style=\"font-size:16px;line-height:125%;font-family:宋体\">朱智武, 叶晓俊. 数据库用户行为模型与异常检测[C]// 2009国际信息技与应用论坛. 2009.</span></p><p style=\"line-height:125%\"><span style=\";line-height:125%;font-family:宋体;color:#333333\">[5]</span><span style=\"font-size:16px;line-height:125%;font-family:宋体\">程求江, 彭艳兵. 基于用户行为模型的客流量分析与预测[J]. 计算机系统应用, 2015, 24(03):275-279.</span></p><p style=\"line-height:125%\"><span style=\";line-height:125%;font-family:宋体;color:#333333\">[6]</span><span style=\"font-size:16px;line-height:125%;font-family:宋体\">许海玲, 吴潇, 李晓东,等. 互联网推荐系统比较研究[J]. 软件学报, 2009, 20(02):350-362.</span></p><p style=\"line-height:125%\"><span style=\";line-height:125%;font-family:宋体;color:#333333\">[7]</span><span style=\"font-size:16px;line-height:125%;font-family:宋体\">黄创光, 印鉴, 汪静,等. 不确定近邻的协同过滤推荐算法[J]. 计算机学报, 2010, 33(08):1369-1377.</span></p><p style=\"line-height:125%\"><span style=\";line-height:125%;font-family:宋体;color:#333333\">[8]</span><span style=\"font-size:16px;line-height:125%;font-family:宋体\">赵海波, 郁迅, 杨宇航. IP网络地址映射技术的分析和实现[J]. 电子技术应用, 1999, 25(5):44-46.</span></p><p style=\"line-height:125%\"><span style=\";line-height:125%;font-family:宋体;color:#333333\">[9]</span><span style=\"font-size:16px;line-height:125%;font-family:宋体\">宋擒豹, 沈钧毅. Web日志的高效多能挖掘算法[J]. 计算机研究与发展, 2001, 38(03):328-333.</span></p><p style=\"line-height:125%\"><span style=\";line-height:125%;font-family:宋体;color:#333333\">[10]</span><span style=\"font-size:16px;line-height:125%;font-family:宋体\">陈新中, 李岩, 杨炳儒,等. Web日志挖掘技术进展[J]. 系统工程与电子技术, 2003, 25(4):492-495.</span></p><p style=\"line-height:125%\"><span style=\";line-height:125%;font-family:宋体;color:#333333\">[11]</span><span style=\"font-size:16px;line-height:125%;font-family:宋体\">Feng Z J, Xian T, Feng G J. An Optimized Collaborative Filtering Recommendation Algorithm[J]. Journal of Computer Research &amp; Development, 2004, 41(10):1842-1847.</span></p><p style=\"line-height:24px\"><span style=\";font-family:宋体;color:#333333\">[12]Fong A C M, Zhou B, Hui S, et al. Generation of Personalized Ontology Based on Consumer Emotion and Behavior Analysis[J]. IEEE Transactions on Affective Computing, 2012, 3(2):152-164.</span></p><p style=\"line-height:24px\"><span style=\";font-family:宋体;color:#333333\">[13]Deng A L, Zhu Y Y, Shi B L. A Collaborative Filtering Recommendation Algorithm Based on Item Rating Prediction[J]. Journal of Software, 2003, 14(9):54-65.</span></p><p><br/></p>',285,175,2019),(42,'<p style=\"margin-left:48px\"><br/></p><p><span style=\"font-size:16px;font-family:宋体\">1.</span><span style=\"font-size:16px;font-family:宋体\">论文的内容：设计与实现驾校学员管理信息系统。数据库后台采用MySQL 数据库，在使用JavaEE平台的基础上，使用Spring MVC+Spring3.x+Hibernate搭建基础框架构建的一个驾校学员管理信息系统；</span><span style=\"font-size:16px;font-family:宋体\">系统主要实现以下功能：</span></p><p><span style=\"font-size:16px;font-family:宋体\">（</span><span style=\"font-size:16px\">1</span><span style=\"font-size:16px;font-family:宋体\">）学员报名：学员登录系统后可进行网上报名学车。</span></p><p><span style=\"font-size:16px;font-family:宋体\">（</span><span style=\"font-size:16px\">2</span><span style=\"font-size:16px;font-family:宋体\">）考试安排：</span><span style=\"font-size:16px;font-family:宋体\">系统根据学员报名的先后顺序自动生成科目一的待考名单，工作人员根据科目一的考试结果录入成绩，系统自动根据考试结果更新科目一的考试状态，如果考试结果为合格，系统会自动生成下一个科目考试的待考名单，如果考试结果为不合格，系统会自动生成补考名单重新安排科目一考试，直到科目四考完。</span></p><p><span style=\"font-size:16px;font-family:宋体\">（</span><span style=\"font-size:16px\">3</span><span style=\"font-size:16px;font-family:宋体\">）学时登记：驾校工作人员可对学员学时进行登记。</span></p><p><span style=\"font-size:16px;font-family:宋体\">（</span><span style=\"font-size:16px\">4</span><span style=\"font-size:16px;font-family:宋体\">）考试成绩登记：驾校工作人员根据学员的考试结果录入成绩。</span></p><p><span style=\"font-size:16px;font-family:宋体\">（</span><span style=\"font-size:16px\">5</span><span style=\"font-size:16px;font-family:宋体\">）学员信息管理：</span><span style=\"font-size:16px;font-family:宋体\">学员可查看自己的基本信息和报名信息，可对部分信息进行修改；查询考试安排、考试成绩；学员可申请科目教学教练和申请学习课程，查询申请结果。工作人员可处理学员的申请学习课程信息。驾校管理员可对学员信息进行增删查改操作。</span></p><p><span style=\"font-size:16px;font-family:宋体\">（</span><span style=\"font-size:16px\">6</span><span style=\"font-size:16px;font-family:宋体\">）教练信息管理：</span><span style=\"font-size:16px;font-family:宋体\">教练可以查看自己的基本信息，查看自己教的学员的信息，对部分信息进行修改，处理学员的申请信息。驾校管理员可对教练信息，教练下的学员信息进行增删查改操作。</span></p><p><span style=\"font-size:16px;font-family:宋体\">（</span><span style=\"font-size:16px\">7</span><span style=\"font-size:16px;font-family:宋体\">）车辆信息管理：</span><span style=\"font-size:16px;font-family:宋体\">驾校管理员对车辆信息进行单条添加以及支持多条excel表格信息的导入和导出，修改、删除、查询操作，工作人员可登记需要维修的车辆、已送去维修的车辆以及维修好的车辆、正在使用的车辆、使用完毕的车辆。</span></p><p><span style=\"font-size:16px;font-family:宋体\">（</span><span style=\"font-size:16px\">8</span><span style=\"font-size:16px;font-family:宋体\">）发证管理：驾校工作人员根据学员领取驾驶证的情况登记。</span></p><p><span style=\"font-size:16px;font-family:宋体\">（</span><span style=\"font-size:16px\">9</span><span style=\"font-size:16px;font-family:宋体\">）系统管理：分为普通用户的功能和系统管理员执行的用户管理、系统消息的发布。</span><span style=\"font-size:16px\"> </span></p><p><span style=\"font-size:16px;font-family:宋体\">（</span><span style=\"font-size:16px\">10</span><span style=\"font-size:16px;font-family:宋体\">）用户管理：</span><span style=\"font-size:16px;font-family:宋体\">主要是驾校管理员对用户个人信息的管理，包括注册、删除、修改、查询。</span></p><p><span style=\"font-size:16px;font-family:宋体\">（</span><span style=\"font-size:16px\">11</span><span style=\"font-size:16px;font-family:宋体\">）角色管理：</span><span style=\"font-size:16px;font-family:宋体\">主要进行系统角色的维护，每个角色对应一组操作权限，角色管理包括基本信息和权限设置。</span></p><p class=\"MsoListParagraph\" style=\"margin-left:48px\"><span style=\"font-size:16px\">（12）</span><span style=\"font-size:16px;font-family:宋体\">菜单管理：主要是控制不同角色的用户看到的或可操作的菜单不一样。</span><span style=\"font-size:16px\">&nbsp;&nbsp;&nbsp; </span></p><p><span style=\"font-size:16px\">2.</span><span style=\"font-size:16px;font-family:宋体\">论文的要求：</span></p><p style=\"margin-left:72px\"><span style=\"font-size:16px\">（1）<span style=\"font-variant-numeric: normal;font-stretch: normal;font-size: 9px;line-height: normal;font-family: &#39;Times New Roman&#39;\">&nbsp;&nbsp;&nbsp; </span></span><span style=\"font-size:16px;font-family:宋体\">要求从某驾校的实际需求出发，按照软件工程规范设计一个驾校管理系统。</span></p><p style=\"margin-left:72px\"><span style=\"font-size:16px;font-family:宋体\">（2）<span style=\"font-variant-numeric: normal;font-stretch: normal;font-size: 9px;line-height: normal;font-family: &#39;Times New Roman&#39;\">&nbsp; </span></span><span style=\"font-size:16px;font-family:宋体\">要求对驾校管理系统现状和发展趋势有所了解。</span></p><p style=\"margin-left:72px\"><span style=\"font-size:16px;font-family:宋体\">（3）<span style=\"font-variant-numeric: normal;font-stretch: normal;font-size: 9px;line-height: normal;font-family: &#39;Times New Roman&#39;\">&nbsp; </span></span><span style=\"font-size:16px;font-family:宋体\">对实现系统所用到的技术有所认识和掌握，比如javaEE、SpringMVC+Spring3.x+Hibernate三大框架的整合、B/S结构、数据库系统。</span></p><p style=\"margin-left:72px\"><span style=\"font-size:16px;font-family:宋体\">（4）<span style=\"font-variant-numeric: normal;font-stretch: normal;font-size: 9px;line-height: normal;font-family: &#39;Times New Roman&#39;\">&nbsp; </span></span><span style=\"font-size:16px;font-family:宋体\">对系统进行分析，包括系统应用场景分析、系统需求分析、业务流程分析等。</span></p><p style=\"margin-left:72px\"><span style=\"font-size:16px;font-family:宋体\">（5）<span style=\"font-variant-numeric: normal;font-stretch: normal;font-size: 9px;line-height: normal;font-family: &#39;Times New Roman&#39;\">&nbsp; </span></span><span style=\"font-size:16px;font-family:宋体\">对系统进行设计，包括系统结构设计、系统功能模块设计、系统数据库设计、系统界面设计。</span></p><p style=\"margin-left:72px\"><span style=\"font-size:16px;font-family:宋体\">（6）<span style=\"font-variant-numeric: normal;font-stretch: normal;font-size: 9px;line-height: normal;font-family: &#39;Times New Roman&#39;\">&nbsp; </span></span><span style=\"font-size:16px;font-family:宋体\">实现系统功能，包括环境的搭建，以及系统各个功能模块的实现。</span></p><p><span style=\"font-size:16px;font-family:宋体\">运用软件测试相关知识对系统进行测试。</span></p><p><br/></p>','<p style=\"margin-left:96px\"><span style=\"font-size:16px;font-family:宋体\">第3周：对驾校的具体需求进行分析、分析业务流程并对具体的功能进行详细地设计。</span></p><p style=\"margin-left:96px\"><span style=\"font-size:16px;font-family:宋体\">第4周：设计系统界面。</span></p><p style=\"margin-left:96px\"><span style=\"font-size:16px;font-family:宋体\">第5-12周：开始编码。</span></p><p style=\"margin-left:96px\"><span style=\"font-size:16px;font-family:宋体\">第13周：测试系统。</span></p><p style=\"margin-left:96px\"><span style=\"font-size:16px;font-family:宋体\">第13-14周：修改并完善系统。</span></p><p style=\"margin-left:96px\"><span style=\"font-size:16px;font-family:宋体\">第14-17周：完成论文。</span></p><p><br/></p>','<p style=\"margin-left:32px;line-height:24px\"><span style=\"font-size:16px;font-family:宋体\">[1]</span><span style=\"font-size:16px;font-family:宋体\">丁波.驾校管理系统设计与实现[J/OL].软件导刊,2014,13(05):106-107.(2014-05-22) </span></p><p style=\"margin-left:32px;line-height:24px\"><span style=\"font-size:16px;font-family:宋体\">[2]</span><span style=\"font-size:16px;font-family:宋体\">袁朝晖.基于B/S的企业车辆管理系统的设计与实现[D].电子科技大学,2014.</span></p><p style=\"margin-left:32px;line-height:24px\"><span style=\"font-size:16px;font-family:宋体\">[3]</span><span style=\"font-size:16px;font-family:宋体\">谢逸坤.基于SpringMVC框架的车辆服务信息平台的开发[D].浙江工业大学,2015.</span></p><p style=\"margin-left:32px;line-height:24px\"><span style=\"font-size:16px;font-family:宋体\">[4]</span><span style=\"font-size:16px;font-family:宋体\">王勇. 驾校管理信息系统的设计与实现[D].东北大学,2008. </span></p><p style=\"margin-left:32px;line-height:24px\"><span style=\"font-size:16px;font-family:宋体\">[5]</span><span style=\"font-size:16px;font-family:宋体\">韩咚. 快捷驾校学员管理系统的设计与实现[D].吉林大学,2014.</span></p><p style=\"margin-left:32px;line-height:24px\"><span style=\"font-size:16px;font-family:宋体\">[6]</span><span style=\"font-size:16px;font-family:宋体\">王黎征. 驾校信息管理系统的研究与设计[J]. 电脑知识与技术,2010,6(16):4422-4423. </span></p><p style=\"margin-left:32px;line-height:24px\"><span style=\"font-size:16px;font-family:宋体\">[7]</span><span style=\"font-size:16px;font-family:宋体\">张文军. 机动车驾驶员培训管理系统的研究[D].山东师范大学,2014.</span></p><p style=\"line-height:24px\"><span style=\"font-size:16px;font-family:宋体\">[8]</span><span style=\"font-size:16px;font-family:宋体\">朱光. 基于Web Service的智慧驾培管理系统设计与实现[D].苏州大学,2015.</span></p><p style=\"line-height:24px\"><span style=\"font-size:16px;font-family:宋体\">[9]</span><span style=\"font-size:16px;font-family:宋体\">刘辉兰. 基于B/S的驾校管理系统的研究与实现[D].广西大学,2013.</span></p><p style=\"line-height:150%\"><span style=\"font-size: 16px;line-height:150%;font-family:宋体\">[10]</span><span style=\"font-size:16px;line-height:150%;font-family:宋体\">宋希录,李和滨,尹华. 驾校信息管理系统研究与设计[J]. 计算机应用与软件,2008,(10):163-165.&nbsp;</span></p><p><br/></p>',396,196,2019),(43,'<p style=\"text-indent:32px\"><span style=\"font-family:宋体\">本课题实现基于微信小程序的图管理系统，系统主要使用JSP作为开发语言、MySQL作为数据库管理系统，采用B/S模式作为系统的物理架构，实现</span><span style=\"font-family: 宋体\">把微信小程序和</span>PC<span style=\"font-family: 宋体\">端的图书管理系统相结合的图书管理系统。</span><span style=\";line-height:125%;font-family:宋体\">项目的框架使用</span><span style=\";line-height:125%\">SSM</span><span style=\";line-height:125%;font-family:宋体\">（</span><span style=\";line-height:125%\">spingMVC sping mybatis</span><span style=\";line-height:125%;font-family:宋体\">）对所有的数据进行业务处理及保证</span><span style=\";line-height:125%\">API</span><span style=\";line-height:125%;font-family:宋体\">接口的安全性。</span></p><p><br/></p>','<p style=\"text-indent:36px;line-height:125%\"><span style=\"font-size:16px;line-height:125%;font-family: 宋体\">第一周: 查阅文献资料，确定研究课题。</span></p><p style=\"text-indent:36px;line-height:125%\"><span style=\"font-size:16px;line-height:125%;font-family: 宋体\">第二周: 撰写开题报告，进行开题。</span></p><p style=\"text-indent:36px;line-height:125%\"><span style=\"font-size:16px;line-height:125%;font-family: 宋体\">第三周：对课题进行综合研究，</span><span style=\"font-size:16px;line-height:125%;font-family:宋体\">拟写论文大纲。</span></p><p style=\"text-indent:36px;line-height:125%\"><span style=\"font-size:16px;line-height:125%;font-family: 宋体\">第四周：调研分析，图书管理系统的具体需求。</span></p><p style=\"text-indent:36px;line-height:125%\"><span style=\"font-size:16px;line-height:125%;font-family: 宋体\">第五周：设计系统的整体功能框架。</span></p><p style=\"text-indent:36px;line-height:125%\"><span style=\"font-size:16px;line-height:125%;font-family: 宋体\">第六周至第八周：进行数据库设计及对系统各功能模块进行编码实现。</span></p><p style=\"text-indent:36px;line-height:125%\"><span style=\"font-size:16px;line-height:125%;font-family: 宋体\">第九周：</span><span style=\"font-size: 16px;line-height: 125%;font-family: 宋体\">整体功能的完善并进行单元模块的测试、修改、完善</span><span style=\"font-size:16px;line-height:125%;font-family:宋体\">。</span></p><p style=\"text-indent:36px;line-height:125%\"><span style=\"font-size:16px;line-height:125%;font-family: 宋体\">第十周：</span><span style=\"font-size: 16px;line-height: 125%;font-family: 宋体\">进行整体测试与软件功能的测试。</span></p><p style=\"text-indent:36px;line-height:125%\"><span style=\"font-size:16px;line-height:125%;font-family: 宋体\">第十一周：整理资料，撰写论文初稿。</span></p><p style=\"text-indent:32px\"><span style=\"font-size:16px;font-family:宋体\">第十二周：修改初稿，形成定稿，按格式标准整理打印论文，参加答辩。</span></p><p><br/></p>','<p style=\"line-height:125%\"><span style=\"font-size: 16px;line-height:125%\">[1] </span><span style=\"font-size:16px;line-height: 125%;font-family:宋体\">舒思思</span><span style=\"font-size:16px;line-height:125%\">. </span><span style=\"font-size:16px;line-height:125%;font-family:宋体\">浅谈图书管理系统的设计</span><span style=\"font-size:16px;line-height:125%\">[J]. </span><span style=\"font-size:16px;line-height:125%;font-family:宋体\">湖北科技学院学报</span><span style=\"font-size:16px;line-height:125%\">. 2013(02)</span><span style=\"font-size:16px;line-height: 125%;font-family:宋体\">：</span><span style=\"font-size:16px;line-height: 125%\">2-3</span><span style=\"font-size:16px;line-height:125%;font-family: 宋体\">。</span></p><p style=\"line-height:125%\"><span style=\"font-size: 16px;line-height:125%\">[2] </span><span style=\"font-size:16px;line-height: 125%;font-family:宋体\">辛建平</span><span style=\"font-size:16px;line-height:125%\">. </span><span style=\"font-size:16px;line-height:125%;font-family:宋体\">智能图书管理系统的研究与功能设计</span><span style=\"font-size: 16px;line-height:125%\">[J]. </span><span style=\"font-size:16px;line-height: 125%;font-family:宋体\">数字技术与应用</span><span style=\"font-size:16px;line-height:125%\">. 2017(02) </span><span style=\"font-size:16px;line-height: 125%;font-family:宋体\">：</span><span style=\"font-size:16px;line-height: 125%\">345-455</span><span style=\"font-size:16px;line-height:125%;font-family: 宋体\">。</span> </p><p style=\"line-height:125%\"><span style=\"font-size: 16px;line-height:125%\">[3] </span><span style=\"font-size:16px;line-height: 125%;font-family:宋体\">危波</span><span style=\"font-size:16px;line-height:125%\">.</span> <span style=\"font-size:16px;line-height:125%;font-family:宋体\">图书管理系统的设计与实现</span><span style=\"font-size:16px;line-height:125%\">[J]. </span><span style=\"font-size: 16px;line-height:125%;font-family:宋体\">科技资讯</span><span style=\"font-size:16px;line-height:125%\">. 2015(32) </span><span style=\"font-size:16px;line-height:125%;font-family:宋体\">：</span><span style=\"font-size:16px;line-height:125%\">5-6</span><span style=\"font-size:16px;line-height:125%;font-family:宋体\">。</span></p><p style=\"line-height:125%\"><span style=\"font-size: 16px;line-height:125%\">[4] </span><span style=\"font-size:16px;line-height: 125%;font-family:宋体\">孔庆光</span><span style=\"font-size:16px;line-height:125%\">.</span> <span style=\"font-size:16px;line-height:125%;font-family:宋体\">基于</span><span style=\"font-size:16px;line-height:125%\">SSH</span><span style=\"font-size: 16px;line-height:125%;font-family:宋体\">的图书借阅管理系统的研究与设计</span><span style=\"font-size:16px;line-height:125%\">[D].</span> <span style=\"font-size:16px;line-height:125%;font-family: 宋体\">电子科技大学</span><span style=\"font-size:16px;line-height:125%\"> 2015</span><span style=\"font-size:16px;line-height:125%;font-family:宋体\">（</span><span style=\"font-size:16px;line-height:125%\">06</span><span style=\"font-size:16px;line-height:125%;font-family:宋体\">）：</span><span style=\"font-size:16px;line-height:125%\">24-115</span><span style=\"font-size:16px;line-height:125%;font-family:宋体\">。</span></p><p style=\"line-height:125%\"><span style=\"font-size: 16px;line-height:125%\">[5] </span><span style=\"font-size:16px;line-height: 125%;font-family:宋体\">孙磊</span><span style=\"font-size:16px;line-height:125%\">. </span><span style=\"font-size:16px;line-height:125%;font-family:宋体\">医院图书馆图书管理系统的应用及实现</span><span style=\"font-size: 16px;line-height:125%\">[J].</span> <span style=\"font-size:16px;line-height:125%;font-family:宋体\">自动化与仪器仪表</span><span style=\"font-size:16px;line-height:125%\">. 2017(07) </span><span style=\"font-size:16px;line-height:125%;font-family:宋体\">：</span><span style=\"font-size:16px;line-height:125%\">11-20</span><span style=\"font-size:16px;line-height:125%;font-family:宋体\">。</span></p><p style=\"line-height:125%\"><span style=\"font-size: 16px;line-height:125%\">[6] </span><span style=\"font-size:16px;line-height: 125%;font-family:宋体\">卢卿锐</span><span style=\"font-size:16px;line-height:125%\">. </span><span style=\"font-size:16px;line-height:125%;font-family:宋体\">网络图书管理系统及其关键技术探讨</span><span style=\"font-size: 16px;line-height:125%\">[J]. </span><span style=\"font-size:16px;line-height: 125%;font-family:宋体\">学周刊</span><span style=\"font-size:16px;line-height:125%\">. 2015(33)</span><span style=\"font-size:16px;line-height: 125%;font-family:宋体\">：</span><span style=\"font-size:16px;line-height: 125%\">2-5</span><span style=\"font-size:16px;line-height:125%;font-family: 宋体\">。</span></p><p style=\"line-height:125%\"><span style=\"font-size: 16px;line-height:125%\">[7] </span><span style=\"font-size:16px;line-height: 125%;font-family:宋体\">肖春英</span><span style=\"font-size:16px;line-height:125%\">. </span><span style=\"font-size:16px;line-height:125%;font-family:宋体\">图书管理系统的设计及实现</span><span style=\"font-size:16px;line-height:125%\">[J]. </span><span style=\"font-size:16px;line-height:125%;font-family:宋体\">电子技术与软件工程</span><span style=\"font-size:16px;line-height:125%\">. 2014(05)</span><span style=\"font-size:16px;line-height: 125%;font-family:宋体\">：</span><span style=\"font-size:16px;line-height: 125%\">112-226</span><span style=\"font-size:16px;line-height:125%;font-family: 宋体\">。</span></p><p style=\"line-height:150%\"><span style=\"font-size: 16px;line-height:150%\">[8] </span><span style=\"font-size: 15px;line-height: 150%;font-family: 宋体\">胡琪琦</span><span style=\"font-size: 15px;line-height: 150%;font-family: Tahoma, sans-serif\">. </span><span style=\"font-size: 15px;line-height: 150%;font-family: 宋体\">基于微信的地方税务局网上服务平台</span><span style=\"font-size: 15px;line-height: 150%;font-family: Tahoma, sans-serif\">[D].</span><span style=\"font-size: 15px;line-height: 150%;font-family: 宋体\">西南交通大学，</span><span style=\"font-size: 15px;line-height: 150%;font-family: Tahoma, sans-serif\">2016</span><span style=\"font-size: 15px;line-height: 150%;font-family: 宋体\">（</span><span style=\"font-size: 15px;line-height: 150%;font-family: Tahoma, sans-serif\">04</span><span style=\"font-size: 15px;line-height: 150%;font-family: 宋体\">）：</span><span style=\"font-size: 15px;line-height: 150%;font-family: Tahoma, sans-serif\">121-322</span></p><p style=\"line-height:150%\"><strong><span style=\"font-size:16px;line-height:150%;font-family:宋体\">[9]</span></strong> <span style=\"font-size: 15px;line-height: 150%;font-family: 宋体\">贾先涛，马江宝</span><span style=\"font-size: 15px;line-height: 150%;font-family: Tahoma, sans-serif\">. </span><span style=\"font-size: 15px;line-height: 150%;font-family: 宋体\">基于微信平台的微课设计与开发研究</span><span style=\"font-size: 15px;line-height: 150%;font-family: Tahoma, sans-serif\">[J]. </span><span style=\"font-size: 15px;line-height: 150%;font-family: 宋体\">科技传播，</span><span style=\"font-size: 15px;line-height: 150%;font-family: Tahoma, sans-serif\">2016</span><span style=\"font-size: 15px;line-height: 150%;font-family: 宋体\">（</span><span style=\"font-size: 15px;line-height: 150%;font-family: Tahoma, sans-serif\">08</span><span style=\"font-size: 15px;line-height: 150%;font-family: 宋体\">）：</span><span style=\"font-size: 15px;line-height: 150%;font-family: Tahoma, sans-serif\">1-4</span></p><p style=\"line-height:125%\"><span style=\"font-size: 15px;line-height: 125%;font-family: Tahoma, sans-serif\">[10] </span><span style=\"font-size: 15px;line-height: 125%;font-family: 宋体\">高洪涛</span><span style=\"font-size: 15px;line-height: 125%;font-family: Tahoma, sans-serif\">. </span><span style=\"font-size: 15px;line-height: 125%;font-family: 宋体\">基从零开始学微信小程序开发</span><span style=\"font-size: 15px;line-height: 125%;font-family: Tahoma, sans-serif\">[M]. </span><span style=\"font-size: 15px;line-height: 125%;font-family: 宋体\">电子工业出版社，</span><span style=\"font-size: 15px;line-height: 125%;font-family: Tahoma, sans-serif\">2017</span><span style=\"font-size: 15px;line-height: 125%;font-family: 宋体\">（</span><span style=\"font-size: 15px;line-height: 125%;font-family: Tahoma, sans-serif\">03</span><span style=\"font-size: 15px;line-height: 125%;font-family: 宋体\">）：</span><span style=\"font-size: 15px;line-height: 125%;font-family: Tahoma, sans-serif\">56-223</span></p><p><br/></p>',384,169,2019),(44,'<p style=\"text-indent:47px\"><span style=\"font-size:19px;font-family:宋体\">本程序是一个对</span><span style=\"font-size:19px\">web</span><span style=\"font-size:19px;font-family:宋体\">端子域名实现全面搜寻的小脚本，找出与客户公司相关的所有</span><span style=\"font-size:19px\">URL</span><span style=\"font-size:19px;font-family:宋体\">。方便安全人员对找到的</span><span style=\"font-size:19px\">URL</span><span style=\"font-size:19px;font-family:宋体\">进行测试，从而找出</span><span style=\"font-size:19px\">web</span><span style=\"font-size:19px;font-family:宋体\">端的隐患，避免非法人员进行相关的恶意的操作行为，直接或间接导致公司及网站访问者受到不同程度的侵害。</span></p><p style=\"text-indent:47px\"><span style=\"font-size:19px;font-family:宋体\">程序是基于</span><span style=\"font-size:19px\">Python</span><span style=\"font-size:19px;font-family:宋体\">平台作为开发环境，主要采用</span><span style=\"font-size:19px\">python</span><span style=\"font-size:19px;font-family:宋体\">开发工具进行程序的研究与开发，通过使用</span><span style=\"font-size:19px\">python</span><span style=\"font-size:19px;font-family:宋体\">自带的集成包去调用第三方</span><span style=\"font-size:19px\">api</span><span style=\"font-size:19px;font-family:宋体\">接口，从而简化数据库的压力及扩大搜索结果的全面情况。同时调用网络脚本和字典找出更隐秘的信息。</span></p><p><br/></p>','<p style=\"margin-left:28px;line-height: 125%\"><span style=\"font-size:16px;line-height:125%;font-family:宋体\">1.<span style=\"font-variant-numeric: normal;font-stretch: normal;font-size: 9px;line-height: normal;font-family: &#39;Times New Roman&#39;\">&nbsp;&nbsp; </span></span><span style=\"font-size:16px;line-height:125%;font-family:宋体\">第一周至第二周：认真查找文献和收集资料，了解课题研究背景及当前研究现状，同时记录技术难点。</span></p><p style=\"margin-left:28px;line-height: 125%\"><span style=\"font-size:16px;line-height:125%;font-family:宋体\">2.<span style=\"font-variant-numeric: normal;font-stretch: normal;font-size: 9px;line-height: normal;font-family: &#39;Times New Roman&#39;\">&nbsp;&nbsp; </span></span><span style=\"font-size:16px;line-height:125%;font-family:宋体\">第三周：开题报告</span></p><p style=\"margin-left:28px;line-height: 125%\"><span style=\"font-size:16px;line-height:125%;font-family:宋体\">3.<span style=\"font-variant-numeric: normal;font-stretch: normal;font-size: 9px;line-height: normal;font-family: &#39;Times New Roman&#39;\">&nbsp;&nbsp; </span></span><span style=\"font-size:16px;line-height:125%;font-family:宋体\">第四周至第五周：整理并得出系统的功能块，确定开发的环境。</span></p><p style=\"margin-left:28px;line-height: 125%\"><span style=\"font-size:16px;line-height:125%;font-family:宋体\">4.<span style=\"font-variant-numeric: normal;font-stretch: normal;font-size: 9px;line-height: normal;font-family: &#39;Times New Roman&#39;\">&nbsp;&nbsp; </span></span><span style=\"font-size:16px;line-height:125%;font-family:宋体\">第六周：再次查找文献和收集技术资料，设计相应的接口，初步建立起项目的雏形。</span></p><p style=\"margin-left:28px;line-height: 125%\"><span style=\"font-size:16px;line-height:125%;font-family:宋体\">5.<span style=\"font-variant-numeric: normal;font-stretch: normal;font-size: 9px;line-height: normal;font-family: &#39;Times New Roman&#39;\">&nbsp;&nbsp; </span></span><span style=\"font-size:16px;line-height:125%;font-family:宋体\">第七周至第九周：编写程序，实现相应的功能应用，并进行相应的功能测试和集成测试。</span></p><p style=\"margin-left:28px;line-height: 125%\"><span style=\"font-size:16px;line-height:125%;font-family:宋体\">6.<span style=\"font-variant-numeric: normal;font-stretch: normal;font-size: 9px;line-height: normal;font-family: &#39;Times New Roman&#39;\">&nbsp;&nbsp; </span></span><span style=\"font-size:16px;line-height:125%;font-family:宋体\">第十周至第十一周：完成系统收尾工作，集中完成论文定稿，按格式标准整理打印。</span></p><p style=\"margin-left:28px;line-height: 125%\"><span style=\"font-size:16px;line-height:125%;font-family:宋体\">7.<span style=\"font-variant-numeric: normal;font-stretch: normal;font-size: 9px;line-height: normal;font-family: &#39;Times New Roman&#39;\">&nbsp;&nbsp; </span></span><span style=\"font-size:16px;line-height:125%;font-family:宋体\">第十二周：答辩</span></p><p><br/></p>','<p style=\"text-indent:16px;line-height:125%\"><span style=\"font-size:16px;line-height:125%;font-family:&#39;Arial&#39;,sans-serif;color:#333333;background:white\">[1]</span><span style=\"font-size:16px;line-height:125%;font-family:宋体;color:#333333;background:white\">耿大伟</span><span style=\"font-size:16px;line-height:125%;font-family:&#39;Arial&#39;,sans-serif;color:#333333;background:white\">. </span><span style=\"font-size:16px;line-height:125%;font-family:宋体;color:#333333;background:white\">基于</span><span style=\"font-size:16px;line-height:125%;font-family:&#39;Arial&#39;,sans-serif;color:#333333;background:white\">Python</span><span style=\"font-size:16px;line-height:125%;font-family:宋体;color:#333333;background:white\">技术的校园网搜索引擎的设计与实现</span><span style=\"font-size:16px;line-height:125%;font-family:&#39;Arial&#39;,sans-serif;color:#333333;background:white\">[D].</span><span style=\"font-size:16px;line-height:125%;font-family:宋体;color:#333333;background:white\">燕山大学</span><span style=\"font-size:16px;line-height:125%;font-family:&#39;Arial&#39;,sans-serif;color:#333333;background:white\">,2015.</span></p><p style=\"text-indent:16px\"><span style=\"font-size:16px;font-family: &#39;Arial&#39;,sans-serif;color:#333333;background:white\">[2]</span><span style=\"font-size:16px;font-family:宋体;color:#333333;background:white\">纪伟</span><span style=\"font-size:16px;font-family:&#39;Arial&#39;,sans-serif;color:#333333;background:white\">. </span><span style=\"font-size:16px;font-family:宋体;color:#333333;background:white\">基于脚本语言的海洋数据处理与可视化研究</span><span style=\"font-size:16px;font-family:&#39;Arial&#39;,sans-serif;color:#333333;background:white\">[D].</span><span style=\"font-size:16px;font-family:宋体;color:#333333;background:white\">中国海洋大学</span><span style=\"font-size:16px;font-family:&#39;Arial&#39;,sans-serif;color:#333333;background:white\">,2015.</span></p><p style=\"text-indent:16px;line-height:125%\"><span style=\"font-size:16px;line-height:125%;font-family:&#39;Arial&#39;,sans-serif;color:#333333;background:white\">[3]</span><span style=\"font-size:16px;line-height:125%;font-family:宋体;color:#333333;background:white\">应乐</span><span style=\"font-size:16px;line-height: 125%;font-family:&#39;Arial&#39;,sans-serif;color:#333333;background:white\">. </span><span style=\"font-size:16px;line-height:125%;font-family:宋体;color:#333333;background:white\">基于</span><span style=\"font-size:16px;line-height: 125%;font-family:&#39;Arial&#39;,sans-serif;color:#333333;background:white\">Python</span><span style=\"font-size:16px;line-height:125%;font-family:宋体;color:#333333;background:white\">语言的</span><span style=\"font-size:16px;line-height:125%;font-family:&#39;Arial&#39;,sans-serif;color:#333333;background:white\">MySQL</span><span style=\"font-size:16px;line-height:125%;font-family:宋体;color:#333333;background:white\">数据库应用层水平分区技术的研究</span><span style=\"font-size:16px;line-height:125%;font-family:&#39;Arial&#39;,sans-serif;color:#333333;background:white\">[D].</span><span style=\"font-size:16px;line-height:125%;font-family:宋体;color:#333333;background:white\">复旦大学</span><span style=\"font-size:16px;line-height:125%;font-family:&#39;Arial&#39;,sans-serif;color:#333333;background:white\">,2010.</span></p><p style=\"text-indent:16px;line-height:125%\"><span style=\"font-size:16px;line-height:125%;font-family:&#39;Arial&#39;,sans-serif;color:#333333;background:white\">[4]</span><span style=\"font-size:16px;line-height:125%;font-family:宋体;color:#333333;background:white\">李强</span><span style=\"font-size:16px;line-height: 125%;font-family:&#39;Arial&#39;,sans-serif;color:#333333;background:white\">,</span><span style=\"font-size:16px;line-height:125%;font-family:宋体;color:#333333;background:white\">白建荣</span><span style=\"font-size:16px;line-height:125%;font-family:&#39;Arial&#39;,sans-serif;color:#333333;background:white\">,</span><span style=\"font-size:16px;line-height:125%;font-family:宋体;color:#333333;background:white\">李振林</span><span style=\"font-size:16px;line-height:125%;font-family:&#39;Arial&#39;,sans-serif;color:#333333;background:white\">,</span><span style=\"font-size:16px;line-height:125%;font-family:宋体;color:#333333;background:white\">张黎明</span><span style=\"font-size:16px;line-height:125%;font-family:&#39;Arial&#39;,sans-serif;color:#333333;background:white\">. </span><span style=\"font-size:16px;line-height:125%;font-family:宋体;color:#333333;background:white\">基于</span><span style=\"font-size:16px;line-height:125%;font-family:&#39;Arial&#39;,sans-serif;color:#333333;background:white\">Python</span><span style=\"font-size:16px;line-height:125%;font-family:宋体;color:#333333;background:white\">的数据批处理技术探讨及实现</span><span style=\"font-size:16px;line-height:125%;font-family:&#39;Arial&#39;,sans-serif;color:#333333;background:white\">[J/OL]. </span><span style=\"font-size:16px;line-height:125%;font-family:宋体;color:#333333;background:white\">地理空间信息</span><span style=\"font-size:16px;line-height:125%;font-family:&#39;Arial&#39;,sans-serif;color:#333333;background:white\">,2015</span></p><p style=\"text-indent:16px;line-height:125%\"><span style=\"font-size:16px;line-height:125%;font-family:&#39;Arial&#39;,sans-serif;color:#333333;background:white\">[5]</span><span style=\"font-size:16px;line-height:125%;font-family:宋体;color:#333333;background:white\">韩菲</span><span style=\"font-size:16px;line-height: 125%;font-family:&#39;Arial&#39;,sans-serif;color:#333333;background:white\">,</span><span style=\"font-size:16px;line-height:125%;font-family:宋体;color:#333333;background:white\">金磊</span><span style=\"font-size:16px;line-height: 125%;font-family:&#39;Arial&#39;,sans-serif;color:#333333;background:white\">,</span><span style=\"font-size:16px;line-height:125%;font-family:宋体;color:#333333;background:white\">戴文浩</span><span style=\"font-size:16px;line-height:125%;font-family:&#39;Arial&#39;,sans-serif;color:#333333;background:white\">,</span><span style=\"font-size:16px;line-height:125%;font-family:宋体;color:#333333;background:white\">李艳飞</span><span style=\"font-size:16px;line-height:125%;font-family:&#39;Arial&#39;,sans-serif;color:#333333;background:white\">,</span><span style=\"font-size:16px;line-height:125%;font-family:宋体;color:#333333;background:white\">杨树</span><span style=\"font-size:16px;line-height: 125%;font-family:&#39;Arial&#39;,sans-serif;color:#333333;background:white\">. </span><span style=\"font-size:16px;line-height:125%;font-family:宋体;color:#333333;background:white\">基于</span><span style=\"font-size:16px;line-height: 125%;font-family:&#39;Arial&#39;,sans-serif;color:#333333;background:white\">Python</span><span style=\"font-size:16px;line-height:125%;font-family:宋体;color:#333333;background:white\">的实时数据库设计</span><span style=\"font-size:16px;line-height:125%;font-family:&#39;Arial&#39;,sans-serif;color:#333333;background:white\">[J]. </span><span style=\"font-size:16px;line-height:125%;font-family:宋体;color:#333333;background:white\">仪器仪表用户</span><span style=\"font-size:16px;line-height:125%;font-family:&#39;Arial&#39;,sans-serif;color:#333333;background:white\">,2017,24(06):28-30. [2017-09-15].</span></p><p style=\"text-indent:16px\"><span style=\"font-size:16px;font-family: &#39;Arial&#39;,sans-serif;color:#333333;background:white\">[6]</span><span style=\"font-size:16px;font-family:宋体;color:#333333;background:white\">魏占祯</span><span style=\"font-size:16px;font-family:&#39;Arial&#39;,sans-serif;color:#333333;background:white\">,</span><span style=\"font-size:16px;font-family:宋体;color:#333333;background:white\">黄鑫</span><span style=\"font-size:16px;font-family:&#39;Arial&#39;,sans-serif;color:#333333;background:white\">,</span><span style=\"font-size:16px;font-family:宋体;color:#333333;background:white\">刘丹丹</span><span style=\"font-size:16px;font-family:&#39;Arial&#39;,sans-serif;color:#333333;background:white\">. </span><span style=\"font-size:16px;font-family:宋体;color:#333333;background:white\">基于</span><span style=\"font-size:16px;font-family:&#39;Arial&#39;,sans-serif;color:#333333;background:white\">Python</span><span style=\"font-size:16px;font-family:宋体;color:#333333;background:white\">的网络协议分析工具的研究与应用</span><span style=\"font-size:16px;font-family:&#39;Arial&#39;,sans-serif;color:#333333;background:white\">[J]. </span><span style=\"font-size:16px;font-family:宋体;color:#333333;background:white\">北京电子科技学院学报</span><span style=\"font-size:16px;font-family:&#39;Arial&#39;,sans-serif;color:#333333;background:white\">,2016,24(04):61-65. [2017-09-15].</span></p><p><span style=\"font-size:16px;font-family:&#39;Arial&#39;,sans-serif;color:#333333;background:white\">&nbsp;&nbsp;[7]</span><span style=\"font-size:16px;font-family:宋体;color:#333333;background:white\">吴剑兰</span><span style=\"font-size:16px;font-family:&#39;Arial&#39;,sans-serif;color:#333333;background:white\">. </span><span style=\"font-size:16px;font-family:宋体;color:#333333;background:white\">基于</span><span style=\"font-size:16px;font-family:&#39;Arial&#39;,sans-serif;color:#333333;background:white\">Python</span><span style=\"font-size:16px;font-family:宋体;color:#333333;background:white\">的新浪微博爬虫研究</span><span style=\"font-size:16px;font-family:&#39;Arial&#39;,sans-serif;color:#333333;background:white\">[J]. </span><span style=\"font-size:16px;font-family:宋体;color:#333333;background:white\">无线互联科技</span><span style=\"font-size:16px;font-family:&#39;Arial&#39;,sans-serif;color:#333333;background:white\">,2015,(06):93-94. [2017-09-15].</span></p><p><span style=\"font-size:16px;font-family:&#39;Arial&#39;,sans-serif;color:#333333;background:white\">&nbsp;&nbsp;[8]</span><span style=\"font-size:16px;font-family:宋体;color:#333333;background:white\">陈轩</span><span style=\"font-size:16px;font-family:&#39;Arial&#39;,sans-serif;color:#333333;background:white\">. </span><span style=\"font-size:16px;font-family:宋体;color:#333333;background:white\">基于</span><span style=\"font-size:16px;font-family:&#39;Arial&#39;,sans-serif;color:#333333;background:white\">ArcGIS</span><span style=\"font-size:16px;font-family:宋体;color:#333333;background:white\">利用</span><span style=\"font-size:16px;font-family:&#39;Arial&#39;,sans-serif;color:#333333;background:white\">python</span><span style=\"font-size:16px;font-family:宋体;color:#333333;background:white\">脚本对地理数据库中指定同名图层的批量合并</span><span style=\"font-size:16px;font-family:&#39;Arial&#39;,sans-serif;color:#333333;background:white\">[A]. </span><span style=\"font-size:16px;font-family:宋体;color:#333333;background:white\">云南省测绘地理信息局、云南省测绘地理信息学会</span><span style=\"font-size:16px;font-family:&#39;Arial&#39;,sans-serif;color:#333333;background:white\">.</span><span style=\"font-size:16px;font-family:宋体;color:#333333;background:white\">云南省测绘地理信息学会</span><span style=\"font-size:16px;font-family:&#39;Arial&#39;,sans-serif;color:#333333;background:white\">2016</span><span style=\"font-size:16px;font-family:宋体;color:#333333;background:white\">年学术年会论文集</span><span style=\"font-size:16px;font-family:&#39;Arial&#39;,sans-serif;color:#333333;background:white\">[C].</span><span style=\"font-size:16px;font-family:宋体;color:#333333;background:white\">云南省测绘地理信息局、云南省测绘地理信息学会</span><span style=\"font-size:16px;font-family:&#39;Arial&#39;,sans-serif;color:#333333;background:white\">:,2016:6.</span></p><p><span style=\"font-size:16px;font-family:&#39;Arial&#39;,sans-serif;color:#333333;background:white\">&nbsp;&nbsp;</span><span style=\"font-size:16px\">[9]</span><span style=\"font-size:16px;font-family:宋体\">纪伟</span><span style=\"font-size:16px\">. </span><span style=\"font-size:16px;font-family: 宋体;color:#333333;background:white\">基于</span><span style=\"font-size:16px;font-family:宋体\">脚</span><span style=\"font-size:16px;font-family:宋体;color:#333333;background:white\">本语言的海洋数据处理与可视化研究</span><span style=\"font-size:16px;font-family:&#39;Arial&#39;,sans-serif;color:#333333;background:white\">[D].</span><span style=\"font-size:16px;font-family:宋体;color:#333333;background:white\">中国海</span><span style=\"font-size:16px;font-family:宋体\">洋</span><span style=\"font-size:16px;font-family:宋体;color:#333333;background:white\">大学</span><span style=\"font-size:16px\">,</span><span style=\"font-size:16px;font-family:&#39;Arial&#39;,sans-serif;color:#333333;background:white\">2015.</span></p><p><span style=\"font-size:16px;font-family:&#39;Arial&#39;,sans-serif;color:#333333;background:white\">&nbsp;&nbsp;[10]</span><span style=\"font-size:16px;font-family:宋体;color:#333333;background:white\">魏朋</span><span style=\"font-size:16px;font-family:&#39;Arial&#39;,sans-serif;color:#333333;background:white\">. </span><span style=\"font-size:16px;font-family:宋体;color:#333333;background:white\">基于</span><span style=\"font-size:16px;font-family:&#39;Arial&#39;,sans-serif;color:#333333;background:white\">Python</span><span style=\"font-size:16px;font-family:宋体;color:#333333;background:white\">语言的空间数据处理</span><span style=\"font-size:16px;font-family:&#39;Arial&#39;,sans-serif;color:#333333;background:white\">[A]. </span><span style=\"font-size:16px;font-family:宋体;color:#333333;background:white\">云南省测绘地理信息局、云南省测绘地理信息学会</span><span style=\"font-size:16px;font-family:&#39;Arial&#39;,sans-serif;color:#333333;background:white\">.</span><span style=\"font-size:16px;font-family:宋体;color:#333333;background:white\">云南省测绘地理信息学会</span><span style=\"font-size:16px;font-family:&#39;Arial&#39;,sans-serif;color:#333333;background:white\">2016</span><span style=\"font-size:16px;font-family:宋体;color:#333333;background:white\">年学术年会论文集</span><span style=\"font-size:16px;font-family:&#39;Arial&#39;,sans-serif;color:#333333;background:white\">[C].</span><span style=\"font-size:16px;font-family:宋体;color:#333333;background:white\">云南省测绘地理信息局、云南省测绘地理信息学会</span><span style=\"font-size:16px;font-family:&#39;Arial&#39;,sans-serif;color:#333333;background:white\">:,2016:6.</span></p><p><br/></p>',295,159,2019),(45,'<p style=\"text-indent:32px;line-height:150%\"><span style=\"font-size:16px;line-height:150%;font-family: 宋体\">本课题以微信公众平台为基础，用SSH框架设计并实现吉他销售和培训的系统，其公众号由吉他知识的推送，吉他的销售，吉他培训课的开设等三大模块组成，有</span><span style=\"font-size: 16px;line-height: 150%;font-family: 宋体\">进行商品推广、消息推送、会员管理、网上商城、查看订单情况、在线客服等。</span><span style=\"font-size: 16px;line-height: 150%;font-family: 宋体\">用户可以快速微信授权登录，进入店面购买商品，或是报名加入培训课程，该系统方便用户快速查看自己的课程表，了解上课的流程，或是自动回复获取吉他相关资料。</span></p><p><br/></p>','<p style=\"text-indent:32px;line-height:150%\"><span style=\"font-size:16px;line-height:150%;font-family: 宋体\">第一阶段：查找并收集文献和资料，了解公众号的开发环境以及开发流程，进行系统需求分析，并写出需求分析报告，得到一些相应的理论知识和设计方法。</span></p><p style=\"text-indent:32px;line-height:150%\"><span style=\"font-size:16px;line-height:150%;font-family: 宋体\">第二阶段：根据所得的需求分析对系统进行总体设计，完成相关功能模块图，确定系统的基本功能。</span></p><p style=\"text-indent:32px;line-height:150%\"><span style=\"font-size:16px;line-height:150%;font-family: 宋体\">第三阶段：完成相关功能的代码编写，随后进行代码的修改与优化，融合美工及布局，逐步完善系统内容。</span></p><p style=\"text-indent:32px;line-height:150%\"><span style=\"font-size:16px;line-height:150%;font-family: 宋体\">第四阶段：经过反复的测试修改，分析测试结果，解决出现的各种错误，改进和进一步完善系统。</span></p><p style=\"text-indent:32px;line-height:150%\"><span style=\"font-size:16px;line-height:150%;font-family: 宋体\">第五阶段：完成系统设计与实现，最终整理出毕业论文。</span></p><p style=\"line-height:150%\"><span style=\"font-size: 16px;line-height: 150%;font-family: 宋体\">设计合理的用户界面,研发稳定高效的后台管理中心。</span></p><p><br/></p>','<p style=\"line-height:150%\"><span style=\"font-size: 16px;line-height:150%;font-family:宋体\">[1]</span><span style=\"font-size:16px;line-height:150%;font-family:宋体\">李炜康. 基于微信的网上购物系统的设计与实现[D].南京大学,2015.</span></p><p style=\"line-height:150%\"><span style=\"font-size: 16px;line-height:150%;font-family:宋体\">[2]</span><span style=\"font-size:16px;line-height:150%;font-family:宋体\">张晓云. 基于微信公众平台的商品信息管理服务应用的设计与实现[D].西南交通大学,2016.</span></p><p style=\"line-height:150%\"><span style=\"font-size: 16px;line-height:150%;font-family:宋体\">[3]</span><span style=\"font-size:16px;line-height:150%;font-family:宋体\">杨帆,沈来信. 基于SS2H的微信公众平台账号设计[J/OL]. 计算机技术与发展,2016,26(01):195-199. (2016-01-04)[2017-09-15].</span></p><p style=\"line-height:150%\"><span style=\"font-size: 16px;line-height:150%;font-family:宋体\">[4]</span><span style=\"font-size: 16px;line-height:150%;font-family:宋体\">胡杰,周鹏飞,郭乔进. 基于MVC设计模式的SSH框架的研究[J]. 信息化研究,2016,42(01):17-22. [2017-09-15]. </span></p><p style=\"line-height:150%\"><span style=\"font-size: 16px;line-height:150%;font-family:宋体\">[5]</span><span style=\"font-size: 16px;line-height:150%;font-family:宋体\">刘志东. 基于微信公众平台的购物开发设计与实现[J]. 现代计算机(专业版),2017,(16):70-73. [2017-09-14]. </span></p><p style=\"line-height:150%\"><span style=\"font-size: 16px;line-height:150%;font-family:宋体\">[6]</span><span style=\"font-size: 16px;line-height:150%;font-family:宋体\">孙海滨,刘明明. 基于微信公众平台的销售订单管理系统[J]. 计算机应用与软件,2017,34(05):110-114+181. [2017-09-14]. </span></p><p style=\"line-height:150%\"><span style=\"font-size: 16px;line-height:150%;font-family:宋体\">[7]</span><span style=\"font-size: 16px;line-height:150%;font-family:宋体\">曹冬,刘祚时. 基于微信服务号的家电售后服务系统设计与应用研究[J]. 电子技术与软件工程,2017,(15):58-59. [2017-09-14]. </span></p><p style=\"line-height:150%\"><span style=\"font-size: 16px;line-height:150%;font-family:宋体\">[8]</span><span style=\"font-size: 16px;line-height: 150%;font-family: 宋体;background: white\">付振珍. 基于微信公众平台的服务营销策略研究[D]. 重庆工商大学, 2016.</span></p><p style=\"line-height:150%\"><span style=\"font-size: 16px;line-height: 150%;font-family: 宋体;background: white\">[9]</span><span style=\"font-size: 16px;line-height: 150%;font-family: 宋体;background: white\">杨杰. 基于微信公众平台校园服务公众号的设计与实现[D]. 华中师范大学, 2015.</span></p><p style=\"line-height:150%\"><span style=\"font-size: 16px;line-height:150%;font-family:宋体\">[10]</span><span style=\"font-size: 16px;line-height:150%;font-family:宋体\">王权. 基于微信开放平台购物中心的设计与实现[D].吉林大学,2016.</span></p><p><br/></p>',699,159,2019),(46,'<p style=\"text-indent:28px;line-height:125%\"><span style=\"line-height: 125%\">1.</span><span style=\"line-height: 125%;font-family: 宋体\">本课题研究设计使用</span><span style=\"line-height: 125%\">SSH</span><span style=\"line-height: 125%;font-family: 宋体\">框架、</span><span style=\"line-height: 125%\">myeclipse</span><span style=\"line-height: 125%;font-family: 宋体\">开发工具、</span><span style=\"line-height: 125%\">MySQL</span><span style=\"line-height: 125%;font-family: 宋体\">数据库与</span><span style=\"line-height: 125%\">Dreamwever</span><span style=\"line-height: 125%;font-family: 宋体\">网页制作软件</span><span style=\"line-height: 125%\">,</span><span style=\"line-height: 125%;font-family: 宋体\">研究对小学生在线答疑平台的设计与实现。该平台具备管理员管理功能、教师上传文件功能、学生在线测试功能、会话功能、智能检索关键字功能等</span><span style=\"line-height: 125%\">5</span><span style=\"line-height: 125%;font-family: 宋体\">个功</span></p><p style=\"line-height:125%\"><span style=\"line-height: 125%;font-family: 宋体\">能。</span></p><p style=\"margin-left:0;text-indent:28px;line-height:125%\"><span style=\"line-height: 125%\">2.</span><span style=\"line-height: 125%;font-family: 宋体\">对小学生在线答疑平台的各个功能做如下研究：</span></p><p style=\"margin-left:0;text-indent:28px;line-height:125%\"><span style=\"line-height: 125%\">(1)</span><span style=\"line-height: 125%;font-family: 宋体\">管理员能够分配用户权限，管理用户信息。</span></p><p style=\"margin-left:0;text-indent:28px;line-height:125%\"><span style=\"line-height: 125%\">(2)</span><span style=\"line-height: 125%;font-family: 宋体\">教师通过答疑平台上传教学课件，教学视频、知识链接或以文件形式的难点、易错点的学习资料。</span></p><p style=\"margin-left:0;text-indent:28px;line-height:125%\"><span style=\"line-height: 125%\">(3)</span><span style=\"line-height: 125%;font-family: 宋体\">学生可以通过会话方式向老师提问，或是通过检索，由数据库提供解答。</span></p><p style=\"margin-left:0;text-indent:28px;line-height:125%\"><span style=\"line-height: 125%\">(4)</span><span style=\"line-height: 125%;font-family: 宋体\">数据库与答疑平台实时交互。</span></p><p style=\"text-indent:28px;line-height:125%\"><span style=\"line-height: 125%\">(5)</span><span style=\"line-height: 125%;font-family: 宋体\">学生在线测试，系统自动评分。</span></p><p><br/></p>','<p style=\"text-indent:32px\"><span style=\"font-size:16px;font-family:宋体\">第一阶段：阅读相关文献，确定研究方向。（第二周内完成）</span></p><p style=\"line-height:125%\"><span style=\"font-size: 16px;line-height:125%;font-family:宋体\">&nbsp;&nbsp;&nbsp; </span><span style=\"font-size:16px;line-height:125%;font-family:宋体\">第二阶段：做好需求分析。（第三周内完成）</span></p><p style=\"line-height:125%\"><span style=\"font-size: 16px;line-height:125%;font-family:宋体\">&nbsp;&nbsp;&nbsp; </span><span style=\"font-size:16px;line-height:125%;font-family:宋体\">第三阶段：详细设计。（第三周内完成）</span></p><p style=\"line-height:125%\"><span style=\"font-size: 16px;line-height:125%;font-family:宋体\">&nbsp;&nbsp;&nbsp; </span><span style=\"font-size:16px;line-height:125%;font-family:宋体\">第四阶段：完成数据库设计。（第四周内完成）</span></p><p style=\"line-height:125%\"><span style=\"font-size: 16px;line-height:125%\">&nbsp;&nbsp;&nbsp; </span><span style=\"font-size:16px;line-height:125%;font-family:宋体\">第五阶段：编码。（第十五周内完成）</span></p><p style=\"text-indent:32px;line-height:125%\"><span style=\"font-size:16px;line-height:125%;font-family: 宋体\">第六阶段：测试并完善功能。（第十五周内完成）</span></p><p style=\"text-indent:32px;line-height:125%\"><span style=\"font-size:16px;line-height:125%;font-family: 宋体\">第四阶段：整理论文。（第十六周内完成）</span></p><p><br/></p>','<p style=\"line-height:125%\"><span style=\"font-size:16px;line-height:125%;font-family:宋体\">&nbsp;</span><span style=\"line-height: 125%;font-family: 宋体\">[1]</span><span style=\"line-height: 125%;font-family: 宋体\">郑名敏，孔令美. 基于Struts2框架的课程答疑系统的设计与实现[J]. 学术探讨，2015（07）：43-47.</span></p><p style=\"line-height:125%\"><span style=\"line-height: 125%;font-family: 宋体\">&nbsp;[2]</span><span style=\"line-height: 125%;font-family: 宋体\">种育红. 大丰小学网络教学辅助答疑系统的设计与实现[D].电子科技大学，2014.</span></p><p style=\"line-height:125%\"><span style=\"line-height: 125%;font-family: 宋体\">&nbsp;[3]</span><span style=\"line-height: 125%;font-family: 宋体\">黄宏博. 远程网络教学平台下在线答疑系统的分析与设计[J]. 无线互联科技，2013（05）.</span></p><p style=\"line-height:125%\"><span style=\"line-height: 125%;font-family: 宋体\">&nbsp;[4]</span><span style=\"line-height: 125%;font-family: 宋体\">吴鹏. 基于用户兴趣的在线答疑系统的设计与实现[D]. 湖南大学，2016.</span></p><p style=\"line-height:125%\"><span style=\"line-height: 125%;font-family: 宋体\">&nbsp;[5]</span><span style=\"line-height: 125%;font-family: 宋体\">刘翠芳. 基于SOA远程教学平台设计与实现[D]. 郑州大学，2016.</span></p><p style=\"margin-left: 14px;line-height: 125%\"><span style=\"line-height: 125%;font-family: 宋体\">&nbsp;[6]</span><span style=\"line-height: 125%;font-family: 宋体\">李永春,丁华福. Lucene的全文检索的研究与应用[J]. 计算机技术与发展，2010,</span></p><p style=\"margin-left: 14px;line-height: 125%\"><span style=\"line-height: 125%;font-family: 宋体\">02:12-15.</span></p><p style=\"line-height:125%\"><span style=\"line-height: 125%;font-family: 宋体\">&nbsp;[7]David Lippiatt.Traditional. Distance and Virtual: an exploration of concepts[J]. International Workshop on Distance Learning and Virtual Campus,2011,68-115.</span></p><h1 style=\"margin-top:5px;margin-right:0;margin-bottom:0;margin-left: 0;margin-bottom:0;line-height:125%\"><span style=\"font-size: 14px;line-height: 125%\">&nbsp;</span><span style=\"font-size: 14px;line-height: 125%;font-weight: normal\">[8]</span><span style=\"font-size: 14px;line-height: 125%;font-weight: normal\">郑嘉宝</span><span style=\"font-size: 14px;line-height: 125%\">.</span><span style=\"font-size: 14px;line-height: 125%;font-weight: normal\"> 2016</span><span style=\"font-size: 14px;line-height: 125%;font-weight: normal\">年中国在线教育行业市场现状及发展趋势分析[R]. 前瞻产业研究院. 2016（05）.</span></h1><p style=\"line-height:150%\"><span style=\"line-height: 150%;font-family: 宋体\">&nbsp;[9]</span><span style=\"line-height: 150%;font-family: 宋体\">王竹立. “互联网+教育”意外着什么[J]. 今日教育，2015，450:1.</span></p><p><br/></p>',371,104,2019),(47,'<p><span style=\"font-size:19px;font-family:宋体\">综合运用大学所学的《软件工程》</span><span style=\"font-size: 19px\">/</span><span style=\"font-size:19px;font-family:宋体\">《程序设计》</span><span style=\"font-size:19px\">/</span><span style=\"font-size:19px;font-family:宋体\">《数据库原理》等课课程知识完成一个基于</span><span style=\"font-size:19px\">Spring Boot</span><span style=\"font-size:19px;font-family:宋体\">技术的校园闲置物品交易系统，并按以下要求完成系统的设计与实现，以及论文撰写：</span></p><p style=\"text-indent:24px\"><span style=\"font-size:16px;font-family:宋体\">1</span><span style=\"font-size:16px;font-family:宋体\">、阅读Spring Boot官方中文文档，详细了解Spring boot开发流程；了解Thymeleaf模板引擎；了解Maven是如何管理项目的各种包和解决依赖的。</span></p><p style=\"text-indent:24px\"><span style=\"font-size:16px;font-family:宋体\">2</span><span style=\"font-size:16px;font-family:宋体\">、做好完成作品所需的技术准备。</span></p><p style=\"text-indent:24px\"><span style=\"font-size:16px;font-family:宋体\">3</span><span style=\"font-size:16px;font-family:宋体\">、完成</span><span style=\"font-size:16px;font-family:宋体\">基于</span><span style=\"font-size:16px\">Spring Boot</span><span style=\"font-size:16px;font-family:宋体\">技术的校园闲置物品交易系统</span><span style=\"font-size:16px;font-family:宋体\">，能</span><span style=\"font-size:16px;font-family:宋体\">有效解决在校</span></p><p style=\"text-indent:24px\"><span style=\"font-size:16px;font-family:宋体\">大学生闲置物品处置的问题，同时也为建立节约型社会做出贡献</span><span style=\"font-size:16px;font-family:宋体\">。</span></p><p style=\"text-indent:24px\"><span style=\"font-size:16px;font-family:宋体\">4</span><span style=\"font-size:16px;font-family:宋体\">、按时参加毕业设计小组讨论。</span></p><p style=\"text-indent:24px\"><span style=\"font-size:16px;font-family:宋体\">5</span><span style=\"font-size:16px;font-family:宋体\">、提交满足梧州学院工科毕业设计所要求的论文及作品。</span></p><p><br/></p>','<p style=\"text-indent:24px\"><span style=\"font-size:16px;font-family:宋体\">第一阶段：调研，查阅相关文献和资料。</span></p><p style=\"text-indent:24px\"><span style=\"font-size:16px;font-family:宋体\">第二阶段：制定项目计划，确定系统的开发目标及其可行性。</span></p><p style=\"text-indent:24px\"><span style=\"font-size:16px;font-family:宋体\">第三阶段：确定系统的功能模块，设计数据库并搭建框架环境。</span></p><p style=\"text-indent:24px\"><span style=\"font-size:16px;font-family:宋体\">第四阶段：编写各功能模块的代码并测试。</span></p><p style=\"text-indent:24px\"><span style=\"font-size:16px;font-family:宋体\">第五阶段：整理系统相关文档，完成论文。</span></p><p><br/></p>','<p style=\"text-indent:14px;line-height:150%\"><span style=\";line-height: 150%;font-family:宋体\">[1]</span><span style=\";line-height:150%;font-family:宋体\">马业盼. 校园电子商务系统的设计与实现[D].山东:中国海洋大学，2011.</span></p><p style=\"text-indent:14px;line-height:150%\"><span style=\";line-height: 150%;font-family:宋体\">[2]</span><span style=\";line-height:150%;font-family:宋体\">刘甫. 校园易物模式中存在的问题探讨[J].河南科技.2011,(9):53.</span></p><p style=\"text-indent:14px;line-height:150%\"><span style=\";line-height: 150%;font-family:宋体\">[3]</span><span style=\";line-height:150%;font-family:宋体\">汪云飞. Java EE开发的颠覆者 [M].电子工业出版,2016</span></p><p style=\"text-indent:14px;line-height:150%\"><span style=\";line-height: 150%;font-family:宋体\">[4]</span><span style=\";line-height:150%;font-family:宋体\">王富强. Spring Boot揭秘 [M].机械工业出版社，2016</span></p><p style=\"text-indent:14px;line-height:150%\"><span style=\";line-height: 150%;font-family:宋体\">[5]</span><span style=\";line-height:150%;font-family:宋体\">谷媛. 高校二手书市场分析[J]. 青岛科技大学学报，2003[7][6] 吴限. 基于角色访问控制（RBAC）的Web应用[D].大连理工大学,2002.</span></p><p style=\"text-indent:14px;line-height:150%\"><span style=\";line-height: 150%;font-family:宋体\">[6]</span><span style=\";line-height:150%;font-family:宋体\">杨家炜. 基于Spring Boot的web设计与实现[J/OL].轻工科技，2016,32(07)</span></p><p><br/></p>',404,199,2019),(48,'<p><span style=\"font-size:16px;font-family:宋体\">1.</span><span style=\"font-size:16px;font-family:宋体\">论述汽车租赁业的发展状况及汽车租赁网站的发展意义。</span></p><p><span style=\"font-size:16px;font-family:宋体\">2.</span><span style=\"font-size:16px;font-family:宋体\">调研分析，明确需求。</span></p><p><span style=\"font-size:16px;font-family:宋体\">3.</span><span style=\"font-size:16px;font-family:宋体\">分析设计系统的整体功能和框架</span></p><p><span style=\"font-size:16px;font-family:宋体\">4.</span><span style=\"font-size:16px;font-family:宋体\">数据库设计及各个模块功能实现</span></p><p style=\"line-height:125%\"><span style=\"font-size: 16px;line-height:125%;font-family:宋体\">5.</span><span style=\"font-size:16px;line-height:125%;font-family:宋体\">系统测试完善</span></p><p style=\"line-height:125%\"><span style=\"font-size: 16px;line-height:125%;font-family:宋体\">6.</span><span style=\"font-size:16px;line-height:125%;font-family:宋体\">对本课题的总结与展望</span></p><p><br/></p>','<p class=\"MsoListParagraph\" style=\"text-indent:0\"><span style=\"font-size:16px;font-family:宋体\">第一周 ：相关文献和英文资料的翻译</span></p><p class=\"MsoListParagraph\" style=\"text-indent:0\"><span style=\"font-size:16px;font-family:宋体\">第二周：查阅文献资料，确定研究课题，整理资料及开题报告的攥写。</span></p><p class=\"MsoListParagraph\" style=\"text-indent:0\"><span style=\"font-size:16px;font-family:宋体\">第三、四周：进行调研分析，明确系统需求</span></p><p><span style=\"font-size:16px;font-family:宋体\">第五、六周：掌握所做设计用到的相关技术</span></p><p><span style=\"font-size:16px;font-family:宋体\">第七周 ：设计系统的整体功能和框架</span></p><p><span style=\"font-size:16px;font-family:宋体\">第八周 ：撰写论文大纲</span></p><p><span style=\"font-size:16px;font-family:宋体\">第九~十二周：进行数据库设计及各个模块功能实现</span></p><p><span style=\"font-size:16px;font-family:宋体\">第十三周：对系统进行测试修改完善</span></p><p style=\"line-height:24px\"><span style=\"font-size: 16px;font-family: 宋体\">第十四~十六周：撰写论文，修改提交</span></p><p style=\"line-height:24px\"><span style=\"font-size: 16px;font-family: 宋体\">第十七周：进行答辩</span></p><p><br/></p>','<p><span style=\"font-size:16px;font-family:宋体;color:#333333;background:white\">[1]</span><span style=\"font-size:16px;font-family:宋体;color:#333333;background:white\">吕红星. 汽车租赁业创新发展前景广阔[N]. 中国经济时报,2017-09-06(006).</span></p><p><span style=\"font-size:16px;font-family:宋体\">[2]</span><span style=\"font-size:16px;font-family:宋体\">曾顺，精通jQuery+javascript[M]. 北京：人民邮电出版社.2009</span></p><p><span style=\"font-size:16px;font-family:宋体\">[3]</span><span style=\"font-size:16px;font-family:宋体\">任晓鹏.赵文兵.张春平，基于框架的Web系统开发研究[J].计算机工程与设计，2010</span></p><p style=\"line-height: 150%\"><span style=\"font-size:16px;line-height:150%;font-family:宋体;color:#333333;background:white\">[4]</span><span style=\"font-size:16px;line-height:150%;font-family:宋体;color:#333333;background:white\">崔景超. 租车门店管理系统的设计与研究[J]. 电脑知识与技术.2015.11</span></p><p style=\"line-height: 125%\"><span style=\"font-size:16px;line-height:125%;font-family:宋体;color:#333333;background:white\">[5]</span><span style=\"font-size:16px;line-height:125%;font-family:宋体;color:#333333;background:white\">李营. 汽车租赁信息系统的设计与实现[J]. 数字技术与应用,2014</span></p><p style=\"line-height: 125%\"><span style=\"font-size:16px;line-height:125%;font-family:宋体;color:#333333;background:white\">[6]</span><span style=\"font-size:16px;line-height:125%;font-family:宋体;color:#333333;background:white\">杜壮. “互联网+便捷交通”成汽车租赁业发展新方向[J]. 中国战略新兴产业,2016</span></p><p><span style=\"font-size:16px;font-family:宋体;color:#333333;background:white\">[7]</span><span style=\"font-size:16px;font-family:宋体;color:#333333;background:white\">朱旭东. 学位论文开题报告研究[J]. 学位与研究生教育,2010.</span></p><p><span style=\"font-size:16px;font-family:宋体;color:#333333;background:white\">[8]</span><span style=\"font-size:16px;font-family:宋体;color:#333333;background:white\">曹正善. 论开题报告的逻辑结构[J]. 学位与研究生教育,2008</span></p><p><br/></p>',405,199,2019),(49,'<p><span style=\"font-size:16px;font-family:宋体\">本课题设计并开发出“广西灵山荔枝文化旅游节”</span><span style=\"font-size:16px\">Web App</span><span style=\"font-size:16px;font-family:宋体\">。后台管理系统采用主流框架技术</span><span style=\"font-size: 16px\">(Struts2+Spring 3.x+Hibernate4.x)</span><span style=\"font-size:16px;font-family:宋体\">和前端开发技术</span><span style=\"font-size:16px\">(JQuery)</span><span style=\"font-size:16px;font-family:宋体\">。系统由微信公众号和后台管理系统两部分构成：</span></p><p><span style=\"font-size:16px\">1</span><span style=\"font-size:16px;font-family:宋体\">、</span> <span style=\"font-size:16px;font-family:宋体\">微信公众号的主要功能有：</span></p><p><span style=\"font-size:16px\">(1)&nbsp;&nbsp; </span><span style=\"font-size:16px;font-family:宋体\">荔枝节概况</span></p><p><span style=\"font-size:16px\">(2)&nbsp;&nbsp; </span><span style=\"font-size:16px;font-family:宋体\">活动动态</span></p><p><span style=\"font-size:16px\">(3)&nbsp;&nbsp; </span><span style=\"font-size:16px;font-family:宋体\">灵山文化</span></p><p><span style=\"font-size:16px\">(4)&nbsp;&nbsp; </span><span style=\"font-size:16px;font-family:宋体\">旅游推介</span></p><p><span style=\"font-size:16px\">(5)&nbsp;&nbsp; </span><span style=\"font-size:16px;font-family:宋体\">“</span><span style=\"font-size:16px\">5+1</span><span style=\"font-size:16px;font-family:宋体\">”工程</span></p><p><span style=\"font-size:16px\">(6)&nbsp;&nbsp; </span><span style=\"font-size:16px;font-family:宋体\">灵山产业</span></p><p><span style=\"font-size:16px\">(7)</span><span style=\"font-size:16px;font-family:宋体\">荔枝产品展示</span></p><p><span style=\"font-size:16px\">(8)</span><span style=\"font-size:16px;font-family:宋体\">荔枝产品订购</span></p><p><span style=\"font-size:16px\">(9)</span><span style=\"font-size:16px;font-family:宋体\">在线支付</span></p><p><span style=\"font-size:16px\">&nbsp;</span></p><p><span style=\"font-size:16px\">2</span><span style=\"font-size:16px;font-family:宋体\">、</span> <span style=\"font-size:16px;font-family:宋体\">管理后台功能有</span><span style=\"font-size:16px\">: </span></p><p><span style=\"font-size:16px\">(1)&nbsp;&nbsp; </span><span style=\"font-size:16px;font-family:宋体\">内容管理。</span></p><p><span style=\"font-size:16px\">(2)&nbsp;&nbsp; </span><span style=\"font-size:16px;font-family:宋体\">产品管理</span></p><p><span style=\"font-size:16px\">(3)&nbsp;&nbsp; </span><span style=\"font-size:16px;font-family:宋体\">商家管理</span></p><p><span style=\"font-size:16px\">(4)&nbsp;&nbsp; </span><span style=\"font-size:16px;font-family:宋体\">订单管理</span></p><p><span style=\"font-size:16px\">(5)&nbsp;&nbsp; </span><span style=\"font-size:16px;font-family:宋体\">支付管理</span></p><p><br/></p>','<p style=\"text-indent:32px\"><span style=\"font-size:16px;font-family:宋体\">第一阶段：查找文献和收集资料，了解相关广西灵山荔枝文化旅游节的相关信息，对各微信公众号进行比对，确定论文的选题方向和研究方法。</span></p><p style=\"text-indent:32px\"><span style=\"font-size:16px;font-family:宋体\">第二阶段 整理相关资料，撰写任务书和开题报告。</span></p><p style=\"text-indent:32px\"><span style=\"font-size:16px;font-family:宋体\">第三阶段 概要设计</span></p><p style=\"text-indent:32px\"><span style=\"font-size:16px;font-family:宋体\">第四阶段 详细设计</span></p><p style=\"text-indent:32px\"><span style=\"font-size:16px;font-family:宋体\">第五阶段 建立框架并编码实现</span></p><p style=\"text-indent:32px\"><span style=\"font-size:16px;font-family:宋体\">第六阶段 系统测试、并完善系统</span></p><p style=\"text-indent:32px\"><span style=\"font-size:16px;font-family:宋体\">第七阶段 整理论文，完成论文编写</span></p><p><br/></p>','<p><span style=\"font-size:16px\">[1]</span><span style=\"font-size:16px;font-family:宋体\">冯志强</span><span style=\"font-size:16px\">.</span><span style=\"font-size:16px;font-family: 宋体\">基于微信公众号开发与使用技术</span><span style=\"font-size:16px\">[J/OL].</span><span style=\"font-size:16px;font-family:宋体\">电子技术与软件工程</span><span style=\"font-size:16px\">,2017,(09):60.</span></p><p><span style=\"font-size:16px\">[2]</span><span style=\"font-size:16px;font-family:宋体\">李强</span><span style=\"font-size:16px\">. </span><span style=\"font-size:16px;font-family: 宋体\">扬州网微信公众号运营现状与发展研究</span><span style=\"font-size:16px\">[D].</span><span style=\"font-size:16px;font-family:宋体\">扬州大学</span><span style=\"font-size:16px\">,2015.</span></p><p><span style=\"font-size:16px\">[3]</span><span style=\"font-size:16px;font-family:宋体\">吴挺</span><span style=\"font-size:16px\">.</span><span style=\"font-size:16px;font-family: 宋体\">基于微信公众平台的可扩展架构研究与实现</span><span style=\"font-size:16px\">[D].</span><span style=\"font-size:16px;font-family:宋体\">兰州大学，</span><span style=\"font-size:16px\">2016</span></p><p><span style=\"font-size:16px\">[4]</span><span style=\"font-size:16px;font-family:宋体\">詹红鑫</span><span style=\"font-size:16px\">.</span><span style=\"font-size:16px;font-family: 宋体\">基于微信公众平台的航运信息推送技术研究与应用</span><span style=\"font-size:16px\">[D].</span><span style=\"font-size:16px;font-family:宋体\">大连海事大学，</span><span style=\"font-size:16px\">2014</span></p><p><span style=\"font-size:16px\">[5]</span><span style=\"font-size:16px;font-family:宋体\">谢远超</span><span style=\"font-size:16px\">.</span><span style=\"font-size:16px;font-family: 宋体\">微信公众号信息服务平台的设计与实现</span><span style=\"font-size:16px\">[D].</span><span style=\"font-size:16px;font-family:宋体\">中山大学，</span><span style=\"font-size:16px\">2014</span></p><p><br/></p>',394,196,2019),(50,'<p style=\"text-indent:32px;line-height:24px\"><span style=\"font-size:19px\">&nbsp;</span><span style=\"font-size:16px;font-family:宋体\">本系统是基于微信公众平台来开发的，主要采用IntelliJ IDEA，JetBrains WebStorm 集成开发工具进行项目的开发，本系统遵循标准的MVC开发模式。本论文研究的内容基于WebApp的绿色食品外卖销售的设计与实现，后台主要使用Springboot，后台前端主要使用Bootstrap+freemarker+jQuery，使用模式更具有灵活性；客户端使用vue.js，实现前后端的分离。而前端和后端将使用RESTful的接口相连。数据缓存方面使用springboot+redis的使用，而基于Redis，将研究分布式session和分布式锁。消息推送方面将使用websock。数据库方面使用springboot+jpa为主同时兼顾springboot+mybatis。</span></p><p><br/></p>','<p style=\"margin-left:28px;line-height: 125%\"><span style=\"font-size:16px;line-height:125%;font-family:宋体\">1.<span style=\"font-variant-numeric: normal;font-stretch: normal;font-size: 9px;line-height: normal;font-family: &#39;Times New Roman&#39;\">&nbsp;&nbsp; </span></span><span style=\"font-size:16px;line-height:125%;font-family:宋体\">第一周：认真查找文献和收集资料，了解课题研究背景及当前研究现状。撰写文献综述，确定研究课题，拟写论文详纲。</span></p><p style=\"margin-left:28px;line-height: 125%\"><span style=\"font-size:16px;line-height:125%;font-family:宋体\">2.<span style=\"font-variant-numeric: normal;font-stretch: normal;font-size: 9px;line-height: normal;font-family: &#39;Times New Roman&#39;\">&nbsp;&nbsp; </span></span><span style=\"font-size:16px;line-height:125%;font-family:宋体\">第二周：开题报告</span></p><p style=\"margin-left:28px;line-height: 125%\"><span style=\"font-size:16px;line-height:125%;font-family:宋体\">3.<span style=\"font-variant-numeric: normal;font-stretch: normal;font-size: 9px;line-height: normal;font-family: &#39;Times New Roman&#39;\">&nbsp;&nbsp; </span></span><span style=\"font-size:16px;line-height:125%;font-family:宋体\">第四周至第六周：需求分析。整理并得出系统的功能块，确定开发的环境，并开始整理论文。</span></p><p style=\"margin-left:28px;line-height: 125%\"><span style=\"font-size:16px;line-height:125%;font-family:宋体\">4.<span style=\"font-variant-numeric: normal;font-stretch: normal;font-size: 9px;line-height: normal;font-family: &#39;Times New Roman&#39;\">&nbsp;&nbsp; </span></span><span style=\"font-size:16px;line-height:125%;font-family:宋体\">第六周至第八周：再次查找文献和收集资料，设计相应的接口，初步建立起项目的雏形。进一步修整论文。</span></p><p style=\"margin-left:28px;line-height: 125%\"><span style=\"font-size:16px;line-height:125%;font-family:宋体\">5.<span style=\"font-variant-numeric: normal;font-stretch: normal;font-size: 9px;line-height: normal;font-family: &#39;Times New Roman&#39;\">&nbsp;&nbsp; </span></span><span style=\"font-size:16px;line-height:125%;font-family:宋体\">第八周至第十五周：编写代码，实现相应的功能模块，并进行相应的功能测试和集成测试。进一步整理论文。</span></p><p style=\"margin-left:28px;line-height: 125%\"><span style=\"font-size:16px;line-height:125%;font-family:宋体\">6.<span style=\"font-variant-numeric: normal;font-stretch: normal;font-size: 9px;line-height: normal;font-family: &#39;Times New Roman&#39;\">&nbsp;&nbsp; </span></span><span style=\"font-size:16px;line-height:125%;font-family:宋体\">第十六周至第十七周：完成系统收尾工作，集中完成论文定稿，按格式标准整理打印。</span></p><p style=\"margin-left:28px;line-height: 125%\"><span style=\"font-size:16px;line-height:125%;font-family:宋体\">7.<span style=\"font-variant-numeric: normal;font-stretch: normal;font-size: 9px;line-height: normal;font-family: &#39;Times New Roman&#39;\">&nbsp;&nbsp; </span></span><span style=\"font-size:16px;line-height:125%;font-family:宋体\">第十八周：答辩</span></p><p><br/></p>','<p><span style=\"font-size:16px;font-family:宋体\">[1] </span><span style=\"font-size:16px;font-family:宋体\">田学芝. 微信公众平台价值营销模式研究--基于典型案例的分析[J]. 绿色科技，2017,04:170-172.</span></p><p><span style=\"font-size:16px;font-family:宋体\">[2]</span><span style=\"font-size:16px;font-family:宋体\">管斌. 微信公众平台用户使用意愿影响因素研究[D].华中师范大学,2015. </span></p><p><span style=\"font-size:16px;font-family:宋体\">[3] </span><span style=\"font-size:16px;font-family:宋体\">高旖蔚.网络购物的消费者行为研究及应对策略[J]. 商场现代化,2016 </span></p><p><span style=\"font-size:16px;font-family:宋体\">[4]</span><span style=\"font-size:16px;font-family:宋体\">管斌.微信公众平台用户使用意愿影响因素研究[D].华中师范大学,2015.&nbsp;&nbsp; </span></p><p><span style=\"font-size:16px;font-family:宋体\">[5] </span><span style=\"font-size:16px;font-family:宋体\">卢泰宏. 营销管理演进综述[J]. 外国经济与管理,2008,(01):39-45.</span></p><p><span style=\"font-size:16px;font-family:宋体\">[6] </span><span style=\"font-size:16px;font-family:宋体\">冀芳,张夏恒.微信公众平台传播效果评价研究[J/OL].情报理论与实践,2015,38(12):77-81.&nbsp; </span></p><p><span style=\"font-size:16px;font-family:宋体\">[7]</span><span style=\"font-size:16px;font-family:宋体\">方又强.MVC架构体系降低耦合性措施探讨[J/OL].电子测试,2017,(02):43-102.&nbsp; </span></p><p><span style=\"font-size:16px;font-family:宋体\">[8]</span><span style=\"font-size:16px;font-family:宋体\">张峰.应用SpringBoot改变web应用开发模式[J]. 科技创新与应用,2017,(23):193-194.</span></p><p><span style=\"font-size:16px;font-family:宋体\">[9]</span><span style=\"font-size:16px;font-family:宋体\">杜鹏.消费者绿色食品支付意愿研究:顾客体验视角[J]. 农业经济问题,2012,33(11):98-103+112.</span></p><p><span style=\"font-size:16px;font-family:宋体\">[10]</span><span style=\"font-size:16px;font-family:宋体\">张俊峰.浅谈绿色食品营销策略[J]. 黑龙江科技信息,2017,(01):286.</span></p><p><span style=\"font-size:16px;font-family:宋体\">[11]</span><span style=\"font-size:16px;font-family:宋体\">刘艳芳,方菁. 农药污染及其对健康影响的研究进展[J/OL]. 卫生软科学,2014,28(10):673-676.</span></p><p><br/></p>',513,187,2019),(51,'<p><span style=\"font-size:16px;font-family:宋体\">了解设备科人员对医疗器械管理的日常工作，深入探讨并分析他们的具体需求，确定好本系统需要实现的功能模块，研究医疗器械管理的相关知识，查看充足的相关文献，实现并完善医疗器械管理系统，系统除了可以对全院医疗设备的全生命流程（登记、使用、报修、维修、巡检等）进行全面系统的管理、记录、分析外，还可以对医院设备资产状况、正常使用率、故障率、设备故障次数、设备故障原因、维修保养费用、计量费用情况等做出各种统计、量化、图表分析。系统还具备自动提醒功能，当有维修项目或者巡检项目时，系统会发相关邮件和短信到设备科人员的邮箱和手机上，以便及时对设备进行处理。</span></p><p style=\"text-indent:32px\"><span style=\"font-size:16px;font-family:宋体\">充分利用大学所学知识，对系统进行合理的设计，与指导老师探讨需要完善的内容，适当添加一些额外的技术。</span></p><p><br/></p>','<p style=\"text-indent:36px;line-height:125%\"><span style=\"font-size:16px;line-height:125%;font-family: 宋体\">第一阶段: 查阅文献资料，确定课题，</span><span style=\"font-size: 16px;line-height:125%;font-family:宋体\">拟写论文大纲。</span></p><p style=\"text-indent:36px;line-height:125%\"><span style=\"font-size:16px;line-height:125%;font-family: 宋体\">第二阶段：探讨及交流，明确使用人员对系统的具体需求。</span></p><p style=\"text-indent:36px;line-height:125%\"><span style=\"font-size:16px;line-height:125%;font-family: 宋体\">第三阶段：构建系统的功能框架。</span></p><p style=\"text-indent:36px;line-height:125%\"><span style=\"font-size:16px;line-height:125%;font-family: 宋体\">第四阶段：设计合理的数据库，并且对各个功能进行编码实现，对系统进行测试并修改完善。</span></p><p style=\"text-indent:36px;line-height:125%\"><span style=\"font-size:16px;line-height:125%;font-family: 宋体\">第五阶段：整理资料，撰写论文初稿。</span></p><p style=\"text-indent:32px\"><span style=\"font-size:16px;font-family:宋体\">第六阶段：修改初稿，形成定稿，按格式标准整理打印论文，参加答辩</span></p><p><br/></p>','<p style=\"line-height:125%\"><span style=\"font-size: 16px;line-height:125%;font-family:宋体\">[1]</span><span style=\"font-size:16px;line-height:125%;font-family:宋体\">张孝祥. 深入Java Web开发内幕——核心基础[M]. 北京：电子工业出版社. 2006</span></p><p style=\"line-height:125%\"><span style=\"font-size: 16px;line-height:125%;font-family:宋体\">[2] </span><span style=\"font-size:16px;line-height:125%;font-family:宋体\">林信良. Spring2.0技术手册[M]. 北京：电子工业出版社，2005</span></p><p style=\"line-height:125%\"><span style=\"font-size: 16px;line-height:125%;font-family:宋体\">[3] </span><span style=\"font-size:16px;line-height:125%;font-family:宋体\">林寒超,张南平. Hibernate技术的研究[J].计算机技术与发展,2006, 16(11): 112-113,116</span></p><p style=\"line-height:125%\"><span style=\"font-size: 16px;line-height:125%;font-family:宋体\">[4] </span><span style=\"font-size:16px;line-height:125%;font-family:宋体\">田珂，谢世波，方马.J2EE数据持久层的解决方案[J].计算机工程，2003, 29(22): 93-95</span></p><p style=\"line-height:125%\"><span style=\"font-size: 16px;line-height:125%;font-family:宋体\">[5] </span><span style=\"font-size:16px;line-height:125%;font-family:宋体\">孙卫琴，李洪成.Tomcat 与 Java Web 开发技术详解[M].电子工业出版社，2003.6:1-205</span></p><p><br/></p>',382,169,2019),(52,'<p style=\"text-indent:32px;line-height:125%;text-autospace:none\"><span style=\"font-size:16px;line-height:125%;font-family:宋体\">系统使用JSP作为开发语言、使用Spring SpringMVC Mybatis(SSM)作为架构、Mysql作为数据库管理系统，采用B/S模式作为系统的物理架构，开发一个高校宿舍管理系统。系统的使用用户分为四种：一种是前台用户，也就是学生，完成对个人信息的维护和管理；第二种是宿管员，完成宿舍各项信息的维护和管理；第三种是维修人员，完成对维修业务的处理操作；第四种是系统管理员：完成对系统功能和所有数据的维护。</span></p><p style=\"text-indent:32px;line-height:125%\"><span style=\"font-size:16px;line-height:125%;font-family: 宋体\">各类用户可实现的基本功能如下：</span></p><p style=\"text-indent:32px;line-height:24px\"><span style=\"font-size:16px;font-family:宋体\">学生：个人基本信息管理；</span></p><p style=\"text-indent:80px;line-height:24px\"><span style=\"font-size:16px;font-family:宋体\">空床位查询；</span></p><p style=\"text-indent:80px;line-height:24px\"><span style=\"font-size:16px;font-family:宋体\">提交、撤销、修改宿舍变动申请；</span></p><p style=\"text-indent:80px;line-height:24px\"><span style=\"font-size:16px;font-family:宋体\">提交、撤销、修改设备报修单等；</span></p><p style=\"text-indent:80px;line-height:24px\"><span style=\"font-size:16px;font-family:宋体\">退宿申请。</span></p><p style=\"text-indent:32px;line-height:24px\"><span style=\"font-size:16px;font-family:宋体\">宿管员：住宿信息管理，包括宿舍楼分配、楼层分配、宿舍分配、床位分配；</span></p><p style=\"text-indent:96px;line-height:24px\"><span style=\"font-size:16px;font-family:宋体\">宿舍信息录入；</span></p><p style=\"text-indent:96px;line-height:24px\"><span style=\"font-size:16px;font-family:宋体\">学生信息录入；</span></p><p style=\"text-indent:96px;line-height:24px\"><span style=\"font-size:16px;font-family:宋体\">查询学生住宿信息；</span></p><p style=\"text-indent:96px;line-height:24px\"><span style=\"font-size:16px;font-family:宋体\">宿舍变动信息审核；</span></p><p style=\"text-indent:96px;line-height:24px\"><span style=\"font-size:16px;font-family:宋体\">晚归登记；</span></p><p style=\"text-indent:96px;line-height:24px\"><span style=\"font-size:16px;font-family:宋体\">退宿信息审核；</span></p><p style=\"text-indent:96px;line-height:24px\"><span style=\"font-size:16px;font-family:宋体\">外来人员登记等。</span></p><p style=\"text-indent:32px;line-height:24px\"><span style=\"font-size:16px;font-family:宋体\">维修员：维修信息管理。</span></p><p style=\"text-indent:32px;line-height:24px\"><span style=\"font-size:16px\">&nbsp;</span></p><p style=\"text-indent:32px;line-height:24px\"><span style=\"font-size:16px;font-family:宋体\">系统管理员：用户信息管理；</span></p><p style=\"text-indent:128px;line-height:24px\"><span style=\"font-size:16px;font-family:宋体\">权限管理；</span></p><p style=\"text-indent:128px;line-height:24px\"><span style=\"font-size:16px;font-family:宋体\">数据备份等。</span></p><p><br/></p>','<p style=\"text-indent:36px;line-height:125%\"><span style=\"font-size:16px;line-height:125%;font-family: 宋体\">第一周: 查阅文献资料，确定研究课题。</span></p><p style=\"text-indent:36px;line-height:125%\"><span style=\"font-size:16px;line-height:125%;font-family: 宋体\">第二周：撰写开题报告，进行开题。</span></p><p style=\"text-indent:36px;line-height:125%\"><span style=\"font-size:16px;line-height:125%;font-family: 宋体\">第三周：调研分析，明确用户对系统的具体需求。</span></p><p style=\"text-indent:36px;line-height:125%\"><span style=\"font-size:16px;line-height:125%;font-family: 宋体\">第四周至第九周：设计系统的整体功能框架，进行数据库设计及对系统各功能模块进行编码实现。</span></p><p style=\"text-indent:36px;line-height:125%\"><span style=\"font-size:16px;line-height:125%;font-family: 宋体\">第十周：对系统进行测试并修改完善。</span></p><p style=\"text-indent:36px;line-height:125%\"><span style=\"font-size:16px;line-height:125%;font-family: 宋体\">第十一周：整理资料，撰写论文初稿。</span></p><p style=\"text-indent:32px;line-height:24px\"><span style=\"font-size:16px;font-family:宋体\">第十二周：完成系统开发，修改初稿，形成定稿，按格式标准整理打印论文，准备参加答辩。</span></p><p><br/></p>','<p style=\"line-height:27px\"><span style=\"font-size:16px;font-family:宋体\">[1] </span><span style=\"font-size:16px;font-family:宋体\">万德生</span><span style=\"font-size:16px\">. </span><span style=\"font-size:16px;font-family: 宋体\">高校宿舍管理系统的设计与实现</span><span style=\"font-size:16px\">[D]. </span><span style=\"font-size:16px;font-family:宋体\">硕士学位论文，吉林大学，</span><span style=\"font-size:16px\">2016</span><span style=\"font-size:16px;font-family:宋体\">．</span></p><p style=\"line-height:27px\"><span style=\"font-size:16px;font-family:宋体\">[2] </span><span style=\"font-size:16px;font-family:宋体\">卜建东</span><span style=\"font-size:16px\">. </span><span style=\"font-size:16px;font-family: 宋体\">基于</span><span style=\"font-size:16px\">J2EE</span><span style=\"font-size:16px;font-family:宋体\">的学生宿舍管理系统的设计与实现</span><span style=\"font-size: 16px\">[D]. </span><span style=\"font-size:16px;font-family:宋体\">硕士学位论文，电子科技大学，</span><span style=\"font-size:16px\">2015</span><span style=\"font-size:16px;font-family:宋体\">．</span></p><p style=\"line-height:27px\"><span style=\"font-size:16px\">&nbsp;</span></p><p style=\"line-height:27px\"><span style=\"font-size:16px;font-family:宋体\">[3] </span><span style=\"font-size:16px;font-family:宋体\">钱力</span> <span style=\"font-size:16px;font-family:宋体\">邓绯．高校新生入学宿舍管理系统的设计与实现</span><span style=\"font-size:16px\">[J]</span><span style=\"font-size:16px;font-family:宋体\">．重庆三峡学院报．</span><span style=\"font-size:16px\">2014</span><span style=\"font-size:16px;font-family:宋体\">，第</span><span style=\"font-size:16px\">30</span><span style=\"font-size:16px;font-family: 宋体\">卷（</span><span style=\"font-size:16px\">151</span><span style=\"font-size:16px;font-family:宋体\">期）：</span><span style=\"font-size:16px\">48-51</span><span style=\"font-size:16px;font-family:宋体\">．</span></p><p style=\"line-height:27px\"><span style=\"font-size:16px;font-family:宋体\">[4] </span><span style=\"font-size:16px;font-family:宋体\">郝鹃 路美秀</span><span style=\"font-size:16px\">.</span><span style=\"font-size:16px;font-family: 宋体\">大学生个性化宿舍分配算法研究</span><span style=\"font-size:16px\">[J]. </span><span style=\"font-size:16px;font-family:宋体\">信息通信，</span><span style=\"font-size:16px\">2016</span><span style=\"font-size:16px;font-family:宋体\">，第</span><span style=\"font-size:16px\">5</span><span style=\"font-size:16px;font-family: 宋体\">期：</span><span style=\"font-size:16px\">153-154</span><span style=\"font-size:16px;font-family:宋体\">．</span></p><p style=\"line-height:27px\"><span style=\"font-size:16px;font-family:宋体\">[5] </span><span style=\"font-size:16px;font-family:宋体\">孙灿 苗南南</span><span style=\"font-size:16px\">.</span><span style=\"font-size:16px;font-family: 宋体\">改进贪心算法在只能宿舍分配系统中的应用</span><span style=\"font-size:16px\">[J]. </span><span style=\"font-size:16px;font-family:宋体\">信息通信，</span><span style=\"font-size:16px\">2014</span><span style=\"font-size:16px;font-family:宋体\">，第</span><span style=\"font-size:16px\">9</span><span style=\"font-size:16px;font-family: 宋体\">期：</span><span style=\"font-size:16px\">49</span><span style=\"font-size:16px;font-family:宋体\">．</span></p><p style=\"line-height:27px\"><span style=\"font-size:16px;font-family:宋体\">[6] </span><span style=\"font-size:16px;font-family:宋体\">林萍 朱婵</span><span style=\"font-size:16px\">.</span><span style=\"font-size:16px;font-family: 宋体\">基于</span><span style=\"font-size:16px\">Ajax</span><span style=\"font-size:16px;font-family:宋体\">技术和</span><span style=\"font-size:16px\">JavaEE</span><span style=\"font-size:16px;font-family:宋体\">的分页查询优化</span><span style=\"font-size:16px\">[J]. </span><span style=\"font-size:16px;font-family: 宋体\">计算机系统应用，</span><span style=\"font-size:16px\">2017</span><span style=\"font-size:16px;font-family:宋体\">，第</span><span style=\"font-size:16px\">26</span><span style=\"font-size:16px;font-family:宋体\">卷（</span><span style=\"font-size:16px\">8</span><span style=\"font-size:16px;font-family: 宋体\">期）：</span><span style=\"font-size:16px\">184-189</span><span style=\"font-size:16px;font-family:宋体\">．</span></p><p style=\"line-height:27px\"><span style=\"font-size:16px;font-family:宋体\">[7] </span><span style=\"font-size:16px;font-family:宋体\">郝鹃 路美秀</span><span style=\"font-size:16px\">.</span><span style=\"font-size:16px;font-family: 宋体\">大学生个性化宿舍分配需求调查问卷的设计与研究</span><span style=\"font-size:16px\"> [J]. </span><span style=\"font-size:16px;font-family:宋体\">福建电脑，</span><span style=\"font-size:16px\">2016</span><span style=\"font-size:16px;font-family:宋体\">，第</span><span style=\"font-size:16px\">3</span><span style=\"font-size:16px;font-family: 宋体\">期：</span><span style=\"font-size:16px\">137-138</span><span style=\"font-size:16px;font-family:宋体\">．</span></p><p style=\"line-height:27px\"><span style=\"font-size:16px;font-family:宋体\">[8] </span><span style=\"font-size:16px;font-family:宋体\">李洋.</span><span style=\"font-size:16px\"> SSM</span><span style=\"font-size:16px;font-family:宋体\">框架在</span><span style=\"font-size:16px\">Web</span><span style=\"font-size:16px;font-family:宋体\">应用开发中的设计与实现</span><span style=\"font-size:16px\">[J]. </span><span style=\"font-size:16px;font-family: 宋体\">计算机技术与发展，</span><span style=\"font-size:16px\">2016</span><span style=\"font-size:16px;font-family:宋体\">，第</span><span style=\"font-size:16px\">26</span><span style=\"font-size:16px;font-family:宋体\">卷（</span><span style=\"font-size:16px\">12</span><span style=\"font-size:16px;font-family: 宋体\">期）</span><span style=\"font-size:16px\">:190-194.</span></p><p style=\"line-height:27px\"><span style=\"font-size:16px;font-family:宋体\">[9]</span><span style=\"font-size:16px;font-family:宋体\">（美）卡里斯坎 （美）赛温迪克.Spring入门经典[M].北京:清华大学出版社,2015.09.</span></p><p style=\"line-height:27px\"><span style=\"font-size:16px;font-family:宋体\">[10] </span><span style=\"font-size:16px;font-family:宋体\">杨开振.深入浅出MyBatis技术原理与实战[M].北京:电子工业出版社,2016.09.</span></p><p><br/></p>',383,169,2019),(53,'<p><span style=\"font-size:19px;font-family:宋体\">综合运用大学期所学习的《</span><span style=\"font-size:19px\">Java</span><span style=\"font-size:19px;font-family:宋体\">程序设计》、《数据库原理》等课程知识完成一个基于</span><span style=\"font-size:19px\">Spring Boot</span><span style=\"font-size:19px;font-family:宋体\">博客系统，并按要求完成系统的具体设计与实现，以及论文的撰写。</span></p><p style=\"margin-left:0;text-indent:0\"><span style=\"font-size:19px\">1.</span><span style=\"font-size:19px;font-family:宋体\">阅读</span><span style=\"font-size:19px\">Spring Boot</span><span style=\"font-size:19px;font-family:宋体\">相关书籍与资料，选择确定前端框架。</span></p><p style=\"margin-left:0;text-indent:0\"><span style=\"font-size:19px\">2.</span><span style=\"font-size:19px;font-family:宋体\">学习框架及数据库相关技术完成前期所需的准备工作。</span></p><p style=\"margin-left:0;text-indent:0\"><span style=\"font-size:19px\">3.</span><span style=\"font-size:19px;font-family:宋体\">完成基于</span><span style=\"font-size:19px\">Spring Boot</span><span style=\"font-size:19px;font-family:宋体\">的博客系统及后台数据的管理。</span></p><p style=\"margin-left:0;text-indent:0\"><span style=\"font-size:19px\">4.</span><span style=\"font-size:19px;font-family:宋体\">按时参加毕业设计小组讨论。</span></p><p style=\"margin-left:0;text-indent:0\"><strong><span style=\"font-size:16px;font-family:宋体\">5.</span></strong><span style=\"font-size:19px;font-family:宋体\">提交满足梧州学院工科毕业设计所要求的论文及作品。</span><span style=\"font-size:16px;font-family:宋体\"> </span></p><p><br/></p>','<p style=\"text-indent:32px\"><span style=\"font-size:16px;font-family:宋体\">第一阶段：确定产品开发的目标和可行性。</span></p><p style=\"text-indent:32px\"><span style=\"font-size:16px;font-family:宋体\">第二阶段：调研，查阅相关文献和资料。</span></p><p style=\"text-indent:32px\"><span style=\"font-size:16px;font-family:宋体\">第三阶段：制定项目开发流程，完成数据库的创建及搭建相关环境</span></p><p style=\"text-indent:32px\"><span style=\"font-size:16px;font-family:宋体\">第四阶段：编写各功能模块并完成相关测试。</span></p><p style=\"text-indent:32px\"><span style=\"font-size:16px;font-family:宋体\">第五阶段：整理系统相关文档，完成论文。</span></p><p><br/></p>','<p style=\"line-height: 125%\"><span style=\"font-size:16px;line-height:125%;font-family:宋体\">&nbsp;&nbsp;&nbsp; </span><span style=\"font-size:16px;line-height:125%;font-family:宋体\">[1]</span><span style=\"font-size:16px;line-height:125%;font-family:宋体\">杨家炜.<a href=\"http://kns.cnki.net/kcms/detail/detail.aspx?filename=GXQG201607044&dbcode=CJFQ&dbname=CJFD2016&v=\" target=\"kcmstarget\"><span style=\"color:windowtext;text-underline:none\">基于Spring Boot</span><span style=\"color:windowtext;text-underline:none\">的web</span><span style=\"color:windowtext;text-underline:none\">设计与实现</span></a>[J].轻工科技.2016(07)</span></p><p style=\"text-indent: 32px;line-height: 125%\"><span style=\"font-size: 16px;line-height:125%;font-family:宋体\">[2]</span><span style=\"font-size:16px;line-height:125%;font-family:宋体\">王永和,张劲松,邓安明,周智勋.<a href=\"http://kns.cnki.net/kcms/detail/detail.aspx?filename=HBYD201610046&dbcode=CJFQ&dbname=CJFD2016&v=\" target=\"http://kns.cnki.net/kcms/detail/frame/kcmstarget\"><span style=\"color:windowtext;text-underline:none\">Spring Boot</span><span style=\"color:windowtext;text-underline:none\">研究和应用</span></a>[J].信息通信.2016(10).11-16.</span></p><p style=\"text-indent: 32px;line-height: 125%\"><span style=\"font-size: 16px;line-height:125%;font-family:宋体\">[3]</span><span style=\"font-size:16px;line-height:125%;font-family:宋体\">柳汨.<a href=\"http://kns.cnki.net/kcms/detail/detail.aspx?filename=ZXQY201601226&dbcode=CJFQ&dbname=CJFD2016&v=\" target=\"kcmstarget\"><span style=\"color:windowtext;text-underline:none\">基于HTML</span><span style=\"color:windowtext;text-underline:none\">语言的网页制作浅析</span></a>[J].中小企业管理与科技(上旬刊).2016(01)</span></p><p style=\"text-indent: 32px;line-height: 125%\"><span style=\"font-size: 16px;line-height:125%;font-family:宋体\">[4]</span><span style=\"font-size:16px;line-height:125%;font-family:宋体\">范兆忠,张海攀,魏跃堂.<a href=\"http://kns.cnki.net/kcms/detail/detail.aspx?filename=WXHK201515017&dbcode=CJFQ&dbname=CJFD2015&v=\" target=\"kcmstarget\"><span style=\"color:windowtext;text-underline:none\">HTML5</span><span style=\"color:windowtext;text-underline:none\">与CSS3</span><span style=\"color:windowtext;text-underline:none\">在网页中的应用</span></a>[J].无线互联科技.2015(15).</span></p><p style=\"text-indent: 32px;line-height: 125%\"><span style=\"font-size: 16px;line-height:125%;font-family:宋体\">[5]</span><span style=\"font-size:16px;line-height:125%;font-family:宋体\">李驰,李林.<a href=\"http://kns.cnki.net/kcms/detail/detail.aspx?filename=RJDK201605067&dbcode=CJFQ&dbname=CJFD2016&v=\" target=\"kcmstarget\"><span style=\"color:windowtext;text-underline:none\">基于HTML5</span><span style=\"color:windowtext;text-underline:none\">的Web</span><span style=\"color:windowtext;text-underline:none\">前端安全性研究</span></a>[J].软件导刊.2016(05)</span></p><p style=\"text-indent:32px;line-height:125%\"><span style=\"font-size:16px;line-height:125%;font-family:宋体\">[6]</span><span style=\"font-size:16px;line-height:125%;font-family:宋体\">范兆忠,张海攀,魏跃堂.<a href=\"http://kns.cnki.net/kcms/detail/detail.aspx?filename=WXHK201515017&dbcode=CJFQ&dbname=CJFD2015&v=\" target=\"kcmstarget\"><span style=\"color:windowtext;text-underline:none\">HTML 5</span><span style=\"color:windowtext;text-underline:none\">与CSS 3</span><span style=\"color:windowtext;text-underline:none\">在网页中的应用</span></a>[J].无线互联科技.2015(15)</span></p><p style=\"text-indent:32px;line-height:125%\"><span style=\"font-size:16px;line-height:125%;font-family:宋体\">[7]</span><span style=\"font-size:16px;line-height:125%;font-family:宋体\">王贵生.<a href=\"http://kns.cnki.net/kcms/detail/detail.aspx?filename=DNZS201434002&dbcode=CJFQ&dbname=CJFD2014&v=\" target=\"http://kns.cnki.net/KCMS/detail/kcmstarget\"><span style=\"color:windowtext;text-underline:none\">MySQL</span><span style=\"color:windowtext;text-underline:none\">数据库索引的研究</span></a>[J].电脑知识与技术.2014(34)</span></p><p style=\"text-indent:32px;line-height:125%\"><span style=\"font-size:16px;line-height:125%;font-family:宋体\">[8]</span><span style=\"font-size:16px;line-height:125%;font-family:宋体\">李仕伟,周坤,刘新蕊,李宝林.<a href=\"http://kns.cnki.net/kcms/detail/detail.aspx?filename=XXDL201612089&dbcode=CJFQ&dbname=CJFD2016&v=\" target=\"http://kns.cnki.net/KCMS/detail/kcmstarget\"><span style=\"color:windowtext;text-underline:none\">MySQL</span><span style=\"color:windowtext;text-underline:none\">数据库优化技术</span></a>[J].信息与电脑(理论版).2016(12)</span></p><p style=\"text-indent:32px;line-height:125%\"><span style=\"font-size:16px;line-height:125%;font-family:宋体\">[9]</span><span style=\"font-size:16px;line-height:125%;font-family:宋体\">储雷,张健.<a href=\"http://kns.cnki.net/kcms/detail/detail.aspx?filename=DNZS201628051&dbcode=CJFQ&dbname=CJFDTEMP&v=\" target=\"http://kns.cnki.net/kcms/detail/frame/kcmstarget\"><span style=\"color:windowtext;text-underline:none\">基于JavaEE</span><span style=\"color:windowtext;text-underline:none\">的个人博客系统的设计与实现</span></a>[J].电脑知识与技术.2016.58-82.</span></p><p style=\"text-indent:32px;line-height:125%\"><span style=\"font-size:16px;line-height:125%;font-family:宋体\">[10]</span><span style=\"font-size:16px;line-height:125%;font-family:宋体\">陈涛,叶荣华.<a href=\"http://kns.cnki.net/kcms/detail/detail.aspx?filename=GZDN2016Z1032&dbcode=CJFQ&dbname=CJFD2016&v=\" target=\"kcmstarget\"><span style=\"color:windowtext;text-underline:none\">基于Spring Boot</span><span style=\"color:windowtext;text-underline:none\">和MongoDB</span><span style=\"color:windowtext;text-underline:none\">的数据持久化框架研究</span></a>[J].电脑与电信.2016(Z1)．</span></p><p><br/></p>',385,169,2019),(54,'<p style=\"margin: 8px 0\"><span style=\"font-size:16px;font-family:宋体\">综合运用大学所学的《软件工程》/《程序设计》/《数据库原理》等课程知识完成基于微信的车联网云平台公务车辆管理系统，并按照下述要求完成系统的设计与论文的撰写：</span></p><p style=\"margin: 8px 0;text-indent: 0\"><span style=\"font-size:16px\">1、<span style=\"font-variant-numeric: normal;font-stretch: normal;font-size: 9px;line-height: normal;font-family: &#39;Times New Roman&#39;\">&nbsp; </span></span><span style=\"font-size:16px;font-family:宋体\">查找或阅读车联网的资料：通过查找或阅读车联网方面的相关资料</span><span style=\"font-size:16px\">,</span><span style=\"font-size:16px;font-family:宋体\">了解到当前公务用车的使用流程存在一些问题，例如申请流程复杂，公车私用，车辆维护不方便等。</span> <span style=\"font-size:16px;font-family: 宋体\">而车联网的出现可以很好地解决这些问题。通过网络可以将复杂的申请流程简化，同时可以通过网络监控防止公车私用。</span></p><p style=\"margin: 8px 0;text-indent: 0\"><span style=\"font-size:16px\">2、<span style=\"font-variant-numeric: normal;font-stretch: normal;font-size: 9px;line-height: normal;font-family: &#39;Times New Roman&#39;\">&nbsp; </span></span><span style=\"font-size:16px;font-family:宋体\">做好完成作品所需的技术准备：基于微信的车联网云平台公务车辆管理系统的实现需要使用到以下技术。</span></p><p style=\"margin: 8px 0;text-indent: 0\"><span style=\"font-size:16px\">3、<span style=\"font-variant-numeric: normal;font-stretch: normal;font-size: 9px;line-height: normal;font-family: &#39;Times New Roman&#39;\">&nbsp; </span></span><span style=\"font-size:16px;font-family:宋体\">完成</span><span style=\"font-size:16px;font-family:宋体\">基于微信的车联网云平台公务车辆管理系统</span><span style=\"font-size:16px;font-family:宋体\">作品，并在</span><span style=\"font-size:16px;font-family:宋体\">公务车辆管理</span><span style=\"font-size:16px;font-family:宋体\">方面具备实际应用能力。</span></p><p style=\"margin: 8px 0;text-indent: 0\"><span style=\"font-size:16px\">4、<span style=\"font-variant-numeric: normal;font-stretch: normal;font-size: 9px;line-height: normal;font-family: &#39;Times New Roman&#39;\">&nbsp; </span></span><span style=\"font-size:16px;font-family:宋体\">按时参加毕业设计小组讨论。</span></p><p style=\"margin: 8px 0;text-indent: 0\"><span style=\"font-size:16px\">5、<span style=\"font-variant-numeric: normal;font-stretch: normal;font-size: 9px;line-height: normal;font-family: &#39;Times New Roman&#39;\">&nbsp; </span></span><span style=\"font-size:16px;font-family:宋体\">提交</span><span style=\"font-size:16px;font-family:宋体\">基于微信的车联网云平台公务车辆管理系统的</span><span style=\"font-size:16px;font-family:宋体\">论文及作品</span></p><p><br/></p>','<p style=\"margin: 8px 0;line-height: 24px\"><span style=\"font-size:16px;font-family:宋体\">第一阶段：查找或阅读车联网方面的资料，研究当前公务用车的现状，以及可能的发展趋势。</span></p><p style=\"margin: 8px 0;line-height: 24px\"><span style=\"font-size:16px;font-family:宋体\">第二阶段：调研微信接口，微信消息的数据结构，研究系统是否可接入到微信端，调研</span><span style=\"font-size:16px;font-family:宋体\">车辆监控数据来源，选取可靠的、稳定的数据来源。</span><span style=\"font-size:16px;font-family:宋体\">根据车联网公务用车的现状进行需求分析和系统开发的可行性分析。</span></p><p style=\"margin: 8px 0;line-height: 24px\"><span style=\"font-size:16px;font-family:宋体\">第三阶段：划分功能模块，进行数据库设计。</span></p><p style=\"margin: 8px 0;line-height: 24px\"><span style=\"font-size:16px;font-family:宋体\">第四阶段：编码实现各个功能模块，测试系统功能。</span></p><p style=\"margin: 8px 0;line-height: 24px\"><span style=\"font-size:16px;font-family:宋体\">第五阶段：撰写毕业论文。</span></p><p><br/></p>','<p style=\"margin: 8px 0;line-height: 125%\"><span style=\"font-size:16px;line-height:125%;font-family:宋体\">[1]</span><span style=\"font-size: 16px;line-height:125%;font-family:宋体\">李小刚,杨彬.车联网安全防护问题分析[J].移动通信,2015,39(11):30-33.</span></p><p style=\"margin: 8px 0;line-height: 125%\"><span style=\"font-size:16px;line-height:125%;font-family:宋体\">[2]</span><span style=\"font-size: 16px;line-height:125%;font-family:宋体\">苏静,王冬,张菲菲.车联网技术应用综述[J].物联网技术,2014,4(06):69-72.</span></p><p style=\"margin: 8px 0;line-height: 125%\"><span style=\"font-size:16px;line-height:125%;font-family:宋体\">[3]</span><span style=\"font-size: 16px;line-height:125%;font-family:宋体\">陈斌.车联网管理系统设计与实现[D].<span style=\"color:#222222;background:white\">硕士.</span>华南理工大学,2015.</span></p><p style=\"margin: 8px 0;line-height: 125%\"><span style=\"font-size:16px;line-height:125%;font-family:宋体\">[4]</span><span style=\"font-size: 16px;line-height:125%;font-family:宋体\">唐硕.基于Android平台的车联网车载应用软件的设计与实现[D].<span style=\"color:#222222;background:white\">硕士</span>.北京邮电大学,2014.</span></p><p style=\"margin: 8px 0;line-height: 125%\"><span style=\"font-size:16px;line-height:125%;font-family:宋体\">[5] (</span><span style=\"font-size: 16px;line-height:125%;font-family:宋体\">美)克兰(Kline,K.E.),(美)克兰(Kline,D.),(美)汉茨(Hunt,B.)(第二版). SQL技术手册[M].南京：东南大学出版社,2016.</span></p><p style=\"margin: 8px 0;line-height: 125%\"><span style=\"font-size:16px;line-height:125%;font-family:宋体\">[6]</span><span style=\"font-size: 16px;line-height:125%;font-family:宋体\">李小伟. 基于车联网技术的校车安全监控系统研制[C].新型汽车工程塑料——正确的设计和制造工艺高研班论文集.重庆：重庆汽车工程学会,2015.24-28.</span></p><p><br/></p>',510,187,2019),(55,'<p style=\"margin-top:8px;text-indent: 32px;line-height:110%\"><span style=\"font-size:16px;line-height:110%;font-family:宋体\">本课题主要是研究并设计出基于微信公众平台的“赁契”服务系统的设计与实现，数据库后台采用MySQL 数据库，使用Spring + Struts2 +Hibernate搭建基础框架、在微信公众平台上运行，方便用户通过物品租借分享式经济以便捷的方式和更加低廉的价格获取他们想要的东西。</span></p><p><br/></p>','<p style=\"text-indent:24px;line-height:110%\"><span style=\"font-size:16px;line-height:110%;font-family:宋体\">1</span><span style=\"font-size:16px;line-height:110%;font-family:宋体\">．2017年9月1日 - 9月14日 确定论文题目，经导师审查后，查找资料，撰写开题报告，并进行开题答辩。</span></p><p style=\"text-indent:24px;line-height:110%\"><span style=\"font-size:16px;line-height:110%;font-family:宋体\">2</span><span style=\"font-size:16px;line-height:110%;font-family:宋体\">．2017年10月1日 - 2018年1月 查阅资料，学习微信平台开发，完成“赁契”服务系统的主功能开发。</span></p><p style=\"text-indent:24px;line-height:110%\"><span style=\"font-size:16px;line-height:110%;font-family:宋体\">3.</span><span style=\"font-size:16px;line-height:110%;font-family:宋体\"> 2017</span><span style=\"font-size:16px;line-height:110%;font-family:宋体\">年1月1日 - 2018年4月 完善“赁契”服务系统的所有功能，并且进行微信平台的接口配置，进行整个系统的调试与修改。</span></p><p style=\"text-indent:24px;line-height:110%\"><span style=\"font-size:16px;line-height:110%;font-family:宋体\">4.</span><span style=\"font-size:16px;line-height:110%;font-family:宋体\"> 2017</span><span style=\"font-size:16px;line-height:110%;font-family:宋体\">年4月 - 2018年5月 根据开发撰写毕业论文进行最终答辩。</span></p><p style=\"text-indent:24px;line-height:110%\"><span style=\"font-size:16px;line-height:110%;font-family:宋体\">5.</span> <span style=\"font-size:16px;line-height:110%;font-family:宋体\">以上是主要计划，后续的研究遇到问题具体问题具体解决。</span></p><p><br/></p>','<p style=\"line-height: 125%\"><span style=\";line-height:125%;font-family:宋体\">&nbsp;</span><span style=\"font-size:16px;line-height:125%;font-family:宋体\">[1]</span><span style=\";line-height:125%;font-family:宋体;color:#333333;background:white\">汪颖栋</span><span style=\";line-height:125%;font-family:&#39;Arial&#39;,sans-serif;color:#333333;background:white\">. </span><span style=\";line-height:125%;font-family: 宋体;color:#333333;background:white\">试论共享经济的兴起与发展</span><span style=\";line-height:125%;font-family:&#39;Arial&#39;,sans-serif;color:#333333;background:white\">[J]. </span><span style=\";line-height:125%;font-family:宋体;color:#333333;background:white\">科技创业月刊</span><span style=\";line-height:125%;font-family:&#39;Arial&#39;,sans-serif;color:#333333;background:white\">,2016,29(13):27-28+32. [2017-09-15].</span></p><p style=\"line-height: 125%\"><span style=\";line-height:125%;font-family:宋体\">&nbsp;</span><span style=\"font-size:16px;line-height:125%;font-family:宋体\">[2]</span><span style=\";line-height:125%;font-family:宋体;color:#333333;background:white\">焦晨阳</span><span style=\";line-height:125%;font-family:&#39;Arial&#39;,sans-serif;color:#333333;background:white\">,</span><span style=\";line-height:125%;font-family:宋体;color:#333333;background:white\">王征风</span><span style=\";line-height:125%;font-family:&#39;Arial&#39;,sans-serif;color:#333333;background:white\">. </span><span style=\";line-height:125%;font-family: 宋体;color:#333333;background:white\">基于互联网技术的个人闲置物品租赁交易平台设计</span><span style=\";line-height:125%;font-family:&#39;Arial&#39;,sans-serif;color:#333333;background:white\">[J]. </span><span style=\";line-height:125%;font-family:宋体;color:#333333;background:white\">电脑知识与技术</span><span style=\";line-height:125%;font-family:&#39;Arial&#39;,sans-serif;color:#333333;background:white\">,2017,13(16):70-71. [2017-09-15]. DOI</span><span style=\";line-height:125%;font-family:宋体;color:#333333;background:white\">：</span><span style=\";line-height:125%;font-family:&#39;Arial&#39;,sans-serif;color:#333333;background:white\">10.14004/j.cnki.ckt.2017.1954</span></p><p style=\"line-height: 125%\"><span style=\";line-height:125%;font-family:宋体\">&nbsp;</span><span style=\"font-size:16px;line-height:125%;font-family:宋体\">[3]</span><span style=\";line-height:125%;font-family:宋体;color:#333333;background:white\">符开佳</span><span style=\";line-height:125%;font-family:&#39;Arial&#39;,sans-serif;color:#333333;background:white\">,</span><span style=\";line-height:125%;font-family:宋体;color:#333333;background:white\">章庐霞</span><span style=\";line-height:125%;font-family:&#39;Arial&#39;,sans-serif;color:#333333;background:white\">,</span><span style=\";line-height:125%;font-family:宋体;color:#333333;background:white\">陈梦莹</span><span style=\";line-height:125%;font-family:&#39;Arial&#39;,sans-serif;color:#333333;background:white\">. P2P</span><span style=\";line-height:125%;font-family: 宋体;color:#333333;background:white\">闲置物品网络租借平台构建可行性分析</span><span style=\";line-height:125%;font-family:&#39;Arial&#39;,sans-serif;color:#333333;background:white\">[J]. </span><span style=\";line-height:125%;font-family:宋体;color:#333333;background:white\">经营管理者</span><span style=\";line-height:125%;font-family:&#39;Arial&#39;,sans-serif;color:#333333;background:white\">,2015,(03):149. [2017-09-15].</span></p><p style=\"line-height: 125%\"><span style=\";line-height:125%;font-family:宋体\">&nbsp;</span><span style=\"font-size:16px;line-height:125%;font-family:宋体\">[4]</span><span style=\";line-height:125%;font-family:宋体;color:#333333;background:white\">冉海燕</span><span style=\";line-height:125%;font-family:&#39;Arial&#39;,sans-serif;color:#333333;background:white\">. </span><span style=\";line-height:125%;font-family: 宋体;color:#333333;background:white\">关于大学生闲置物品网上租借交易平台</span><span style=\";line-height:125%;font-family:&#39;Arial&#39;,sans-serif;color:#333333;background:white\">[J]. </span><span style=\";line-height:125%;font-family:宋体;color:#333333;background:white\">纳税</span><span style=\";line-height:125%;font-family:&#39;Arial&#39;,sans-serif;color:#333333;background:white\">,2017,(04):105. [2017-09-15].</span></p><p style=\"line-height: 125%\"><span style=\";line-height:125%;font-family:宋体\">&nbsp;</span><span style=\"font-size:16px;line-height:125%;font-family:宋体\">[5]</span><span style=\";line-height:125%;font-family:宋体;color:#333333;background:white\">焦晨阳</span><span style=\";line-height:125%;font-family:&#39;Arial&#39;,sans-serif;color:#333333;background:white\">,</span><span style=\";line-height:125%;font-family:宋体;color:#333333;background:white\">王征风</span><span style=\";line-height:125%;font-family:&#39;Arial&#39;,sans-serif;color:#333333;background:white\">. </span><span style=\";line-height:125%;font-family: 宋体;color:#333333;background:white\">基于互联网技术的个人闲置物品租赁交易平台设计</span><span style=\";line-height:125%;font-family:&#39;Arial&#39;,sans-serif;color:#333333;background:white\">[J]. </span><span style=\";line-height:125%;font-family:宋体;color:#333333;background:white\">电脑知识与技术</span><span style=\";line-height:125%;font-family:&#39;Arial&#39;,sans-serif;color:#333333;background:white\">,2017,13(16):70-71. [2017-09-15]. DOI</span><span style=\";line-height:125%;font-family:宋体;color:#333333;background:white\">：</span><span style=\";line-height:125%;font-family:&#39;Arial&#39;,sans-serif;color:#333333;background:white\">10.14004/j.cnki.ckt.2017.1954</span></p><p style=\"line-height: 125%\"><span style=\"font-size:16px;line-height:125%;font-family:宋体\">[6]</span><span style=\";line-height:125%;font-family:宋体;color:#333333;background:white\">段丽慧</span><span style=\";line-height:125%;font-family:&#39;Arial&#39;,sans-serif;color:#333333;background:white\">. </span><span style=\";line-height:125%;font-family: 宋体;color:#333333;background:white\">微信二手交易平台在高校中的发展趋势分析</span><span style=\";line-height:125%;font-family:&#39;Arial&#39;,sans-serif;color:#333333;background:white\">[A]. </span><span style=\";line-height:125%;font-family:宋体;color:#333333;background:white\">《决策与信息》杂志社、北京大学经济管理学院</span><span style=\";line-height:125%;font-family:&#39;Arial&#39;,sans-serif;color:#333333;background:white\">.</span><span style=\";line-height:125%;font-family:宋体;color:#333333;background:white\">决策论坛——政用产学研一体化协同发展学术研讨会论文集（上）</span><span style=\";line-height:125%;font-family:&#39;Arial&#39;,sans-serif;color:#333333;background:white\">[C].</span><span style=\";line-height:125%;font-family:宋体;color:#333333;background:white\">《决策与信息》杂志社、北京大学经济管理学院</span><span style=\";line-height:125%;font-family:&#39;Arial&#39;,sans-serif;color:#333333;background:white\">:,2015:3.</span></p><p style=\"line-height: 125%\"><span style=\";line-height:125%;font-family:宋体\">&nbsp;</span><span style=\"font-size:16px;line-height:125%;font-family:宋体\">[7]</span><span style=\";line-height:125%;font-family:宋体;color:#333333;background:white\">李典</span><span style=\";line-height:125%;font-family:&#39;Arial&#39;,sans-serif;color:#333333;background:white\">,</span><span style=\";line-height:125%;font-family:宋体;color:#333333;background:white\">王一策</span><span style=\";line-height:125%;font-family:&#39;Arial&#39;,sans-serif;color:#333333;background:white\">. </span><span style=\";line-height:125%;font-family: 宋体;color:#333333;background:white\">高校微信平台跳蚤市场的发展现状研究</span><span style=\";line-height:125%;font-family:&#39;Arial&#39;,sans-serif;color:#333333;background:white\">[J]. </span><span style=\";line-height:125%;font-family:宋体;color:#333333;background:white\">科技传播</span><span style=\";line-height:125%;font-family:&#39;Arial&#39;,sans-serif;color:#333333;background:white\">,2016,8(10):94+106. [2017-09-15]. DOI</span><span style=\";line-height:125%;font-family:宋体;color:#333333;background:white\">：</span><span style=\";line-height:125%;font-family:&#39;Arial&#39;,sans-serif;color:#333333;background:white\">10.16607/j.cnki.1674-6708.2016.10.062</span></p><p style=\"line-height: 125%\"><span style=\"font-size:16px;line-height:125%;font-family:宋体\">[8]</span><span style=\"font-size:16px;line-height:125%;font-family:宋体\">龚菊英，王壮，母佳成.大学生物品租赁模式存在的问题与对策[J].</span> <span style=\"font-size:16px;line-height: 125%;font-family:宋体\">质量风云</span><span style=\"font-size:16px;line-height:125%;font-family:宋体\">，2015，08.098.</span></p><p><br/></p>',347,140,2019),(56,'<p><span style=\"font-size:16px;font-family:宋体\">内容：</span></p><p style=\"margin-left:28px\"><span style=\";font-family:宋体\">1.</span><span style=\";font-family:宋体\">基于SSM技术搭建一个梧州学院班级事务管理系统，并撰写毕业设计论文及阐述所用的主要技术方案和实现细节。</span></p><p><span style=\";font-family:宋体\">&nbsp;&nbsp;&nbsp; 2.</span><span style=\";font-family:宋体\">平台功能设计</span></p><p><span style=\";font-family:宋体\">&nbsp;&nbsp;&nbsp; </span><span style=\";font-family:宋体\">前台功能：用户注册，登录与注销，班级动态，学生信息管理，教师信息管理,文件共享等功能。</span></p><p style=\"margin-left:28px\"><span style=\";font-family:宋体\">后台功能：系统管理员通过前台界面登录后进入管理界面对对应模块信息进行增删改等操作，管理员可管理平台显示内容，发布信息等；普通用户可登录查看班级动态,共享文件等模块。</span></p><p><span style=\";font-family:宋体\">&nbsp;&nbsp;&nbsp; 3.</span><span style=\";font-family:宋体\">使用CSS设计界面 ，使用JavaScript进行客户端交互设计。</span></p><p><span style=\";font-family:宋体\">&nbsp;&nbsp;&nbsp; 4.</span><span style=\";font-family:宋体\">使用MySQL作为该系统的数据库，要求有数据库的ER图。</span></p><p><span style=\";font-family:宋体\">&nbsp;&nbsp;&nbsp; 5.</span><span style=\";font-family:宋体\">使用eclipse开发工具编程将功能实现，并可以发布及运行系统。</span></p><p><span style=\"font-size:16px;font-family:宋体\">&nbsp;</span></p><p><span style=\"font-size:16px;font-family:宋体\">要求：</span></p><p style=\"margin-left:28px\"><span style=\"font-family:宋体\">1.</span><span style=\"font-family:宋体\">以Eclipse（Mars.2 Release 4.5.2）作为开发平台，以Tomcat 7.0作为Web服务器，以MySQL 5.5 作为数据库服务器。要求描述在Eclipse上进行配置的过程。编写代码要求符合格式和规范，注释要求详细、清晰。在Tomcat上发布、配置系统的的细节要描述清楚。要求有配置MySQL的详细步骤及用于配置数据库的SQL脚本文件。</span></p><p style=\"margin-left:28px\"><span style=\"font-family:宋体\">&nbsp;&nbsp;&nbsp; 2.</span><span style=\"font-family:宋体\">使用软件工程的方法，将平台按功能进行模块划分，并对各功能模块编写设计流程图、软件开发应符合标准的软件工程规范。</span></p><p><span style=\"font-family:宋体\">&nbsp;&nbsp;&nbsp; 3.</span><span style=\"font-family:宋体\">按规定完成毕业论文，字数不低于6000字，参考文献不低于20 篇</span></p><p><span style=\"font-family:宋体\">&nbsp;&nbsp;&nbsp; 4.</span><span style=\"font-family:宋体\">毕业设计期间应按任务书进度要求完成毕业设计各项工作。</span></p><p><span style=\"font-family:宋体\">&nbsp;&nbsp;&nbsp; 5.</span><span style=\"font-family:宋体\">用演示文稿参加答辩并现场展示作品。</span></p><p><br/></p>','<p style=\"margin-left:21px;line-height:125%\"><span style=\";line-height: 125%;font-family:宋体\">1.2017.08.10</span><span style=\";line-height:125%;font-family:宋体\">至2017.9.25做好课题调研工作，查阅相关材料，初步制定论文方案、完成开题报告，并进一步修改开题报告，进行开题答辩；</span></p><p style=\"margin-left:21px;line-height:125%\"><span style=\";line-height: 125%;font-family:宋体\">2.2017.10.01</span><span style=\";line-height:125%;font-family:宋体\">至2017.11.18 围绕所研究的课题，进行设计、测试、实现预定功能，并根据设计过程整理论文论据素材。</span></p><p style=\"margin-left:21px;line-height:125%\"><span style=\";line-height: 125%;font-family:宋体\">3.2017.11.19</span><span style=\";line-height:125%;font-family:宋体\">至2017.12.19 撰写毕业论文，补充必要的测试，撰写出毕业论文初稿和修改稿以及准备好答辩的演示文稿。</span></p><p style=\"margin-left:21px;line-height:125%\"><span style=\";line-height: 125%;font-family:宋体\">4.2017.12.19</span><span style=\";line-height:125%;font-family:宋体\">至2017.01.19 完成定稿，通过学术端检测系统检测后进入答辩环节。答辩后根据答辩专家组和指导老师的意见和建议进行再修改，提交最终版。</span></p><p><br/></p>','<p style=\"line-height: 125%\"><span style=\";line-height:125%;font-family:宋体\">[1] </span><span style=\";line-height:125%;font-family:宋体\">刘京华. Java Web整合开发王者归来[M]. 北京：清华大学出版社，2010.&nbsp;</span></p><p style=\"line-height: 125%\"><span style=\";line-height:125%;font-family:宋体\">[2] </span><span style=\";line-height:125%;font-family:宋体\">田珂，谢世波，方马. J2EE数据持久层的解决方案[J]. 计算机工程，2003, 29(22): 93-95.</span></p><p style=\"line-height: 125%\"><span style=\";line-height:125%;font-family:宋体\">[3] </span><span style=\";line-height:125%;font-family:宋体\">张孝祥. 深入Java Web开发内幕——核心基础[M]. 北京：电子工业出版社. 2006.</span></p><p style=\"line-height: 125%\"><span style=\";line-height:125%;font-family:宋体\">[4] </span><span style=\";line-height:125%;font-family:宋体\">孙涌. 现代软件工程[M].北京希望电子出版社，2003.8:1-246.</span></p><p style=\"line-height: 125%\"><span style=\";line-height:125%;font-family:宋体\">[5] </span><span style=\";line-height:125%;font-family:宋体\">朱红,司光亚. JAVA Web编程指南[M].电子工业出版社，2001.9:34-307..</span></p><p style=\"line-height: 125%\"><span style=\";line-height:125%;font-family:宋体\">[6] </span><span style=\";line-height:125%;font-family:宋体\">赛奎春. JAVA工程应用与项目实践[M]. 机械工业出版社，2002.8:23-294.</span></p><p style=\"line-height: 125%\"><span style=\";line-height:125%;font-family:宋体\">[8] &nbsp;</span><span style=\";line-height:125%;font-family:宋体\">邵维忠</span><span style=\";line-height: 125%;font-family:宋体\">,</span><span style=\";line-height:125%;font-family: 宋体\">杨芙清著</span><span style=\";line-height:125%;font-family:宋体\">.</span><span style=\";line-height:125%;font-family:宋体\">面向对象的系统分析(第2版),[M].北京:清华大学出版</span></p><p style=\"line-height: 125%\"><span style=\";line-height:125%;font-family:宋体\">社,2006:175-195.</span></p><p style=\"line-height: 125%\"><span style=\";line-height:125%;font-family:宋体\">[9] </span><span style=\";line-height:125%;font-family:宋体\">徐晓霞</span><span style=\";line-height: 125%;font-family:宋体\">.</span><span style=\";line-height:125%;font-family: 宋体\">贝雨馨;B/S模式与C/S模式之比较[J].延边大学学报(自然科学版),2002(02):67-77.</span></p><p style=\"line-height: 125%\"><span style=\";line-height:125%;font-family:宋体\">[10] </span><span style=\";line-height:125%;font-family:宋体\">王珊，李盛恩．数据库基础与应用[M]．人民邮电出版社，2005 .6:68-97.</span></p><p style=\"line-height: 125%\"><span style=\";line-height:125%;font-family:宋体\">[11] </span><span style=\";line-height:125%;font-family:宋体\">王珊.数据库系统概论（第四版），[M]. .&nbsp;高等教育出版社，2007.</span></p><p style=\"line-height: 125%\"><span style=\";line-height:125%;font-family:宋体\">[12] </span><span style=\";line-height:125%;font-family:宋体\">赛奎春. JAVA工程应用与项目实践[M]. 机械工业出版社，2002.8:23-294.</span></p><p style=\"line-height: 125%\"><span style=\";line-height:125%;font-family:宋体\">[13] </span><span style=\";line-height:125%;font-family:宋体\">林信良. Spring2.0技术手册[M]. 北京：电子工业出版社，2005.</span></p><p style=\"line-height: 125%\"><span style=\";line-height:125%;font-family:宋体\">[14] </span><span style=\";line-height:125%;font-family:宋体\">田珂，谢世波，方马. J2EE数据持久层的解决方案[J]. 计算机工程，2003, 29(22): 93-95.</span></p><p><br/></p>',381,169,2019),(57,'<p style=\"text-indent:32px;line-height:150%\"><span style=\"font-size:16px;line-height:150%;font-family: 宋体\">本课题要求梧州旅游景区为背景，按照软件工程的规范，设计一个基于微信公众平台的梧州旅游系统设计与实现，研究内容是实现给用户关注微信公众号时根据不同的用户分别推送不同的景区信息，为用户旅游制定路线，授权登录（微信），在线支付等旅游基本服务。</span></p><p><br/></p>','<p style=\"line-height:150%\"><span style=\"font-size:16px;line-height:150%;font-family:宋体\">第一阶段：查阅相关的旅游资料，了解旅游的基本信息，了解国内的旅游的现状。</span></p><p style=\"line-height:150%\"><span style=\"font-size:16px;line-height:150%;font-family:宋体\">第二阶段：查阅梧州旅游景区，并着手进行需求分析。</span></p><p style=\"line-height:150%\"><span style=\"font-size:16px;line-height:150%;font-family:宋体\">第三阶段：确定系统的主要核心功能，给出系统模块图，进行系统的概要设计。</span></p><p style=\"line-height:150%\"><span style=\"font-size:16px;line-height:150%;font-family:宋体\">第四阶段：进行详细设计。</span></p><p style=\"line-height:150%\"><span style=\"font-size:16px;line-height:150%;font-family:宋体\">第五阶段：进行编码实现。</span></p><p style=\"line-height:150%\"><span style=\"font-size:16px;line-height:150%;font-family:宋体\">第六阶段：进行系统的测试，完善系统功能。</span></p><p style=\"line-height:150%\"><span style=\"font-size:16px;line-height:150%;font-family:宋体\">第七阶段：整理并完善论文。</span></p><p><br/></p>','<p style=\"line-height:150%\"><span style=\"font-size: 16px;line-height:150%;font-family:宋体\">[1]</span><span style=\"font-size:16px;line-height:150%;font-family:宋体\">高午阳. 关于广州白云山风景区旅游体验产品开发的研究[D].兰州大学,2012</span></p><p style=\"line-height:150%\"><span style=\"font-size: 16px;line-height:150%;font-family:宋体\">[2]</span><span style=\"font-size:16px;line-height:150%;font-family:宋体\">王玉霞. “旅游+互联网”背景下旅游产业发展的思考[J]. 电脑迷,2017,(10):112. [2017-09-14].</span></p><p style=\"line-height:150%\"><span style=\"font-size: 16px;line-height:150%;font-family:宋体\">[3]</span><span style=\"font-size:16px;line-height:150%;font-family:宋体\">许文洁,牟丽君,樊亚明. 基于微信公众号的私人定制旅游应用探讨[J]. 产业与科技论坛,2017,16(20):82-84. [2017-09-14].</span></p><p style=\"line-height:150%\"><span style=\"font-size: 16px;line-height:150%;font-family:宋体\">[4]</span><span style=\"font-size:16px;line-height:150%;font-family:宋体\">冉燕. 旅游营销的七大误区[J/OL]. 经营与管理,2017,(10):149-151. (2017/9/4 1)[2017-09-14]</span></p><p style=\"line-height:150%\"><span style=\"font-size: 16px;line-height:150%;font-family:宋体\">[5]</span><span style=\"font-size:16px;line-height:150%;font-family:宋体\">李培蕊. 基于多案例分析的在线旅游平台商业模式研究[D].郑州大学,2017.</span></p><p style=\"line-height:150%\"><span style=\"font-size: 16px;line-height:150%;font-family:宋体\">[6]</span><span style=\"font-size:16px;line-height:150%;font-family:宋体\">贾玉珊. 旅游景区公共服务体系设计与研究[D].山东建筑大学,2017.</span></p><p style=\"line-height:150%\"><span style=\"font-size: 16px;line-height:150%;font-family:宋体\">[7]</span><span style=\"font-size:16px;line-height:150%;font-family:宋体\">戴冬情. 基于旅游线路的区域特色产品营销[D].河北经贸大学,2014.</span></p><p style=\"line-height:150%\"><span style=\"font-size: 16px;line-height:150%;font-family:宋体\">[8]</span><span style=\"font-size:16px;line-height:150%;font-family:宋体\">高莎. 基于微信的旅游企业营销模式探讨[D].广西师范大学,2016.</span></p><p style=\"line-height:150%\"><span style=\"font-size: 16px;line-height:150%;font-family:宋体\">[9]</span><span style=\"font-size:16px;line-height:150%;font-family:宋体\">徐金佳. 都市快报旅游微信公众平台“旅行惠”运营方案[D].浙江大学,2015.</span></p><p style=\"line-height:150%\"><span style=\"font-size: 16px;line-height:150%;font-family:宋体\">[10]</span><span style=\"font-size:16px;line-height:150%;font-family:宋体\">柳綪莹. 基于SSH的旅游管理系统的设计与实现[D].江西农业大学,2016.</span></p><p><br/></p>',304,187,2019),(58,'<p><span style=\"font-size:19px\">1.</span><span style=\"font-size:19px;font-family:宋体\">论文的内容：</span></p><p><span style=\"font-size:19px\">(1)</span><span style=\"font-size:19px;font-family:宋体\">研究</span><span style=\"font-size:19px\">Python</span><span style=\"font-size:19px;font-family:宋体\">语言的设计算法。</span></p><p><span style=\"font-size:19px\">(2)</span><span style=\"font-size:19px;font-family:宋体\">查找资料，对框架进行分析。</span></p><p><span style=\"font-size:19px\">(3)</span><span style=\"font-size:19px;font-family:宋体\">利用</span><span style=\"font-size:19px\">Python</span><span style=\"font-size:19px;font-family:宋体\">语言实现</span><span style=\"font-size:19px\">POC</span><span style=\"font-size:19px;font-family:宋体\">的规范设计。</span></p><p><span style=\"font-size:19px\">(4) POC</span><span style=\"font-size:19px;font-family:宋体\">结果返回规范。</span></p><p><span style=\"font-size:19px\">(5) </span><span style=\"font-size:19px;font-family:宋体\">对框架的功能进行相关测试并优化。</span></p><p><span style=\"font-size:19px\">(6)</span><span style=\"font-size:19px;font-family:宋体\">按时参加毕业设计小组会议。</span></p><p><span style=\"font-size:19px\">(7)</span><span style=\"font-size:19px;font-family:宋体\">提交符合梧州学院工科毕业设计所要求的论文及作品。</span></p><p><br/></p>','<p style=\"text-indent:32px\"><span style=\"font-size:16px;font-family:宋体\">第一阶段: 查阅文献，了解各漏洞形成的原因以及利用方式。</span></p><p style=\"text-indent:32px\"><span style=\"font-size:16px;font-family:宋体\">&nbsp;</span></p><p style=\"text-indent:32px\"><span style=\"font-size:16px;font-family:宋体\">第二阶段:选择危害比较大和常见的漏洞作为研究目标。</span></p><p style=\"text-indent:32px\"><span style=\"font-size:16px;font-family:宋体\">&nbsp;</span></p><p style=\"text-indent:32px\"><span style=\"font-size:16px;font-family:宋体\">第三阶段:研究框架的意义、运行机制以及接口调用。</span></p><p style=\"text-indent:32px\"><span style=\"font-size:16px;font-family:宋体\">&nbsp;</span></p><p style=\"text-indent:32px\"><span style=\"font-size:16px;font-family:宋体\">第四阶段：编写poc，并搭建实验环境验证poc是否可行。</span></p><p style=\"text-indent:32px\"><span style=\"font-size:16px;font-family:宋体\">&nbsp;</span></p><p style=\"text-indent:32px\"><span style=\"font-size:16px;font-family:宋体\">第五阶段:整理相关文档，完成论文。</span></p><p><br/></p>','<p><span style=\"font-size:19px\">[1] </span><span style=\"font-size:19px;font-family:宋体\">吴瀚清</span><span style=\"font-size:19px\">.</span><span style=\"font-size:19px;font-family:宋体\">白帽子讲</span><span style=\"font-size:19px\">Web</span><span style=\"font-size:19px;font-family:宋体\">安全</span><span style=\"font-size:19px\">[M].</span><span style=\"font-size:19px;font-family:宋体\">北京</span><span style=\"font-size:19px\">:</span><span style=\"font-size:19px;font-family:宋体\">电子工业出版</span><span style=\"font-size:19px\">,2014.</span></p><p><span style=\"font-size:19px\">[2] </span><span style=\"font-size:19px;font-family:宋体\">赵涏元</span><span style=\"font-size:19px\">,</span><span style=\"font-size:19px;font-family:宋体\">朴炳旭</span><span style=\"font-size:19px\">,</span><span style=\"font-size:19px;font-family:宋体\">林忠旻等</span><span style=\"font-size:19px\">.Kali Linux&amp; BackTrack</span><span style=\"font-size:19px;font-family:宋体\">渗透测试实战</span><span style=\"font-size:19px\">[M].</span><span style=\"font-size:19px;font-family:宋体\">北京</span><span style=\"font-size:19px\">:</span><span style=\"font-size:19px;font-family:宋体\">人民邮电出版社</span><span style=\"font-size:19px\">,2014.</span></p><p><span style=\"font-size:19px\">[3] </span><span style=\"font-size:19px;font-family:宋体\">刘晖</span><span style=\"font-size:19px\">.</span><span style=\"font-size:19px;font-family:宋体\">信息安全漏洞分析基础</span><span style=\"font-size:19px\">[M].</span><span style=\"font-size:19px;font-family:宋体\">北京</span><span style=\"font-size:19px\">:</span><span style=\"font-size:19px;font-family:宋体\">科学出版社，</span><span style=\"font-size:19px\">2013</span><span style=\"font-size:19px;font-family:宋体\">，</span><span style=\"font-size:19px\">6.</span></p><p><span style=\"font-size:19px\">[4] </span><span style=\"font-size:19px;font-family:宋体\">张涛</span><span style=\"font-size:19px\">,</span><span style=\"font-size:19px;font-family:宋体\">刘晖</span><span style=\"font-size:19px\">,</span><span style=\"font-size:19px;font-family:宋体\">张晓菲等</span><span style=\"font-size:19px\">.</span><span style=\"font-size:19px;font-family:宋体\">信息安全漏洞相关准则框架研究</span><span style=\"font-size:19px\">[R]. </span><span style=\"font-size:19px;font-family:宋体\">第二届信息安全漏洞分析与风险评估大会</span><span style=\"font-size:19px\">,</span><span style=\"font-size:19px;font-family:宋体\">北京：中国信息安全测评中心</span><span style=\"font-size:19px\">,2010,9.</span></p><p><span style=\"font-size:19px\">[5] </span><span style=\"font-size:19px;font-family:宋体\">肖红</span><span style=\"font-size:19px\">.Web</span><span style=\"font-size:19px;font-family:宋体\">应用漏洞的分析和防御</span><span style=\"font-size:19px\">[D].</span><span style=\"font-size:19px;font-family:宋体\">西安电子科技大学，</span><span style=\"font-size:19px\">2013</span></p><p><span style=\"font-size:19px\">[6] </span><span style=\"font-size:19px;font-family:宋体\">陈儒</span><span style=\"font-size:19px\">.Python</span><span style=\"font-size:19px;font-family:宋体\">源码解析</span><span style=\"font-size:19px\">[M].</span><span style=\"font-size:19px;font-family:宋体\">北京</span><span style=\"font-size:19px\">:</span><span style=\"font-size:19px;font-family:宋体\">电子工业出版社</span><span style=\"font-size:19px\">,2008.</span></p><p><span style=\"font-size:19px\">[7] </span><span style=\"font-size:19px;font-family:宋体\">李俊丽</span><span style=\"font-size:19px\">.</span><span style=\"font-size:19px;font-family:宋体\">基于</span><span style=\"font-size:19px\">Linux</span><span style=\"font-size:19px;font-family:宋体\">的</span><span style=\"font-size:19px\">python</span><span style=\"font-size:19px;font-family:宋体\">多线程爬虫程序设计</span><span style=\"font-size:19px\">[J].</span><span style=\"font-size:19px;font-family:宋体\">计算机与数字工程</span><span style=\"font-size:19px\">,2015,(05):861-863+876.</span></p><p><span style=\"font-size:19px\">[8] </span><span style=\"font-size:19px;font-family:宋体\">齐鹏</span><span style=\"font-size:19px\">,</span><span style=\"font-size:19px;font-family:宋体\">李隐峰</span><span style=\"font-size:19px\">,</span><span style=\"font-size:19px;font-family:宋体\">宋玉伟</span><span style=\"font-size:19px\">. </span><span style=\"font-size:19px;font-family:宋体\">基于</span><span style=\"font-size:19px\">Python</span><span style=\"font-size:19px;font-family:宋体\">的</span><span style=\"font-size:19px\">Web</span><span style=\"font-size:19px;font-family:宋体\">数据采集技术</span><span style=\"font-size:19px\">[J]. </span><span style=\"font-size:19px;font-family:宋体\">电子科技</span><span style=\"font-size:19px\">,2012.</span></p><p><br/></p>',294,159,2019),(59,'<p style=\"margin-left:48px;line-height:125%\"><span style=\"font-size:19px;line-height:125%;font-family:宋体\">综合运用大学所学的《软件工程》/《数据库原理》/《程序设计》等课程知识完成一个基本微信小程序的农特产扶贫电商平台，并按以下要求完成系统的设计与实现，以及论文撰写：</span></p><p class=\"MsoListParagraph\" style=\"margin-left:43px\"><span style=\"font-size:16px\">1.<span style=\"font-variant-numeric: normal;font-stretch: normal;font-size: 9px;line-height: normal;font-family: &#39;Times New Roman&#39;\">&nbsp;&nbsp;&nbsp;&nbsp;&nbsp; </span></span><span style=\"font-size:16px;font-family:宋体\">阅读微信小程序开发文档，详情了解第三方服务的接入步骤：了解目前流行且常用的前后端框架，并挑选合适的。查找有关权限管理、数据绑定等问题的相关资料</span></p><p class=\"MsoListParagraph\" style=\"margin-left:43px\"><span style=\"font-size:16px\">2.<span style=\"font-variant-numeric: normal;font-stretch: normal;font-size: 9px;line-height: normal;font-family: &#39;Times New Roman&#39;\">&nbsp;&nbsp;&nbsp;&nbsp;&nbsp; </span></span><span style=\"font-size:16px;font-family:宋体\">学习框架及客户端相关技术，完成前期准备工作。</span></p><p class=\"MsoListParagraph\" style=\"margin-left:43px\"><span style=\"font-size:16px\">3.<span style=\"font-variant-numeric: normal;font-stretch: normal;font-size: 9px;line-height: normal;font-family: &#39;Times New Roman&#39;\">&nbsp;&nbsp;&nbsp;&nbsp;&nbsp; </span></span><span style=\"font-size:16px;font-family:宋体\">完成微信小程序端的农特产电商平台，及后台数据中的商品、用户、订单等数据的管理。</span></p><p class=\"MsoListParagraph\" style=\"margin-left:43px\"><span style=\"font-size:16px\">4.<span style=\"font-variant-numeric: normal;font-stretch: normal;font-size: 9px;line-height: normal;font-family: &#39;Times New Roman&#39;\">&nbsp;&nbsp;&nbsp;&nbsp;&nbsp; </span></span><span style=\"font-size:16px;font-family:宋体\">按时参加毕业设计小组讨论。</span></p><p class=\"MsoListParagraph\" style=\"margin-left:43px\"><span style=\"font-size:16px\">5.<span style=\"font-variant-numeric: normal;font-stretch: normal;font-size: 9px;line-height: normal;font-family: &#39;Times New Roman&#39;\">&nbsp;&nbsp;&nbsp;&nbsp;&nbsp; </span></span><span style=\"font-size:16px;font-family:宋体\">提交满足梧州学院工科毕业设计所要求的论文及作品。</span></p><p><br/></p>','<p style=\"text-indent:32px\"><span style=\"font-size:16px;font-family:宋体\">第一阶段：确定产品开发的目标和可行性。</span></p><p style=\"text-indent:32px\"><span style=\"font-size:16px;font-family:宋体\">第二阶段：调研，查阅相关文献和资料。</span></p><p style=\"text-indent:32px\"><span style=\"font-size:16px;font-family:宋体\">第三阶段：制定项目开发流程，完成数据库的创建及搭建相关环境</span></p><p style=\"text-indent:32px\"><span style=\"font-size:16px;font-family:宋体\">第四阶段：编写各功能模块并完成相关测试。</span></p><p style=\"text-indent:32px\"><span style=\"font-size:16px;font-family:宋体\">第五阶段：整理系统相关文档，完成论文。</span></p><p><br/></p>','<p><span style=\"font-size:16px\">[1]</span><span style=\"font-size:16px;font-family:宋体\">任晓鹏</span><span style=\"font-size:16px\">.</span><span style=\"font-size:16px;font-family: 宋体\">赵文兵</span><span style=\"font-size:16px\">.</span><span style=\"font-size:16px;font-family:宋体\">张春平，基于框架的</span><span style=\"font-size:16px\">Web</span><span style=\"font-size:16px;font-family:宋体\">系统开发研究</span><span style=\"font-size:16px\">[J].</span><span style=\"font-size:16px;font-family: 宋体\">计算机工程与设计，</span><span style=\"font-size:16px\">2010</span></p><p><span style=\"font-size:16px\">[2]</span><span style=\"font-size:16px;font-family:宋体\">刘军</span><span style=\"font-size:16px\">.</span><span style=\"font-size:16px;font-family: 宋体\">戴金山，</span> <span style=\"font-size:16px;font-family: 宋体\">基于</span><span style=\"font-size:16px\">SpringMVC</span><span style=\"font-size: 16px;font-family:宋体\">与</span><span style=\"font-size:16px\">iBATIS</span><span style=\"font-size:16px;font-family:宋体\">轻量级</span><span style=\"font-size:16px\">Web</span><span style=\"font-size:16px;font-family: 宋体\">应用研究</span><span style=\"font-size:16px\">[J].</span><span style=\"font-size:16px;font-family:宋体\">计算机应用，</span><span style=\"font-size:16px\">2006</span></p><p><span style=\"font-size:16px\">[3]</span><span style=\"font-size:16px;font-family:宋体\">余名高</span><span style=\"font-size:16px\">.</span><span style=\"font-size:16px;font-family: 宋体\">王程根</span><span style=\"font-size:16px\">.</span><span style=\"font-size:16px;font-family:宋体\">邓浩</span><span style=\"font-size:16px\">.</span><span style=\"font-size:16px;font-family:宋体\">李祎，基于</span><span style=\"font-size:16px\">web2.0</span><span style=\"font-size:16px;font-family: 宋体\">的</span><span style=\"font-size:16px\">Ajax</span><span style=\"font-size:16px;font-family:宋体\">技术的开发</span><span style=\"font-size:16px\">[J]</span><span style=\"font-size:16px;font-family:宋体\">，计算机技术与发展，</span><span style=\"font-size:16px\">2007</span></p><p><span style=\"font-size:16px\">[4]</span><span style=\"font-size:16px;font-family:宋体\">曾顺，精通</span><span style=\"font-size:16px\">jQuery+javascript[M]. </span><span style=\"font-size: 16px;font-family:宋体\">北京：人民邮电出版社</span><span style=\"font-size:16px\">.2009</span></p><p style=\"line-height:150%\"><span style=\"font-size: 16px;line-height:150%;font-family:宋体\">[5]</span> <span style=\"font-size:16px;line-height:150%;font-family:宋体;color:#333333;background:white\">荣蓉</span><span style=\"font-size:16px;line-height:150%;font-family:&#39;Arial&#39;,sans-serif;color:#333333;background:white\">.</span><span style=\"font-size:16px;line-height:150%;font-family:宋体;color:#333333;background:white\">穆心驰</span><span style=\"font-size:16px;line-height:150%;font-family:&#39;Arial&#39;,sans-serif;color:#333333;background:white\">.</span><span style=\"font-size:16px;line-height:150%;font-family:宋体;color:#333333;background:white\">何金刚</span><span style=\"font-size:16px;line-height:150%;font-family:&#39;Arial&#39;,sans-serif;color:#333333;background:white\">.</span><span style=\"font-size:16px;line-height:150%;font-family:宋体;color:#333333;background:white\">于连林，</span> <span style=\"font-size:16px;line-height:150%;font-family:宋体;color:#333333;background:white\">实战微信小程序</span><span style=\"font-size:16px;line-height:150%;font-family:&#39;Arial&#39;,sans-serif;color:#333333;background:white\">[M]</span><span style=\"font-size: 16px;line-height:150%;font-family:宋体\"> . </span><span style=\"font-size:16px;line-height:150%;font-family:宋体\">电子工业出版社,</span><span style=\"font-size: 16px;line-height:150%;font-family:&#39;Arial&#39;,sans-serif;color:#333333;background:white\"> 2017</span><span style=\"font-size:16px;line-height:150%;font-family:宋体;color:#333333;background:white\">年</span><span style=\"font-size:16px;line-height:150%;font-family:&#39;Arial&#39;,sans-serif;color:#333333;background:white\">7</span><span style=\"font-size:16px;line-height:150%;font-family:宋体;color:#333333;background:white\">月</span></p><p style=\"line-height:150%\"><span style=\"font-size: 16px;line-height: 150%;font-family: Tahoma, sans-serif\">[6]</span><span style=\"font-size: 16px;line-height: 150%;font-family: 宋体\">姚修杰，</span> <span style=\"font-size: 16px;line-height: 150%;font-family: 宋体\">微信公众账号服务平台微服务的设计与研究</span><span style=\"font-size: 16px;line-height: 150%;font-family: Tahoma, sans-serif\">[J]. </span><span style=\"font-size: 16px;line-height: 150%;font-family: 宋体\">通讯世界，</span><span style=\"font-size: 16px;line-height: 150%;font-family: Tahoma, sans-serif\">2017,06</span></p><p style=\"line-height:150%\"><span style=\"font-size: 16px;line-height: 150%;font-family: Tahoma, sans-serif\">[7]</span><span style=\"font-size: 16px;line-height: 150%;font-family: 宋体\">胡琪琦，</span> <span style=\"font-size: 16px;line-height: 150%;font-family: 宋体\">基于微信的地方税务局网上服务平台</span><span style=\"font-size: 16px;line-height: 150%;font-family: Tahoma, sans-serif\">[D].</span><span style=\"font-size: 16px;line-height: 150%;font-family: 宋体\">西南交通大学，</span><span style=\"font-size: 16px;line-height: 150%;font-family: Tahoma, sans-serif\">2016</span></p><p style=\"line-height:150%\"><span style=\"font-size: 16px;line-height: 150%;font-family: Tahoma, sans-serif\">[8]</span><span style=\"font-size: 16px;line-height: 150%;font-family: 宋体\">贾先涛</span><span style=\"font-size: 16px;line-height: 150%;font-family: Tahoma, sans-serif\">.</span><span style=\"font-size: 16px;line-height: 150%;font-family: 宋体\">马江宝，</span> <span style=\"font-size: 16px;line-height: 150%;font-family: 宋体\">基于微信平台的微课设计与开发研究</span><span style=\"font-size: 16px;line-height: 150%;font-family: Tahoma, sans-serif\">[J]. </span><span style=\"font-size: 16px;line-height: 150%;font-family: 宋体\">科技传播，</span><span style=\"font-size: 16px;line-height: 150%;font-family: Tahoma, sans-serif\">2016</span></p><p style=\"line-height:150%\"><span style=\"font-size: 16px;line-height: 150%;font-family: Tahoma, sans-serif\">[9]</span><span style=\"font-size: 16px;line-height: 150%;font-family: 宋体\">高洪涛，</span> <span style=\"font-size: 16px;line-height: 150%;font-family: 宋体\">基从零开始学微信小程序开发</span><span style=\"font-size: 16px;line-height: 150%;font-family: Tahoma, sans-serif\">[M]. </span><span style=\"font-size: 16px;line-height: 150%;font-family: 宋体\">电子工业出版社，</span><span style=\"font-size: 16px;line-height: 150%;font-family: Tahoma, sans-serif\">2017</span></p><p style=\"line-height:150%\"><span style=\"font-size: 16px;line-height: 150%;font-family: Tahoma, sans-serif\">[10]</span><span style=\"font-size: 16px;line-height: 150%;font-family: 宋体\">李洋，</span><span style=\"font-size: 16px;line-height: 150%;font-family: Tahoma, sans-serif\"> SSM</span><span style=\"font-size: 16px;line-height: 150%;font-family: 宋体\">框架在</span><span style=\"font-size: 16px;line-height: 150%;font-family: Tahoma, sans-serif\">Web</span><span style=\"font-size: 16px;line-height: 150%;font-family: 宋体\">应用开发中的设计与实现</span><span style=\"font-size: 16px;line-height: 150%;font-family: Tahoma, sans-serif\">[M]. </span><span style=\"font-size: 16px;line-height: 150%;font-family: 宋体\">电子工业出版社，</span><span style=\"font-size: 16px;line-height: 150%;font-family: Tahoma, sans-serif\">2017</span></p><p><br/></p>',303,187,2019),(60,'<p style=\"text-indent:32px;line-height:125%\"><span style=\"font-size:16px;line-height:125%;font-family: 宋体\">综合运用大学所学的《软件工程》/《程序设计》/《数据库原理》等课程知识完成基于SSM的农村土地管理系统，并按照下述要求完成系统的设计与论文的撰写：</span></p><p style=\"margin-left:0;text-indent:32px;line-height:125%\"><span style=\"font-size:16px;line-height:125%\">1.</span><span style=\"font-size:16px;line-height:125%;font-family:宋体\">查找或阅读农村土地管理的资料：通过查找或阅读土地管理的相关资料，了解到当前农村土地的管理状况存在的一些问题，例如土地归属权问题，和土图承包和土地四至问题等。而农村土地管理系统能够很好的解决这些问题，通过信息化的管理，</span><span style=\"font-size:16px;line-height:125%;font-family:宋体\">能够进一步稳定和完善农村土地承包的关系、维护农民合法权益，实现土地集约化管理。</span></p><p style=\"margin-left:0;text-indent:32px;line-height:125%\"><span style=\"font-size:16px;line-height:125%\">2.</span><span style=\"font-size:16px;line-height:125%;font-family:宋体\">做好完成作品所需要的技术准备。</span></p><p style=\"margin-left:0;text-indent:32px;line-height:125%\"><span style=\"font-size:16px;line-height:125%\">3.</span><span style=\"font-size:16px;line-height:125%;font-family:宋体\">完成农村土地管理系统作品，并在</span><span style=\"font-size:16px;line-height:125%;font-family:宋体\">农村土地的管理</span><span style=\"font-size:16px;line-height:125%;font-family:宋体\">方面具备实际应用能力。</span></p><p style=\"margin-left:0;text-indent:32px;line-height:125%\"><span style=\"font-size:16px;line-height:125%\">4.</span><span style=\"font-size:16px;line-height:125%;font-family:宋体\">按时参加毕业设计小组讨论。</span></p><p style=\"margin-left:0;text-indent:32px;line-height:125%\"><strong><span style=\"font-size:16px;line-height:125%;font-family:宋体\">5.</span></strong><span style=\"font-size: 16px;line-height:125%;font-family:宋体\">提交满足梧州学院工科毕业设计所要求的论文及作品。</span></p><p><br/></p>','<p style=\"text-indent:32px\"><span style=\"font-size:16px;font-family:宋体\">第一阶段：查找或阅读土地管理方面的资料，研究</span><span style=\"font-size:16px;font-family:宋体\">当前农村土地的管理的现状，以及可能的发展趋势。</span></p><p style=\"text-indent:32px\"><span style=\"font-size:16px;font-family:宋体\">第二阶段：制定项目计划，确定系统的开发目标及其可能性。</span></p><p style=\"text-indent:32px\"><span style=\"font-size:16px;font-family:宋体\">第三阶段：划分功能模块，进行数据库设计。</span></p><p style=\"text-indent:32px\"><span style=\"font-size:16px;font-family:宋体\">第四阶段：编码实现各个功能，测试系统功能。</span></p><p style=\"text-indent:32px\"><span style=\"font-size:16px;font-family:宋体\">第五阶段：撰写毕业论文。</span></p><p><br/></p>','<p style=\"text-indent:28px;line-height:125%\"><span style=\";line-height: 125%;font-family:宋体\">[1]</span><span style=\";line-height:125%;font-family:宋体\">黄宁.基于MYSQL数据库安全研究[J].科学中国人,2017,6.16-17.</span></p><p style=\"text-indent:28px;line-height:125%\"><span style=\";line-height: 125%;font-family:宋体\">[2]</span><span style=\";line-height:125%;font-family:宋体\">李晓红.北辰区土地管理[D].硕士学位论文,河北工业大学,2014.</span></p><p style=\"text-indent:28px;line-height:125%\"><span style=\";line-height: 125%;font-family:宋体\">[3]</span><span style=\";line-height:125%;font-family:宋体\">张继东.MYSQL数据库的权限及其缺陷[J].信息与电脑（理论版）,2017,8.165-166.</span></p><p style=\"text-indent:28px;line-height:125%\"><span style=\";line-height: 125%;font-family:宋体\">[4]</span><span style=\";line-height:125%;font-family:宋体\">李学春.农村土地管理现状与解决方式分析[J].建材发展导向,2017,1.300.</span></p><p style=\"text-indent:28px;line-height:125%\"><span style=\";line-height: 125%;font-family:宋体\">[5]</span><span style=\";line-height:125%;font-family:宋体\">李军颉.基于SSM软件框架的WEB管理系统的研究与实现[D].硕士学位论文,成都理工大学,2016.</span></p><p style=\"text-indent:28px;line-height:125%\"><span style=\";line-height: 125%;font-family:宋体\">[6]</span><span style=\";line-height:125%;font-family:宋体\">肖格.土地管理系统功能模块设计与实现效果探讨[J].城市地理,2015,18.124-125. </span></p><p style=\"text-indent:28px;line-height:125%\"><span style=\";line-height: 125%;font-family:宋体\">[7]</span><span style=\";line-height:125%;font-family:宋体\">陈晓倩,陈琦.新疆兵团土地管理系统建设的研究[J].中国西部科技,2012,33.365.</span></p><p style=\"text-indent:28px\"><span style=\";font-family:宋体\">[8]</span><span style=\";font-family: 宋体\">李海平,李卫,张爱娟.基于土地管理系统数据库的建设与应用研究[J].测绘与空间地理信息.2013.36(3):86-89. </span></p><p><br/></p>',408,199,2019),(61,'<p style=\"text-indent:32px\"><span style=\"font-size:16px;font-family:宋体\">本课题主要拟研究并设计基于SSM技术的网上订餐系统，</span><span style=\"font-size:16px;font-family:宋体\">数据库后台采用MySQL 数据库，在Java语言的基础上使用</span><span style=\"font-size:16px;font-family:宋体\">Spring MVC+Spring+MyBatis</span><span style=\"font-size:16px;font-family:宋体\">搭建基础框架构建的一个网上订餐系统。</span></p><p><br/></p>','<p><span style=\"font-size:16px;font-family:宋体\">&nbsp; &nbsp;</span><span style=\"font-size:16px;font-family:宋体\">第一阶段：</span><span style=\"font-size:16px;font-family:宋体\">通过阅读大量关于餐饮业网上订餐的文献和资料，对餐饮业的的网上订餐有一个初步的了解。</span></p><p><span style=\"font-size:16px;font-family:宋体\">&nbsp;&nbsp;&nbsp; </span><span style=\"font-size:16px;font-family:宋体\">第二阶段：</span><span style=\"font-size:16px;font-family:宋体\">搜索国内外相关网上订餐的系统进行参考。</span></p><p><span style=\"font-size:16px;font-family:宋体\">&nbsp;&nbsp;&nbsp; </span><span style=\"font-size:16px;font-family:宋体\">第三阶段：</span><span style=\"font-size: 16px;font-family: 宋体\">进行网上订餐系统的功能分析，确定系统的主要功能，初步画出功能模块图。</span></p><p><span style=\"font-size: 16px;font-family: 宋体\">&nbsp;&nbsp;&nbsp; </span><span style=\"font-size:16px;font-family:宋体\">第四阶段：</span><span style=\"font-size:16px;font-family:宋体\">进行系统详细设计以及数据库设计。</span></p><p><span style=\"font-size:16px;font-family:宋体\">&nbsp;&nbsp;&nbsp; </span><span style=\"font-size:16px;font-family:宋体\">第五阶段：</span><span style=\"font-size:16px;font-family:宋体\">完成相关功能的代码编写，整理页面布局。</span></p><p><span style=\"font-size:16px;font-family:宋体\">&nbsp;&nbsp; &nbsp;</span><span style=\"font-size:16px;font-family:宋体\">第六阶段：</span><span style=\"font-size:16px;font-family:宋体\">对系统进行测试和优化，整理系统相关文档，最终完成论文。</span></p><p><br/></p>','<p style=\"line-height:150%\"><span style=\"font-size: 11px;line-height:150%;font-family:&#39;Arial&#39;,sans-serif;color:#333333;background:white\">[1]</span><span style=\"font-size:11px;line-height:150%;font-family:宋体;color:#333333;background:white\">王国军</span><span style=\"font-size:11px;line-height:150%;font-family:&#39;Arial&#39;,sans-serif;color:#333333;background:white\">. </span><span style=\"font-size:11px;line-height:150%;font-family:宋体;color:#333333;background:white\">网上订餐系统的设计与实现</span><span style=\"font-size:11px;line-height:150%;font-family:&#39;Arial&#39;,sans-serif;color:#333333;background:white\">[D].</span><span style=\"font-size:11px;line-height:150%;font-family:宋体;color:#333333;background:white\">辽宁科技大学</span><span style=\"font-size:11px;line-height:150%;font-family:&#39;Arial&#39;,sans-serif;color:#333333;background:white\">,2015.</span></p><p style=\"line-height:150%\"><span style=\"font-size: 11px;line-height:150%;font-family:&#39;Arial&#39;,sans-serif;color:#333333;background:white\">[2]</span><span style=\"font-size:11px;line-height:150%;font-family:宋体;color:#333333;background:white\">张磊</span><span style=\"font-size:11px;line-height:150%;font-family:&#39;Arial&#39;,sans-serif;color:#333333;background:white\">. </span><span style=\"font-size:11px;line-height:150%;font-family:宋体;color:#333333;background:white\">网上订餐系统的设计与实现</span><span style=\"font-size:11px;line-height:150%;font-family:&#39;Arial&#39;,sans-serif;color:#333333;background:white\">[D].</span><span style=\"font-size:11px;line-height:150%;font-family:宋体;color:#333333;background:white\">吉林大学</span><span style=\"font-size:11px;line-height:150%;font-family:&#39;Arial&#39;,sans-serif;color:#333333;background:white\">,2016.</span></p><p style=\"line-height:150%\"><span style=\"font-size: 11px;line-height:150%;font-family:&#39;Arial&#39;,sans-serif;color:#333333;background:white\">[3]</span><span style=\"font-size:11px;line-height:150%;font-family:宋体;color:#333333;background:white\">李洋</span><span style=\"font-size:11px;line-height:150%;font-family:&#39;Arial&#39;,sans-serif;color:#333333;background:white\">. SSM</span><span style=\"font-size:11px;line-height:150%;font-family:宋体;color:#333333;background:white\">框架在</span><span style=\"font-size:11px;line-height: 150%;font-family:&#39;Arial&#39;,sans-serif;color:#333333;background:white\">Web</span><span style=\"font-size:11px;line-height:150%;font-family:宋体;color:#333333;background:white\">应用开发中的设计与实现</span><span style=\"font-size:11px;line-height:150%;font-family:&#39;Arial&#39;,sans-serif;color:#333333;background:white\">[J/OL]. </span><span style=\"font-size:11px;line-height:150%;font-family:宋体;color:#333333;background:white\">计算机技术与发展</span><span style=\"font-size:11px;line-height:150%;font-family:&#39;Arial&#39;,sans-serif;color:#333333;background:white\">,2016,26(12):190-194. (2016-11-22)[2017-09-12]. http://kns.cnki.net/kcms/detail/61.1450.TP.20161122.1227.014.html</span></p><p style=\"line-height:150%\"><span style=\"font-size: 11px;line-height:150%;font-family:&#39;Arial&#39;,sans-serif;color:#333333;background:white\">[4]</span><span style=\"font-size:11px;line-height:150%;font-family:宋体;color:#333333;background:white\">唐永瑞</span><span style=\"font-size:11px;line-height:150%;font-family:&#39;Arial&#39;,sans-serif;color:#333333;background:white\">,</span><span style=\"font-size:11px;line-height:150%;font-family:宋体;color:#333333;background:white\">张达敏</span><span style=\"font-size:11px;line-height: 150%;font-family:&#39;Arial&#39;,sans-serif;color:#333333;background:white\">. </span><span style=\"font-size:11px;line-height:150%;font-family:宋体;color:#333333;background:white\">基于</span><span style=\"font-size:11px;line-height:150%;font-family:&#39;Arial&#39;,sans-serif;color:#333333;background:white\">Ajax</span><span style=\"font-size:11px;line-height:150%;font-family:宋体;color:#333333;background:white\">与</span><span style=\"font-size:11px;line-height: 150%;font-family:&#39;Arial&#39;,sans-serif;color:#333333;background:white\">MVC</span><span style=\"font-size:11px;line-height:150%;font-family:宋体;color:#333333;background:white\">模式的信息系统的研究与设计</span><span style=\"font-size:11px;line-height:150%;font-family:&#39;Arial&#39;,sans-serif;color:#333333;background:white\">[J]. </span><span style=\"font-size:11px;line-height:150%;font-family:宋体;color:#333333;background:white\">电子技术应用</span><span style=\"font-size:11px;line-height:150%;font-family:&#39;Arial&#39;,sans-serif;color:#333333;background:white\">,2014,40(02):128-131. [2017-09-12]. DOI</span><span style=\"font-size:11px;line-height:150%;font-family:宋体;color:#333333;background:white\">：</span><span style=\"font-size:11px;line-height: 150%;font-family:&#39;Arial&#39;,sans-serif;color:#333333;background:white\">10.16157/j.issn.0258-7998.2014.02.041</span></p><p style=\"line-height:150%\"><span style=\"font-size: 11px;line-height:150%;font-family:&#39;Arial&#39;,sans-serif;color:#333333;background:white\">[5]</span><span style=\"font-size:11px;line-height:150%;font-family:宋体;color:#333333;background:white\">陈禹航</span><span style=\"font-size:11px;line-height:150%;font-family:&#39;Arial&#39;,sans-serif;color:#333333;background:white\">. </span><span style=\"font-size:11px;line-height:150%;font-family:宋体;color:#333333;background:white\">网上订餐系统的设计实现</span><span style=\"font-size:11px;line-height:150%;font-family:&#39;Arial&#39;,sans-serif;color:#333333;background:white\">[J]. </span><span style=\"font-size:11px;line-height:150%;font-family:宋体;color:#333333;background:white\">电脑知识与技术</span><span style=\"font-size:11px;line-height:150%;font-family:&#39;Arial&#39;,sans-serif;color:#333333;background:white\">,2014,10(21):5136-5140+5142. [2017-09-12].&nbsp;</span></p><p><br/></p>',406,199,2019),(62,'<p><span style=\"font-size:19px;font-family:宋体\">综合运用大学所学的《软件工程》</span><span style=\"font-size: 19px\">/</span><span style=\"font-size:19px;font-family:宋体\">《程序设计》</span><span style=\"font-size:19px\">/</span><span style=\"font-size:19px;font-family:宋体\">《网页设计》等课程知识完成一个基于</span><span style=\"font-size:19px\">HTML5</span><span style=\"font-size:19px;font-family:宋体\">的校园环保宣传网站，并按以下要求完成系统的实际与实现，以及论文撰写：</span></p><p style=\"margin-left:24px\"><span style=\"font-size:19px\">1.<span style=\"font-variant-numeric: normal;font-stretch: normal;font-size: 9px;line-height: normal;font-family: &#39;Times New Roman&#39;\">&nbsp;&nbsp;&nbsp;&nbsp; </span></span><span style=\"font-size:19px;font-family:宋体\">查找或阅读关于网站建设、网站设计的资料、文献</span></p><p style=\"margin-left:24px\"><span style=\"font-size:19px\">2.<span style=\"font-variant-numeric: normal;font-stretch: normal;font-size: 9px;line-height: normal;font-family: &#39;Times New Roman&#39;\">&nbsp;&nbsp;&nbsp;&nbsp; </span></span><span style=\"font-size:19px;font-family:宋体\">做好完成作品所需的技术准备</span></p><p style=\"margin-left:24px\"><span style=\"font-size:19px\">3.<span style=\"font-variant-numeric: normal;font-stretch: normal;font-size: 9px;line-height: normal;font-family: &#39;Times New Roman&#39;\">&nbsp;&nbsp;&nbsp;&nbsp; </span></span><span style=\"font-size:19px;font-family:宋体\">完成校园环保宣传网站作品，并在宣传环保知识、理念方面具备实际应用能力</span></p><p style=\"margin-left:24px\"><span style=\"font-size:19px\">4.<span style=\"font-variant-numeric: normal;font-stretch: normal;font-size: 9px;line-height: normal;font-family: &#39;Times New Roman&#39;\">&nbsp;&nbsp;&nbsp;&nbsp; </span></span><span style=\"font-size:19px;font-family:宋体\">按时参加毕业设计小组讨论</span></p><p style=\"margin-left:24px\"><span style=\"font-size:19px\">5.<span style=\"font-variant-numeric: normal;font-stretch: normal;font-size: 9px;line-height: normal;font-family: &#39;Times New Roman&#39;\">&nbsp;&nbsp;&nbsp;&nbsp; </span></span><span style=\"font-size:19px;font-family:宋体\">提交满足梧州学院工科毕业设计所要求的论文及作品</span></p><p><br/></p>','<p><span style=\"font-size:19px;font-family:宋体\">第一阶段</span><span style=\"font-size:19px\">&nbsp;&nbsp; </span><span style=\"font-size:19px;font-family:宋体\">调研当前课题现状，认真查阅资料和有关文献，探讨实现方案。</span></p><p><span style=\"font-size:19px;font-family:宋体\">第二阶段</span><span style=\"font-size:19px\">&nbsp;&nbsp; </span><span style=\"font-size:19px;font-family:宋体\">制定项目计划，确定系统的开发目标及其可能性。</span></p><p><span style=\"font-size:19px;font-family:宋体\">第三阶段</span><span style=\"font-size:19px\">&nbsp;&nbsp; </span><span style=\"font-size:19px;font-family:宋体\">确定系统功能模块，设计数据库并搭建框架环境。</span></p><p><span style=\"font-size:19px;font-family:宋体\">第四阶段</span><span style=\"font-size:19px\">&nbsp;&nbsp; </span><span style=\"font-size:19px;font-family:宋体\">编写各功能模块代码并测试程序。</span></p><p><span style=\"font-size:19px;font-family:宋体\">第五阶段</span><span style=\"font-size:19px\">&nbsp;&nbsp; </span><span style=\"font-size:19px;font-family:宋体\">整理系统相关文档完成毕业论文，准备进行答辩。</span></p><p><br/></p>','<p><span style=\"font-size:19px\">[1] </span><span style=\"font-size:19px;font-family:宋体\">赵学铭</span><span style=\"font-size:19px\">,</span><span style=\"font-size:19px;font-family:宋体\">叶颖</span><span style=\"font-size:19px\">,</span><span style=\"font-size:19px;font-family:宋体\">王茜．基于</span><span style=\"font-size:19px\">HTML5</span><span style=\"font-size:19px;font-family:宋体\">交互式移动学习平台的设计与实现</span><span style=\"font-size:19px\"> [J]</span><span style=\"font-size:19px;font-family:宋体\">．黑龙江科技信息</span><span style=\"font-size:19px\">.2017,3.106-112.</span></p><p><span style=\"font-size:19px\">[2] </span><span style=\"font-size:19px;font-family:宋体\">郑培纯</span><span style=\"font-size:19px\">.</span><span style=\"font-size:19px;font-family:宋体\">基于</span><span style=\"font-size:19px\">HTML5</span><span style=\"font-size:19px;font-family:宋体\">的多媒体播放网站</span><span style=\"font-size:19px\">[D].</span><span style=\"font-size:19px;font-family:宋体\">硕士学位论文</span><span style=\"font-size:19px\">,</span><span style=\"font-size:19px;font-family:宋体\">吉林大学</span><span style=\"font-size:19px\">,2014. </span></p><p><span style=\"font-size:19px\">[3] </span><span style=\"font-size:19px;font-family:宋体\">唐四薪</span><span style=\"font-size:19px\">,</span><span style=\"font-size:19px;font-family:宋体\">谭晓兰</span><span style=\"font-size:19px\">,</span><span style=\"font-size:19px;font-family:宋体\">谢海波</span><span style=\"font-size:19px\">.Web</span><span style=\"font-size:19px;font-family:宋体\">标准网页设计与</span><span style=\"font-size:19px\">PHP[M].</span><span style=\"font-size:19px;font-family:宋体\">北京</span><span style=\"font-size:19px\">:</span><span style=\"font-size:19px;font-family:宋体\">清华大学出版社</span><span style=\"font-size:19px\">,2016.</span></p><p><span style=\"font-size:19px\">[4] </span><span style=\"font-size:19px;font-family:宋体\">梁景红</span><span style=\"font-size:19px\">.</span><span style=\"font-size:19px;font-family:宋体\">网站视觉设计</span><span style=\"font-size:19px\">[M].</span><span style=\"font-size:19px;font-family:宋体\">北京</span><span style=\"font-size:19px\">:</span><span style=\"font-size:19px;font-family:宋体\">人民邮电出版社</span><span style=\"font-size:19px\">,2015.</span></p><p><span style=\"font-size:19px\">[5] </span><span style=\"font-size:19px;font-family:宋体\">李慧云</span><span style=\"font-size:19px\">,</span><span style=\"font-size:19px;font-family:宋体\">陆刚</span><span style=\"font-size:19px\">,</span><span style=\"font-size:19px;font-family:宋体\">李丽等</span><span style=\"font-size:19px\">.HTML5</span><span style=\"font-size:19px;font-family:宋体\">技术与应用模式研究</span><span style=\"font-size:19px\"> [J] .</span><span style=\"font-size:19px;font-family:宋体\">电信科学</span><span style=\"font-size:19px\">.2012,5. 24-29.</span></p><p><span style=\"font-size:19px\">[6] </span><span style=\"font-size:19px;font-family:宋体\">张岭</span><span style=\"font-size:19px\">.Web2.0</span><span style=\"font-size:19px;font-family:宋体\">应用程序开发实践</span><span style=\"font-size:19px\">[M].</span><span style=\"font-size:19px;font-family:宋体\">北京</span><span style=\"font-size:19px\">:</span><span style=\"font-size:19px;font-family:宋体\">电子工业出版社</span><span style=\"font-size:19px\">,2011.</span></p><p><span style=\"font-size:19px\">[7] </span><span style=\"font-size:19px;font-family:宋体\">何新起</span><span style=\"font-size:19px\">.</span><span style=\"font-size:19px;font-family:宋体\">网站设计开发维护推广从入门到精通</span><span style=\"font-size: 19px\">[M].</span><span style=\"font-size:19px;font-family:宋体\">北京</span><span style=\"font-size:19px\">:</span><span style=\"font-size:19px;font-family:宋体\">人民邮电出版社</span><span style=\"font-size:19px\">,2016.</span></p><p><span style=\"font-size:19px\">[8] Magdalena Wójcik. The Use of Web 2.0 Services by Urban Public Libraries in Poland: Changes over the Years 2011–2013[J]. Libri,2015,65(2):91-103.&nbsp;</span></p><p><br/></p>',407,199,2019),(63,'<p>&nbsp;<span style=\"font-size: 16px;font-family: 宋体\">本课题研究的内容是贵港市港北区志鉴工作平台的设计与实现。本系统是基于</span><span style=\"font-size: 16px\">MVC</span><span style=\"font-size: 16px;font-family: 宋体\">分层设计思想设计开发的，其中后台开发技术主要在采用主流的框架技术</span><span style=\"font-size: 16px\">SSH(Struts2+Spring 3.x+Hibernate 4.x)</span><span style=\"font-size: 16px;font-family: 宋体\">；前端技术主要采用</span><span style=\"font-size: 16px\">Ajax+Jquery web2.0</span><span style=\"font-size: 16px;font-family: 宋体\">技术，后台数据库是</span><span style=\"font-size: 16px\">Mysql5.6.x</span><span style=\"font-size: 16px;font-family: 宋体\">。</span><span style=\"font-size: 16px\">FastDFS</span><span style=\"font-size: 16px;font-family: 宋体\">分布式文件服务器对文件进行存储管理。</span></p><p><span style=\"font-size: 16px\">&nbsp;</span></p><p><span style=\"font-size: 16px;font-family: 宋体\">本课题研究的内容有以下几个方面：</span></p><p><span style=\"font-size: 16px\">&nbsp;</span></p><p style=\"margin-left:0;text-indent:34px\"><span style=\"font-size: 16px\">1.</span><span style=\"font-size: 16px;font-family: 宋体\">文件存储管理，系统使用</span><span style=\"font-size: 16px\">FastDFS+Nginx</span><span style=\"font-size: 16px;font-family: 宋体\">服务器存储文件。</span></p><p><span style=\"font-size: 16px\">&nbsp;</span></p><p style=\"margin-left:0;text-indent:34px\"><span style=\"font-size: 16px\">2.</span><span style=\"font-size: 16px;font-family: 宋体\">目录体系管理，系统管理员对目录进行分类。</span></p><p><span style=\"font-size: 16px\">&nbsp;</span></p><p style=\"margin-left:0;text-indent:34px\"><span style=\"font-size: 16px\">3.</span><span style=\"font-size: 16px;font-family: 宋体\">目录任务管理，系统管理员指派目录任务给各个单位部门。</span></p><p><span style=\"font-size: 16px\">&nbsp;</span></p><p style=\"margin-left:0;text-indent:34px\"><span style=\"font-size: 16px\">4.</span><span style=\"font-size: 16px;font-family: 宋体\">单位材料管理，单位完成管理员指派的目录任务，提交材料。</span></p><p><span style=\"font-size: 16px\">&nbsp;</span></p><p style=\"margin-left:0;text-indent:34px\"><span style=\"font-size: 16px\">5.</span><span style=\"font-size: 16px;font-family: 宋体\">材料审核处理，专家审核单位上传的材料。</span></p><p><span style=\"font-size: 16px\">&nbsp;</span></p><p style=\"margin-left:0;text-indent:34px\"><span style=\"font-size: 16px\">6.</span><span style=\"font-size: 16px;font-family: 宋体\">质量评估，管理员对专家和单位完成任务的情况进行评估。</span></p><p><span style=\"font-size: 16px\">&nbsp;</span></p><p style=\"margin-left:0;text-indent:34px\"><span style=\"font-size: 16px\">7.</span><span style=\"font-size: 16px;font-family: 宋体\">系统管理，系统管理员给用户分配权限，对系统基本设置与管理。</span></p><p><br/></p>','<p style=\"margin-left:28px\"><span style=\"font-size:16px;font-family:宋体\">1.<span style=\"font-variant-numeric: normal;font-stretch: normal;font-size: 9px;line-height: normal;font-family: &#39;Times New Roman&#39;\">&nbsp;&nbsp; </span></span><span style=\"font-size:16px;font-family:宋体\">收集相关资料和文献，进行论文可行性评估。</span></p><p style=\"margin-left:28px\"><span style=\"font-size:16px;font-family:宋体\">2.<span style=\"font-variant-numeric: normal;font-stretch: normal;font-size: 9px;line-height: normal;font-family: &#39;Times New Roman&#39;\">&nbsp;&nbsp; </span></span><span style=\"font-size:16px;font-family:宋体\">通过阅读文献与资料，了解相关的分布式文件系统的技术。</span></p><p style=\"margin-left:28px\"><span style=\"font-size:16px;font-family:宋体\">3.<span style=\"font-variant-numeric: normal;font-stretch: normal;font-size: 9px;line-height: normal;font-family: &#39;Times New Roman&#39;\">&nbsp;&nbsp; </span></span><span style=\"font-size:16px;font-family:宋体\">仔细分析分布式文件系统在的现代web应用信息系统中的应用前景和实用价值，并开始整理论文。</span></p><p style=\"margin-left:28px\"><span style=\"font-size:16px;font-family:宋体\">4.<span style=\"font-variant-numeric: normal;font-stretch: normal;font-size: 9px;line-height: normal;font-family: &#39;Times New Roman&#39;\">&nbsp;&nbsp; </span></span><span style=\"font-size:16px;font-family:宋体\">确定研究课题，开题报告，拟写论文大纲。</span></p><p style=\"margin-left:28px\"><span style=\"font-size:16px;font-family:宋体\">5.<span style=\"font-variant-numeric: normal;font-stretch: normal;font-size: 9px;line-height: normal;font-family: &#39;Times New Roman&#39;\">&nbsp;&nbsp; </span></span><span style=\"font-size:16px;font-family:宋体\">调试运行所开发的实例，同时整理处论文初稿。</span></p><p><span style=\"font-size:16px;font-family:宋体\">修改存在的不足，完成设计，最终整理各种文档，完成论文。&nbsp; &nbsp;</span></p><p><br/></p>','<p style=\"margin-left: 56px\"><span style=\"font-family:宋体\">[1] </span><span style=\"font-family:宋体\">余庆.分布式文件系统FastDFS架构剖析[J].程序员，2010 (11): 63-65.</span></p><p style=\"margin-left: 56px\"><span style=\"font-family:宋体\">[2] </span><span style=\"font-family:宋体\">刘俊强.基于FastDFS云存储系统的研究与设计[J].电子科技大学.硕士论文.2016.</span></p><p style=\"margin-left: 56px\"><span style=\"font-family:宋体\">[3] </span><span style=\"font-family:宋体\">李长平.基于FastDFS架构的小文件存储系统的设计与实现[J].哈尔滨工业大学，2015.</span></p><p style=\"margin-left: 56px\"><span style=\"font-family:宋体\">[4] </span><span style=\"font-family:宋体\">郝向涛.基于Hadoop的分布式文件系统技术分析及应用[D].武汉:武汉理工大学，2013.</span></p><p style=\"margin-left: 56px\"><span style=\"font-family:宋体\">[5] </span><span style=\"font-family:宋体\">张寅.基于FastDFS网盘系统的负载均衡研究与应用[D].北京:北京邮电大学，2011,26-28</span></p><p style=\"margin-left: 56px\"><span style=\"font-family:宋体\">[6] </span><span style=\"font-family:宋体\">李柱.分布式文件系统小文件性能优化技术研究与实现[D].长沙:国防科学技术大学，2008.</span></p><p style=\"margin-left: 56px\"><span style=\"font-family:宋体\">[7] </span><span style=\"font-family:宋体\">韩增曦.分布式文件系统FastDFS的研究与应用[D].大连理工大学，2014.</span></p><p style=\"margin-left: 56px\"><span style=\"font-family:宋体\">[8] </span><span style=\"font-family:宋体\">杨传辉.大规模分布式存储系统[M].北京:机械工业出版社，2013.</span></p><p><br/></p>',320,111,2019),(64,'<p style=\"margin-left:16px;text-indent:32px\"><span style=\"font-size:16px;font-family:宋体\">本课题以微信公众号平台为基础，用</span><span style=\"font-size: 16px\">SSH</span><span style=\"font-size:16px;font-family:宋体\">框架设计一套微信公众号的电动助力车租赁系统，帮助用户通过该系统自助地完成租赁过程。</span></p><p><br/></p>','<p style=\"text-indent:28px\"><span style=\";font-family:宋体\">第一阶段 整理资料&nbsp; </span></p><p style=\"text-indent:28px\"><span style=\";font-family:宋体\">第二阶段 需求分析&nbsp; </span></p><p style=\"text-indent:28px\"><span style=\";font-family:宋体\">第三阶段 概要设计 </span></p><p style=\"text-indent:28px\"><span style=\";font-family:宋体\">第四阶段 详细设计&nbsp; </span></p><p style=\"text-indent:28px\"><span style=\";font-family:宋体\">第五阶段 建立框架并编码实现&nbsp;&nbsp;&nbsp;&nbsp; </span></p><p style=\"text-indent:28px\"><span style=\";font-family:宋体\">第六阶段 系统测试、并完善系统&nbsp;&nbsp; </span></p><p style=\"text-indent:28px\"><span style=\";font-family:宋体\">第七阶段 整理论文，完成论文编写&nbsp;</span></p><p><br/></p>','<p><span style=\";font-family:&#39;Arial&#39;,sans-serif;color:#333333;background:white\">[1]</span><span style=\";font-family:宋体;color:#333333;background:white\">左洁麓</span><span style=\";font-family:&#39;Arial&#39;,sans-serif;color:#333333;background:white\">. </span><span style=\";font-family:宋体;color:#333333;background:white\">汽车租赁管理系统的设计与实现</span><span style=\";font-family:&#39;Arial&#39;,sans-serif;color:#333333;background:white\">[D].</span><span style=\";font-family:宋体;color:#333333;background:white\">吉林大学</span><span style=\";font-family:&#39;Arial&#39;,sans-serif;color:#333333;background:white\">,2016.</span></p><p><span style=\";font-family:&#39;Arial&#39;,sans-serif;color:#333333;background:white\">&nbsp;</span></p><p><span style=\";font-family:&#39;Arial&#39;,sans-serif;color:#333333;background:white\">[2]</span><span style=\";font-family:宋体;color:#333333;background:white\">马姣</span><span style=\";font-family:&#39;Arial&#39;,sans-serif;color:#333333;background:white\">. </span><span style=\";font-family:宋体;color:#333333;background:white\">公共自行车租赁业务管理系统设计与实现</span><span style=\";font-family:&#39;Arial&#39;,sans-serif;color:#333333;background:white\">[D].</span><span style=\";font-family:宋体;color:#333333;background:white\">重庆邮电大学</span><span style=\";font-family:&#39;Arial&#39;,sans-serif;color:#333333;background:white\">,2016.</span></p><p><span style=\";font-family:&#39;Arial&#39;,sans-serif;color:#333333;background:white\">&nbsp;</span></p><p><span style=\";font-family:&#39;Arial&#39;,sans-serif;color:#333333;background:white\">[3]</span><span style=\";font-family:宋体;color:#333333;background:white\">兰欣</span><span style=\";font-family:&#39;Arial&#39;,sans-serif;color:#333333;background:white\">. </span><span style=\";font-family:宋体;color:#333333;background:white\">微信公众平台</span><span style=\";font-family:&#39;Arial&#39;,sans-serif;color:#333333;background:white\">CMS</span><span style=\";font-family:宋体;color:#333333;background:white\">的设计与实现</span><span style=\";font-family:&#39;Arial&#39;,sans-serif;color:#333333;background:white\">[D].</span><span style=\";font-family:宋体;color:#333333;background:white\">南昌大学</span><span style=\";font-family:&#39;Arial&#39;,sans-serif;color:#333333;background:white\">,2015.</span></p><p><span style=\";font-family:&#39;Arial&#39;,sans-serif;color:#333333;background:white\">&nbsp;</span></p><p><span style=\";font-family:&#39;Arial&#39;,sans-serif;color:#333333;background:white\">[4]</span><span style=\"font-family:宋体\">微信公众平台开发者文档 <a href=\"https://mp.weixin.qq.com/wiki/home/index.html\"><span style=\"color:purple\">https://mp.weixin.qq.com/wiki/home/index.html</span></a>.</span></p><p><span style=\"font-family:宋体\">&nbsp;</span></p><p><span style=\";font-family:&#39;Arial&#39;,sans-serif;color:#333333;background:white\">[5]G. Van der Heide,N.D. Van Foreest,K.J. Roodbergen. Optimizing stock levels for rental systems with a support warehouse and partial backordering[J]. European Journal of Operational Research,2017,:.</span></p><p><span style=\";font-family:&#39;Arial&#39;,sans-serif;color:#333333;background:white\">&nbsp;</span></p><p><span style=\";font-family:&#39;Arial&#39;,sans-serif;color:#333333;background:white\">[6]</span><span style=\";font-family:宋体;color:#333333;background:white\">李竹可</span><span style=\";font-family:&#39;Arial&#39;,sans-serif;color:#333333;background:white\">,</span><span style=\";font-family:宋体;color:#333333;background:white\">赵芳</span><span style=\";font-family:&#39;Arial&#39;,sans-serif;color:#333333;background:white\">,</span><span style=\";font-family:宋体;color:#333333;background:white\">侯涛</span><span style=\";font-family:&#39;Arial&#39;,sans-serif;color:#333333;background:white\">. </span><span style=\";font-family:宋体;color:#333333;background:white\">公共电动车租赁系统——未来城市交通的解决方案</span><span style=\";font-family:&#39;Arial&#39;,sans-serif;color:#333333;background:white\">[J/OL]. </span><span style=\";font-family:宋体;color:#333333;background:white\">现代工业经济和信息化</span><span style=\";font-family:&#39;Arial&#39;,sans-serif;color:#333333;background:white\">,2016,6(16):29-30+40. (2016-09-12)[2017-09-15]. http://kns.cnki.net/kcms/detail/14.1362.n.20160912.1440.012.htmlDOI</span><span style=\";font-family:宋体;color:#333333;background:white\">：</span><span style=\";font-family:&#39;Arial&#39;,sans-serif;color:#333333;background:white\">10.16525/j.cnki.14-1362/n.2016.16.12</span></p><p><span style=\";font-family:&#39;Arial&#39;,sans-serif;color:#333333;background:white\">&nbsp;</span></p><p><span style=\";font-family:&#39;Arial&#39;,sans-serif;color:#333333;background:white\">[7]</span><span style=\";font-family:宋体;color:#333333;background:white\">沙强</span><span style=\";font-family:&#39;Arial&#39;,sans-serif;color:#333333;background:white\">,</span><span style=\";font-family:宋体;color:#333333;background:white\">曹婷婷</span><span style=\";font-family:&#39;Arial&#39;,sans-serif;color:#333333;background:white\">. </span><span style=\";font-family:宋体;color:#333333;background:white\">基于手机</span><span style=\";font-family:&#39;Arial&#39;,sans-serif;color:#333333;background:white\">APP</span><span style=\";font-family:宋体;color:#333333;background:white\">的江苏大学公共自行车租赁系统研究</span><span style=\";font-family:&#39;Arial&#39;,sans-serif;color:#333333;background:white\">[J]. </span><span style=\";font-family:宋体;color:#333333;background:white\">设计</span><span style=\";font-family:&#39;Arial&#39;,sans-serif;color:#333333;background:white\">,2016,(01):29-31. [2017-09-15].</span></p><p><br/></p>',307,187,2019),(65,'<p style=\"margin-left:48px\"><span style=\"font-size:16px;font-family:宋体\">1.STM32</span><span style=\"font-size:16px;font-family:宋体\">开发板WIFI模块与手机APP之间的通信。</span></p><p style=\"margin-left:48px\"><span style=\"font-size:16px;font-family:宋体\">2.</span><span style=\"font-size:16px;font-family:宋体\">设计和编写手机APP客户终端。</span></p><p style=\"margin-left:48px\"><span style=\"font-size:16px;font-family:宋体\">3.</span><span style=\"font-size:16px;font-family:宋体\">配置串口，包括设置波特率和端口以及数据包的接收与发送。</span></p><p style=\"margin-left:48px\"><span style=\"font-size:16px;font-family:宋体\">4.</span><span style=\"font-size:16px;font-family:宋体\">研究线程、socket网络编程、进程间通讯机制、UI的设计。</span></p><p style=\"margin-left:48px\"><span style=\"font-size:16px;font-family:宋体\">5.</span><span style=\"font-size:16px;font-family:宋体\">实现智能心情灯的一键开关功能。</span></p><p style=\"margin-left:48px\"><span style=\"font-size:16px;font-family:宋体\">6.</span><span style=\"font-size:16px;font-family:宋体\">实现智能心情灯的颜色调节。</span></p><p style=\"margin-left:48px\"><span style=\"font-size:16px;font-family:宋体\">7.</span><span style=\"font-size:16px;font-family:宋体\">实现智能心情灯的明暗调节。</span></p><p style=\"margin-left:48px\"><span style=\"font-size:16px;font-family:宋体\">8.</span><span style=\"font-size:16px;font-family:宋体\">实现智能心情灯的安全保护机制，当灯温度处于一定温度时自动切断。</span></p><p style=\"margin-left:48px\"><span style=\"font-size:16px;font-family:宋体\">9.</span><span style=\"font-size:16px;font-family:宋体\">实现智能心情灯的软启功能:</span> <span style=\";font-family:宋体\">开灯时亮度由暗变亮，关灯时由亮变暗，避免亮度突然变化刺激人眼，保护眼睛，避免大电流和高温的凸变对灯丝的冲击，保护灯泡，延长使用寿命。</span></p><p><br/></p>','<p style=\"text-indent:32px\"><span style=\"font-family: 宋体\">1.</span><span style=\"font-family: 宋体\">2017</span><span style=\"font-family: 宋体\">年</span><span style=\"font-family: 宋体\">9</span><span style=\"font-family: 宋体\">月</span><span style=\"font-family: 宋体\">1</span><span style=\"font-family: 宋体\">日至9月9日，</span><span style=\";font-family:宋体\">通过查阅资料和询问老师确定毕设题目并且收集相关资料和文献。</span></p><p style=\"text-indent:32px\"><span style=\"font-family: 宋体\">2.</span><span style=\"font-family: 宋体\">2017</span><span style=\"font-family: 宋体\">年9月10日至9月</span><span style=\"font-family: 宋体\">17</span><span style=\"font-family: 宋体\">日，</span><span style=\";font-family:宋体\">通过阅读资料和文献，书写开题报告，</span><span style=\";font-family:宋体\">然后进行开题报告，向评审老师阐述。</span></p><p style=\"text-indent:35px\"><span style=\"font-family: 宋体\">3.</span><span style=\"font-family: 宋体\">2017</span><span style=\"font-family: 宋体\">年</span><span style=\"font-family: 宋体\">9</span><span style=\"font-family: 宋体\">月18日至</span><span style=\"font-family: 宋体\">10</span><span style=\"font-family: 宋体\">月7日</span><span style=\";font-family: 宋体\">，确立论文写作大纲和功能设计大纲，并对软件进行总体与详细设计与编码。</span></p><p style=\"margin-left:112px\"><span style=\"font-family: 宋体\">4.</span><span style=\"font-family: 宋体\">2017</span><span style=\"font-family: 宋体\">年</span><span style=\"font-family: 宋体\">10</span><span style=\"font-family: 宋体\">月8日至</span><span style=\"font-family: 宋体\">11</span><span style=\"font-family: 宋体\">月9日，对系统进行详细设计，对系统各模块进行更详细的设计，绘制各模块设计图，以及开始着手写论文。</span></p><p style=\"margin-left:112px\"><span style=\"font-family: 宋体\">5.2017</span><span style=\"font-family: 宋体\">年</span><span style=\"font-family: 宋体\">11</span><span style=\"font-family: 宋体\">月1</span><span style=\"font-family: 宋体\">0</span><span style=\"font-family: 宋体\">日至2017年11月</span><span style=\"font-family: 宋体\">29</span><span style=\"font-family: 宋体\">日，</span><span style=\";font-family:宋体\">对系统进行测试，解决出现的问题，进一步完善系统，完成论文的书写并完善论文。</span></p><p style=\"line-height:24px\"><span style=\";font-family:宋体\">&nbsp;&nbsp;&nbsp;&nbsp; </span><span style=\"font-family: 宋体\">6.</span><span style=\"font-family: 宋体\">2017</span><span style=\"font-family: 宋体\">年11月30日至12月20日，</span><span style=\";font-family:宋体\">将论文发给指导老师审核，获取修改意见，做相关修改</span><span style=\"font-family: 宋体\">。<br/> &nbsp;&nbsp;&nbsp;&nbsp; </span><span style=\"font-family: 宋体\">7.2017</span><span style=\"font-family: 宋体\">年12月21日至12月30日，论文定稿、打印、送审，准备论文答辩。</span></p><p><br/></p>','<p><span style=\";font-family:宋体\">[1].</span><span style=\";font-family: 宋体\">李宗.智能家居中灯光控制系统的研究[D].硕士论文.上海:上海交通大学，2008.</span></p><p><span style=\"font-family: 宋体\">[2].</span><span style=\"font-family: 宋体\">周洪.智能家居控制系统[M].中国电力出版社，2006</span></p><p><span style=\"font-family: 宋体\">[3].</span><span style=\"font-family: 宋体\">陆之洋.基于无线技术的电能监控系统的设计[J].电子测量技术，2011（08）</span></p><p><span style=\"font-family: 宋体\">[4].</span><span style=\"font-family: 宋体\">华鹏.基于Android平台下的智能家居终端控制软件设计研究[J].黑龙江科技信息，2016（25）</span></p><p><span style=\"font-family: 宋体\">[5].</span><span style=\"font-family: 宋体\">陈致远，朱叶承，周卓泉.一种基于STM32的智能家居控制系统[J].电子技术应用.2012（09）</span></p><p><span style=\"font-family: 宋体\">[6].</span> <span style=\";font-family:宋体\">迈耶.Android 4高级编程(第3版) [M].清华大学出版社,2013. <br/> [7].陈强，刘娅.基于Android平台的学习类APP开发[J].电脑知识与技术，2016（20）</span></p><p><span style=\"font-family: 宋体\">[8].</span><span style=\"font-family: 宋体\">张红英.基于单片机实现的WIFI无线传感器网络产品综述[J].科技传播，2011（12）</span></p><p><span style=\"font-family: 宋体\">[9].</span><span style=\"font-family: 宋体\">黄兴.Android平台远程终端控制系统的研究与设计[D],2013.01.</span></p><p style=\"line-height:150%\"><span style=\"font-family: 宋体\">[10]</span>.<span style=\"font-family:宋体\">曾宏安，冯利美</span><span style=\"line-height: 150%;font-family: 宋体\">.</span><span style=\"line-height: 150%;font-family: 宋体\">嵌入式应用程序设计综合教程[M] .人民邮电出版社 ,2014.02</span></p><p><br/></p>',305,187,2019),(66,'<p style=\"margin-top:8px;text-indent:32px;line-height:24px\"><span style=\"font-size: 16px;font-family:宋体\">伴随着知识经济的到来，高校图书馆的外部环境发生着巨大的变化，传统管理模式所产生的隐患也日益突出，存在着种种的误区和难题。常规的图书管理，只是对图书的分类保管和存档，其重心依旧停留在提供纸质馆藏资源，而如何运用互联网上的免费信息资源更是缺乏研究，以至于使图书管理失去了本身应有的知识含量。在现代科学技术日益发展的今天，图书管理也应有与时俱进，实现对图书馆的知识管理，提高图书馆管理的科技含量。 </span></p><p style=\"margin-top:8px;text-indent:32px;line-height:24px\"><span style=\"font-size:16px;font-family:宋体\">&nbsp; </span><span style=\"font-size:16px;font-family:宋体\">本课题的题目为《高校实验平台的图书管理与知识分享系统的设计与实现》,旨在分析设计出一个图书管理系统，其包含高校实验室对图书管理的基本需求，更加入了知识分享的设计与实现，对在书库内所产生、获取、处理、存储、交流、传播和应用知识有关的一切活动及其相关规律的管理。</span></p><p><br/></p>','<p style=\"line-height:125%\"><span style=\"font-size:16px;line-height:125%;font-family:宋体\">第一阶段：认真查找文献和收集资料，了解目前国内外的研究现状和相关技术的动态。整理资料，确定课题研究方向并进一步提炼研究内容。</span></p><p style=\"line-height:125%\"><span style=\"font-size:16px;line-height:125%;font-family:宋体\">第二阶段：系统的需求分析，完成相关文档、图、表的制作，提交用户需求规格说明书。</span></p><p style=\"line-height:125%\"><span style=\"font-size:16px;line-height:125%;font-family:宋体\">第三阶段：系统设计与实现，完成总体设计、详细设计、编码及调试工作，完成用户手册，提交相关文档。整理、撰写论文初稿。</span></p><p style=\"line-height:125%\"><span style=\"font-size:16px;line-height:125%;font-family:宋体\">第四阶段：系统测试，并根据修改意见修改系统。修改论文并最终定稿。</span></p><p style=\"line-height:125%\"><span style=\"font-size:16px;line-height:125%;font-family:宋体\">第五阶段：答辩、完善系统及论文，定稿，提交合格的毕业设计档案资料。</span></p><p><br/></p>','<p><span style=\"font-size:16px;font-family:宋体\">[1] <a href=\"http://kns.cnki.net/kcms/detail/detail.aspx?filename=KJZW201707199&dbcode=CJFQ&dbname=CJFDTEMP&v=\" target=\"kcmstarget\"><span style=\"color:windowtext;text-underline:none\">探究高校图书管理创新工作</span></a>[J].</span><span style=\"font-size:16px;font-family:宋体\">刘秀梅.科技展望.2017(07).</span></p><p><span style=\"font-size:16px;font-family:宋体\">[2] </span><span style=\"font-size:16px;font-family:宋体\">图书管理系统的设计与开发分析[J]. 姚红燕. 电脑知识与技术. 2016(17).</span></p><p><span style=\"font-size:16px;font-family:宋体\">[3] <a href=\"http://kns.cnki.net/kcms/detail/detail.aspx?filename=QBZL201201008&dbcode=CJFQ&dbname=CJFD2012&v=\" target=\"kcmstarget\"><span style=\"color:windowtext;text-underline:none\">中国现代图书馆管理理论发展研究</span></a>[J]. </span><span style=\"font-size:16px;font-family:宋体\">黄红华. 情报资料工作. 2012(01).</span></p><p><span style=\"font-size:16px;font-family:宋体\">[4] </span><span style=\"font-size:16px;font-family:宋体\">崔春霞. 加强图书管理信息化建设的几点思考[N]. 驻马店日报,2017-07-07(005).</span></p><p><span style=\"font-size:16px;font-family:宋体\">[5] </span><span style=\"font-size:16px;font-family:宋体\">王芬. 图书馆知识共享研究[D]. 华南师范大学, 2007.</span></p><p><br/></p>',700,169,2019),(67,'<p>atabase returned no natively generated identity value错误、所以要在数据库中手动定义id列自动增长</p>','<p>在指定主键生成策略的时候、配置了&lt;generator class=&quot;identity&quot;/&gt; 、这是提供自动增长、为数据表中的主键自动增长、但是如果数据库没有定义id列为自动增长的话、就会出现The database returned no natively generated identity value错误、所以要在数据库中手动定义id列自动增长</p>','<p>在指定主键生成策略的时候、配置了&lt;generator class=&quot;identity&quot;/&gt; 、这是提供自动增长、为数据表中的主键自动增长、但是如果数据库没有定义id列为自动增长的话、就会出现The database returned no natively generated identity value错误、所以要在数据库中手动定义id列自动增长</p>',280,159,2019),(68,'增建任务书','增建任务书','增建任务书',512,159,2019);
/*!40000 ALTER TABLE `task_book` ENABLE KEYS */;
UNLOCK TABLES;

--
-- Table structure for table `teacher_directions`
--

DROP TABLE IF EXISTS `teacher_directions`;
/*!40101 SET @saved_cs_client     = @@character_set_client */;
/*!40101 SET character_set_client = utf8 */;
CREATE TABLE `teacher_directions` (
  `id` int(11) NOT NULL AUTO_INCREMENT,
  `directions_id` int(11) DEFAULT NULL COMMENT '研究方向Id',
  `teacher_id` int(11) DEFAULT NULL COMMENT '老师ID',
  `year` int(11) DEFAULT NULL COMMENT '年度',
  PRIMARY KEY (`id`)
) ENGINE=InnoDB AUTO_INCREMENT=56 DEFAULT CHARSET=utf8;
/*!40101 SET character_set_client = @saved_cs_client */;

--
-- Dumping data for table `teacher_directions`
--

LOCK TABLES `teacher_directions` WRITE;
/*!40000 ALTER TABLE `teacher_directions` DISABLE KEYS */;
INSERT INTO `teacher_directions` (`id`, `directions_id`, `teacher_id`, `year`) VALUES (1,1,200,2019),(2,1,199,2019),(3,1,197,2019),(5,3,201,2019),(6,2,201,2019),(23,3,118,2019),(24,1,102,2019),(25,3,102,2019),(26,2,102,2019),(27,1,104,2019),(28,3,104,2019),(29,3,132,2019),(30,1,132,2019),(31,4,116,2019),(32,1,175,2019),(33,3,175,2019),(34,2,175,2019),(35,1,187,2019),(36,2,187,2019),(37,3,187,2019),(38,4,195,2019),(39,1,111,2019),(40,2,111,2019),(41,3,111,2019),(42,1,118,2019),(43,1,169,2019),(44,1,113,2019),(45,3,144,2019),(46,2,144,2019),(47,1,144,2019),(48,1,159,2019),(49,2,159,2019),(50,3,159,2019),(51,1,178,2019),(52,4,178,2019),(53,3,178,2019),(54,1,196,2019),(55,3,101,2019);
/*!40000 ALTER TABLE `teacher_directions` ENABLE KEYS */;
UNLOCK TABLES;

--
-- Table structure for table `teacher_major`
--

DROP TABLE IF EXISTS `teacher_major`;
/*!40101 SET @saved_cs_client     = @@character_set_client */;
/*!40101 SET character_set_client = utf8 */;
CREATE TABLE `teacher_major` (
  `id` int(11) NOT NULL AUTO_INCREMENT,
  `teacher_id` int(11) DEFAULT NULL,
  `major_id` int(11) DEFAULT NULL,
  `year` int(11) DEFAULT NULL,
  PRIMARY KEY (`id`)
) ENGINE=InnoDB AUTO_INCREMENT=79 DEFAULT CHARSET=utf8;
/*!40101 SET character_set_client = @saved_cs_client */;

--
-- Dumping data for table `teacher_major`
--

LOCK TABLES `teacher_major` WRITE;
/*!40000 ALTER TABLE `teacher_major` DISABLE KEYS */;
INSERT INTO `teacher_major` (`id`, `teacher_id`, `major_id`, `year`) VALUES (1,199,1,2019),(5,193,3,2019),(6,194,2,2019),(7,182,3,2019),(8,180,3,2019),(10,201,4,2019),(11,201,5,2019),(12,200,4,2019),(13,200,11,2019),(14,118,4,2019),(15,201,11,2019),(16,201,10,2019),(17,201,9,2019),(18,201,8,2019),(19,118,5,2019),(20,102,11,2019),(21,102,4,2019),(22,102,6,2019),(23,104,6,2019),(24,104,4,2019),(25,104,5,2019),(26,116,12,2019),(27,132,5,2019),(28,132,11,2019),(29,132,10,2019),(30,132,8,2019),(31,175,11,2019),(32,175,4,2019),(33,175,5,2019),(34,175,6,2019),(35,187,11,2019),(36,187,6,2019),(37,187,5,2019),(38,187,4,2019),(39,195,12,2019),(40,195,4,2019),(41,111,4,2019),(42,111,5,2019),(43,111,6,2019),(44,111,11,2019),(45,199,4,2019),(46,199,12,2019),(47,199,5,2019),(48,199,11,2019),(49,199,6,2019),(50,169,4,2019),(51,169,5,2019),(52,169,6,2019),(53,169,11,2019),(54,113,4,2019),(55,113,6,2019),(56,113,5,2019),(57,113,11,2019),(58,144,12,2019),(59,144,9,2019),(60,144,10,2019),(61,144,4,2019),(62,144,5,2019),(63,144,11,2019),(64,144,6,2019),(65,144,8,2019),(66,159,8,2019),(67,159,10,2019),(68,159,11,2019),(69,159,4,2019),(70,178,4,2019),(71,178,12,2019),(72,178,9,2019),(74,196,4,2019),(75,196,6,2019),(76,196,11,2019),(77,196,8,2019),(78,101,5,2019);
/*!40000 ALTER TABLE `teacher_major` ENABLE KEYS */;
UNLOCK TABLES;

--
-- Table structure for table `teacher_project`
--

DROP TABLE IF EXISTS `teacher_project`;
/*!40101 SET @saved_cs_client     = @@character_set_client */;
/*!40101 SET character_set_client = utf8 */;
CREATE TABLE `teacher_project` (
  `project_id` int(11) NOT NULL AUTO_INCREMENT,
  `project_name` varchar(255) DEFAULT NULL COMMENT '导师课题名称',
  `project_type` varchar(255) DEFAULT NULL COMMENT '导师课题类型',
  `project_describ` varchar(255) DEFAULT NULL COMMENT '课题描述',
  `teacher_id` int(11) DEFAULT NULL COMMENT '教师编号',
  `state` int(11) DEFAULT NULL COMMENT '状态',
  `stu_ids` varchar(255) DEFAULT NULL,
  `stu_names` varchar(255) DEFAULT NULL COMMENT '学生名字集合',
  `already_choose` int(11) DEFAULT NULL COMMENT '已经选择此课题的人数',
  `max_choose` int(11) DEFAULT NULL COMMENT '选择此课题的人数上限',
  `project_sign` int(11) DEFAULT NULL COMMENT '标识',
  `year` int(11) DEFAULT NULL COMMENT '年度',
  PRIMARY KEY (`project_id`)
) ENGINE=InnoDB AUTO_INCREMENT=2 DEFAULT CHARSET=utf8;
/*!40101 SET character_set_client = @saved_cs_client */;

--
-- Dumping data for table `teacher_project`
--

LOCK TABLES `teacher_project` WRITE;
/*!40000 ALTER TABLE `teacher_project` DISABLE KEYS */;
INSERT INTO `teacher_project` (`project_id`, `project_name`, `project_type`, `project_describ`, `teacher_id`, `state`, `stu_ids`, `stu_names`, `already_choose`, `max_choose`, `project_sign`, `year`) VALUES (1,'11111111','1','111111111',159,1,'1','1',1,11,11,2019);
/*!40000 ALTER TABLE `teacher_project` ENABLE KEYS */;
UNLOCK TABLES;

--
-- Table structure for table `user_hlep`
--

DROP TABLE IF EXISTS `user_hlep`;
/*!40101 SET @saved_cs_client     = @@character_set_client */;
/*!40101 SET character_set_client = utf8 */;
CREATE TABLE `user_hlep` (
  `id` int(11) NOT NULL AUTO_INCREMENT,
  `userName` varchar(255) DEFAULT NULL COMMENT '用户名',
  `loginName` varchar(255) DEFAULT NULL COMMENT '登录名',
  `password` varchar(255) DEFAULT NULL COMMENT '用户密码',
  `userType` varchar(255) DEFAULT NULL COMMENT '用户类型（1.学生用户2.老师3 .管理员））',
  `opTime` datetime DEFAULT NULL COMMENT '录入时间',
  `sign` varchar(255) DEFAULT NULL COMMENT '登录标识',
  `userSex` varchar(255) DEFAULT NULL COMMENT '用户性别',
  `userAge` varchar(255) DEFAULT NULL COMMENT '用户年龄',
  `userTel` varchar(255) DEFAULT NULL COMMENT '用户电话',
  `userEmail` varchar(255) DEFAULT NULL COMMENT '用户邮箱',
  `userImg` varchar(255) DEFAULT NULL,
  PRIMARY KEY (`id`)
) ENGINE=InnoDB AUTO_INCREMENT=1069 DEFAULT CHARSET=utf8;
/*!40101 SET character_set_client = @saved_cs_client */;

--
-- Dumping data for table `user_hlep`
--

LOCK TABLES `user_hlep` WRITE;
/*!40000 ALTER TABLE `user_hlep` DISABLE KEYS */;
INSERT INTO `user_hlep` (`id`, `userName`, `loginName`, `password`, `userType`, `opTime`, `sign`, `userSex`, `userAge`, `userTel`, `userEmail`, `userImg`) VALUES (15,'hzm','hzm','hzm','3',NULL,NULL,NULL,NULL,'13507745821','1350774582@qq.com',NULL),(257,'谭伟明','03002','03002','2','2017-09-12 11:23:05',NULL,'0','','13977480962','229233298@qq.com',NULL),(258,'甘金明','23002','23002','2','2017-09-12 11:23:05',NULL,'0','','13517746168','18705587@qq.com',NULL),(259,'吴燕端','23003','23003','2','2017-09-12 11:23:05',NULL,'1','','13977483231','385885055@qq.com',NULL),(260,'万励','23004','23004','2','2017-09-12 11:23:05',NULL,'1','','13977480678','7141917@qq.com',NULL),(261,'邹木春','23005','23005','2','2017-09-12 11:23:05',NULL,'0','','13977498190','352444184@qq.com',NULL),(262,'郭慧','23006','23006','2','2017-09-12 11:23:05',NULL,'1','','13907849563','guohui928@qq.com',NULL),(263,'龚红梅','23007','23007','2','2017-09-12 11:23:05',NULL,'1','','13877492331','82426586@qq.com',NULL),(264,'韦翠兰','23008','23008','2','2017-09-12 11:23:05',NULL,'1','','13877491029','weilan929@163.com',NULL),(265,'刘树先','23097','23097','2','2017-09-12 11:23:05',NULL,'1','','15777481612','2356923011@qq.com',NULL),(266,'黄永庆','23009','23009','2','2017-09-12 11:23:05',NULL,'0','','13005972073','34235610@qq.com',NULL),(267,'陆科达','23010','23010','2','2017-09-12 11:23:05',NULL,'0','','13907740771','5109220@qq.com',NULL),(268,'苏芳','23011','23011','2','2017-09-12 11:23:05',NULL,'1','','13877413327','sufang088@163.com',NULL),(269,'梁朝湘','23012','23012','2','2017-09-12 11:23:05',NULL,'0','','13877419221','420844683@qq.com',NULL),(270,'龚平','23014','23014','2','2017-09-12 11:23:05',NULL,'1','','13737864166','gongping_popo@163.com',NULL),(271,'何高明','23015','23015','2','2017-09-12 11:23:06',NULL,'0','','13878402496','46640945@qq.com',NULL),(272,'贺杰','23016','23016','2','2017-09-12 11:23:06',NULL,'0','','13878481406','hejie1213@163.com',NULL),(273,'侯义锋','23017','23017','2','2017-09-12 11:23:06',NULL,'0','','15878055535','houyifenghouyifeng@yahoo.com.cn',NULL),(274,'莫智懿','23018','23018','2','2017-09-12 11:23:06',NULL,'0','','13877417021','mofly_0214@qq.com','/attached/userImg/CBB23E80-5D34-4B86-80A8-8C2D935CFE31_黎艺侠.jpg'),(275,'许成章','23019','23019','2','2017-09-12 11:23:06',NULL,'0','','13087941099','wzcwxcz@163.com',NULL),(276,'于健海','23020','23020','2','2017-09-12 11:23:06',NULL,'0','','15777445246','yujianhai1977@sina.com',NULL),(277,'赵贤','23021','23021','2','2017-09-12 11:23:06',NULL,'1','','13977481179','zxzjm1980@sina.com',NULL),(278,'盖双旗','23036','23036','2','2017-09-12 11:23:06',NULL,'0','','13788046168','lgxgsq22@sina.com',NULL),(279,'冀占江','23023','23023','2','2017-09-12 11:23:06',NULL,'0','','18277405331','1395954261@qq.com',NULL),(280,'李泽庆','23024','23024','2','2017-09-12 11:23:06',NULL,'0','','13707749527','LiZeqing1024@163.com',NULL),(281,'丘妮','23025','23025','2','2017-09-12 11:23:06',NULL,'1','','15878417357','112031950@qq.com',NULL),(282,'邵晋芳','23026','23026','2','2017-09-12 11:23:06',NULL,'1','','13647749075','80670906@qq.com',NULL),(283,'沈翩翩','23027','23027','2','2017-09-12 11:23:06',NULL,'1','','13481409565','1815355244@qq.com',NULL),(284,'覃汉龙','23028','23028','2','2017-09-12 11:23:06',NULL,'0','','13647749075','q_hl@xinhuanet.com',NULL),(285,'吴芳','23029','23029','2','2017-09-12 11:23:06',NULL,'1','','15277403808','1016431708@qq.com',NULL),(286,'蔡敏仪','23103','23103','2','2017-09-12 11:23:06',NULL,'1','','18078074393','609812793@qq.com',NULL),(287,'周源','23104','23104','2','2017-09-12 11:23:06',NULL,'0','','18778835755','372553175@qq.com',NULL),(288,'陈聪','23031','23031','2','2017-09-12 11:23:06',NULL,'0','','13907741966','75337195@qq.com',NULL),(289,'陈红','23032','23032','2','2017-09-12 11:23:06',NULL,'1','','13877482316','545819685@qq.com',NULL),(290,'陈佳','23033','23033','2','2017-09-12 11:23:06',NULL,'1','','13877418905','27548122@qq.com',NULL),(291,'陈伟华','23034','23034','2','2017-09-12 11:23:06',NULL,'0','','13877497007','gxwzchwh@163.com',NULL),(292,'代丽娴','23035','23035','2','2017-09-12 11:23:06',NULL,'1','','13507740707','lrr_dai@sohu.com',NULL),(293,'宫海晓','23037','23037','2','2017-09-12 11:23:06',NULL,'0','','13877410741','28001736@qq.com',NULL),(294,'胡庆席','23038','23038','2','2017-09-12 11:23:06',NULL,'0','','13307745195','1362336967@qq.com',NULL),(295,'黄劲','23039','23039','2','2017-09-12 11:23:06',NULL,'0','','13737882366','huangjin_64@163.com',NULL),(296,'黄洁明','23040','23040','2','2017-09-12 11:23:06',NULL,'0','','18007745137','308742869@qq.com',NULL),(297,'黄筱佟','23041','23041','2','2017-09-12 11:23:06',NULL,'1','','13877487951','konihito@21cn.com',NULL),(298,'蒋琳琼','23042','23042','2','2017-09-12 11:23:06',NULL,'1','','15007748475','li15jali15ja@163.com',NULL),(299,'黎达安','23043','23043','2','2017-09-12 11:23:06',NULL,'0','','15878060540','lidaan@126.com',NULL),(300,'李健','23044','23044','2','2017-09-12 11:23:07',NULL,'0','','13005973255','22059932@qq.com',NULL),(301,'李军','23045','23045','2','2017-09-12 11:23:07',NULL,'0','','13878409732','763008333@qq.com',NULL),(302,'李翊','23046','23046','2','2017-09-12 11:23:07',NULL,'0','','13877406038','9444400@qq.com',NULL),(303,'李琛','23047','23047','2','2017-09-12 11:23:07',NULL,'1','','18707741680','sun_drops@sohu.com',NULL),(304,'李海英','23048','23048','2','2017-09-12 11:23:07',NULL,'1','','18977488228','hy4201@163.com',NULL),(305,'李连芬','23049','23049','2','2017-09-12 11:23:07',NULL,'1','','13877483083','631438875@qq.com',NULL),(306,'李学海','23050','23050','2','2017-09-12 11:23:07',NULL,'0','','13607741886','87791976@qq.com',NULL),(307,'李志军','23051','23051','2','2017-09-12 11:23:07',NULL,'0','','13557746698','1045129428@qq.com',NULL),(308,'梁菁','23052','23052','2','2017-09-12 11:23:07',NULL,'1','','13977481979','wang.li.owen@163.com',NULL),(309,'廖秋香','23053','23053','2','2017-09-12 11:23:07',NULL,'1','','13877419612','306804424@qq.com',NULL),(310,'刘玲玲','23054','23054','2','2017-09-12 11:23:07',NULL,'1','','15878055010','liulingling0543@126.com',NULL),(311,'刘敏捷','23055','23055','2','2017-09-12 11:23:07',NULL,'1','','13517649873','liumj2002@163.com',NULL),(312,'卢雪燕','23056','23056','2','2017-09-12 11:23:07',NULL,'1','','18977488737','wonderfullu@163.com',NULL),(313,'卢在盛','23057','23057','2','2017-09-12 11:23:07',NULL,'0','','18577400397','742690378@qq.com',NULL),(314,'莫协强','23058','23058','2','2017-09-12 11:23:07',NULL,'0','','13737837843','799629419@qq.com',NULL),(315,'彭金虎','23059','23059','2','2017-09-12 11:23:07',NULL,'1','','13877417032','371349489@qq.com','/attached/userImg/CCD574DD-52C2-4892-8AA7-98DE6FE272CC_scan.png'),(316,'钱俊','23060','23060','2','2017-09-12 11:23:07',NULL,'1','','15878051377','thegodwell@sina.com',NULL),(317,'卿海军','23061','23061','2','2017-09-12 11:23:07',NULL,'0','','13471403599','254391057@qq.com',NULL),(318,'石向东','23062','23062','2','2017-09-12 11:23:07',NULL,'0','','13877491222','1213937116@qq.com',NULL),(319,'覃桂茳','23063','23063','2','2017-09-12 11:23:07',NULL,'0','','13877491149','rever99@163.com',NULL),(320,'覃学文','23064','23064','2','2017-09-12 11:23:07',NULL,'1','','13737889311','qinxuewen_1005@163.com',NULL),(321,'谭军安','23065','23065','2','2017-09-12 11:23:07',NULL,'1','','15277423607','352678949@qq.com',NULL),(322,'唐智权','23066','23066','2','2017-09-12 11:23:07',NULL,'0','','15807743156','tzqtzq0028@163.com',NULL),(323,'汪梅','23067','23067','2','2017-09-12 11:23:07',NULL,'1','','13877411142','36720486@qq.com',NULL),(324,'韦雪娇','23068','23068','2','2017-09-12 11:23:07',NULL,'1','','13878406080','weixuejiao790803@163.com',NULL),(325,'吴炎桃','23069','23069','2','2017-09-12 11:23:07',NULL,'1','','13517741788','45671102@qq.com',NULL),(326,'杨甲山','23072','23072','2','2017-09-12 11:23:07',NULL,'0','','18376463765','syxyyjs@163.com',NULL),(327,'姚高华','23073','23073','2','2017-09-12 11:23:07',NULL,'0','','13878467849','yaogaohua@163.com',NULL),(328,'曾福军','23074','23074','2','2017-09-12 11:23:07',NULL,'0','','13977480966','546412982@qq.com',NULL),(329,'郑瑶','23075','23075','2','2017-09-12 11:23:07',NULL,'1','','13877491021','463515958@qq.com',NULL),(330,'杨秋慧','23087','23087','2','2017-09-12 11:23:08',NULL,'1','','13647741032','839296242@qq.com',NULL),(331,'陈悦','23094','23094','2','2017-09-12 11:23:08',NULL,'0','','15777480371','592736291@qq.com',NULL),(332,'周宇媚','23095','23095','2','2017-09-12 11:23:08',NULL,'1','','13317841832','445610407@qq.com',NULL),(333,'彭国晋','23096','23096','2','2017-09-12 11:23:08',NULL,'0','','18807744469','118011758@qq.com',NULL),(334,'吴飞燕','23098','23098','2','2017-09-12 11:23:08',NULL,'1','','18207798592','546207251@qq.com',NULL),(335,'高晓峰','23099','23099','2','2017-09-12 11:23:08',NULL,'0','','18775048495','805542638@qq.com',NULL),(336,'赵春茹','23100','23100','2','2017-09-12 11:23:08',NULL,'1','','18677412790','404911856@qq.com',NULL),(337,'王奎奎','23101','23101','2','2017-09-12 11:23:08',NULL,'0','','15607747795','763511309@qq.com',NULL),(338,'涂井先','23102','23102','2','2017-09-12 11:23:08',NULL,'0','','13087745382','568205127@qq.com',NULL),(339,'何希','23105','23105','2','2017-09-12 11:23:08',NULL,'0','','15077401591','402809743@qq.com',NULL),(340,'李宗妮','23106','23106','2','2017-09-12 11:23:08',NULL,'1','','18278053686','603930219@qq.com',NULL),(341,'杜汝涛','23076','23076','2','2017-09-12 11:23:08',NULL,'0','','18607743598','365510463@qq.com',NULL),(342,'黄容兰','23077','23077','2','2017-09-12 11:23:08',NULL,'1','','13878469460','283685512@qq.com',NULL),(343,'冀肖榆','23078','23078','2','2017-09-12 11:23:08',NULL,'0','','18077452115','55716340@qq.com',NULL),(344,'李红亮','23079','23079','2','2017-09-12 11:23:08',NULL,'0','','18677406171','lihl1978@163.com',NULL),(345,'农健','23081','23081','2','2017-09-12 11:23:08',NULL,'0','','13607740778','9833820@qq.com',NULL),(346,'潘明华','23082','23082','2','2017-09-12 11:23:08',NULL,'1','','15878063987','1043821876@qq.com',NULL),(347,'庞光垚','23083','23083','2','2017-09-12 11:23:08',NULL,'0','','13457481234','116861519@qq.com',NULL),(348,'王先龙','23084','23084','2','2017-09-12 11:23:08',NULL,'0','','15878449516','595080198@qq.com',NULL),(349,'张金城','23085','23085','2','2017-09-12 11:23:08',NULL,'0','','18807748162','576911485@qq.com',NULL),(350,'郑明','23086','23086','2','2017-09-12 11:23:08',NULL,'0','','13397841793','370505375@qq.com',NULL),(351,'邸臻炜','23022','23022','2','2017-09-12 11:23:08',NULL,'1','','13977488105','dizhenwei@qq.com',NULL),(352,'许传本','23030','23030','2','2017-09-12 11:23:08',NULL,'0','','13471402595','642229776@qq.com',NULL),(353,'甘辉','23089','23089','2','2017-09-12 11:23:08',NULL,'0','','13005971682','1019773666@qq.com',NULL),(354,'周信健','23088','23088','2','2017-09-12 11:23:08',NULL,'0','','13263768858','262666408@qq.com',NULL),(355,'朱肖颖','23090','23090','2','2017-09-12 11:23:08',NULL,'1','','13097749242','980189526@qq.com',NULL),(356,'李庆','23092','23092','2','2017-09-12 11:23:08',NULL,'0','','13617741884','385897215@qq.com',NULL),(637,'龙宇晖','201400208001','201400208001','1',NULL,NULL,'1','','13507745821','1350774582@qq.com',NULL),(638,'朱炳安','201400208110','201400208110','1',NULL,NULL,'1','','13507745821','1350774582@qq.com','/attached/userImg/1CF122D5-F19D-4B40-9EA5-F0C2066996FF_20150204014437784.jpg'),(639,'梁成羽','201400208117','201400208117','1',NULL,NULL,'1','','13507745821','1350774582@qq.com',NULL),(640,'庞运兴','201400208118','201400208118','1',NULL,NULL,'1','','13507745821','1350774582@qq.com','/attached/userImg/7DEAB208-8EDD-4E75-B58A-40E3AB003C01_TIM图片000000000000.jpg'),(641,'姚景标','201400208122','201400208122','1',NULL,NULL,'1','','13507745821','1350774582@qq.com',NULL),(642,'韦集文','201400208126','201400208126','1',NULL,NULL,'1','','13507745821','1350774582@qq.com',NULL),(643,'白慧冬','201400208130 ','201400208130 ','1',NULL,NULL,'1','','13507745821','1350774582@qq.com',NULL),(644,'胡海宗','201400208133','201400208133','1',NULL,NULL,'1','','13507745821','1350774582@qq.com',NULL),(645,'李加伟','201400208230','201400208230','1',NULL,NULL,'1','','13507745821','1350774582@qq.com',NULL),(646,'黄婉莹','201400208246','201400208246','1',NULL,NULL,'0','','13507745821','1350774582@qq.com',NULL),(647,'梁灵杰','201400213002','201400213002','1',NULL,NULL,'1','','13507745821','1350774582@qq.com',NULL),(648,'陈光良','201400213006','201400213006','1',NULL,NULL,'1','','13507745821','1350774582@qq.com',NULL),(649,'李明丽','201400213026','201400213026','1',NULL,NULL,'0','','13507745821','1350774582@qq.com',NULL),(650,'梁振华','201400213030','201400213030','1',NULL,NULL,'1','','13507745821','1350774582@qq.com',NULL),(651,'吴小燕','201400208138','201400208138','1',NULL,NULL,'0','','13507745821','1350774582@qq.com',NULL),(652,'虞春梅','201400208144','201400208144','1',NULL,NULL,'0','','13507745821','1350774582@qq.com',NULL),(653,'黄永亮','201400208210','201400208210','1',NULL,NULL,'1','','13507745821','1350774582@qq.com',NULL),(654,'卿红达','201400208214','201400208214','1',NULL,NULL,'1','','13507745821','1350774582@qq.com',NULL),(655,'李仟','201400208228','201400208228','1',NULL,NULL,'1','','13507745821','1350774582@qq.com',NULL),(659,'梁伟军','201400208113','201400208113','1',NULL,NULL,'1','','13507745821','1350774582@qq.com',NULL),(663,'吴雄宇','201400208215','201400208215','1',NULL,NULL,'1','','13507745821','1350774582@qq.com',NULL),(664,'秦千富','201400208217','201400208217','1',NULL,NULL,'1','','13507745821','1350774582@qq.com',NULL),(665,'周皓','201400208218','201400208218','1',NULL,NULL,'1','','13507745821','1350774582@qq.com',NULL),(666,'胡宇鹏','201400208222','201400208222','1',NULL,NULL,'1','','13507745821','1350774582@qq.com',NULL),(667,'叶京强','201400208233','201400208233','1',NULL,NULL,'1','','13507745821','1350774582@qq.com',NULL),(668,'蓝东','201400213051','201400213051','1',NULL,NULL,'1','','13507745821','1350774582@qq.com',NULL),(669,'江妙玉','201400208103','201400208103','1',NULL,NULL,'1','','13507745821','1350774582@qq.com',NULL),(670,'刘朝栋','201400208116','201400208116','1',NULL,NULL,'1','','13507745821','1350774582@qq.com',NULL),(671,'刘剑','201400208123','201400208123','1',NULL,NULL,'1','','13507745821','1350774582@qq.com',NULL),(672,'杨秀训','201400208127','201400208127','1',NULL,NULL,'1','','13507745821','1350774582@qq.com',NULL),(673,'刘洪涛','201400208129','201400208129','1',NULL,NULL,'1',NULL,'13507745821','1350774582@qq.com',NULL),(674,'李艳芳','201400208136','201400208136','1',NULL,NULL,'0',NULL,'13507745821','1350774582@qq.com',NULL),(675,'卢丽','201400208137','201400208137','1',NULL,NULL,'0',NULL,'13507745821','1350774582@qq.com',NULL),(676,'王明珠','201400208140','201400208140','1',NULL,NULL,'0',NULL,'13507745821','1350774582@qq.com',NULL),(677,'覃文欣','201400208146','201400208146','1',NULL,NULL,'0',NULL,'13507745821','1350774582@qq.com',NULL),(678,'韦曼玲','201400208147','201400208147','1',NULL,NULL,'0',NULL,'13507745821','1350774582@qq.com',NULL),(679,'陈红梅','201400208149','201400208149','1',NULL,NULL,'0',NULL,'13507745821','1350774582@qq.com',NULL),(680,'张勇智','201400208226','201400208226','1',NULL,NULL,'1',NULL,'13507745821','1350774582@qq.com',NULL),(681,'曾小榕','201400208239','201400208239','1',NULL,NULL,'0',NULL,'13507745821','1350774582@qq.com',NULL),(682,'蓝秋颖','201400208244','201400208244','1',NULL,NULL,'0',NULL,'13507745821','1350774582@qq.com',NULL),(683,'何金燕','201400208134','201400208134','1',NULL,NULL,'0',NULL,'13507745821','1350774582@qq.com',NULL),(684,'黎艺侠','201400208135','201400208135','1',NULL,NULL,'0',NULL,'13507745821','1350774582@qq.com',NULL),(685,'韦东连','201400208141','201400208141','1',NULL,NULL,'0',NULL,'13507745821','1350774582@qq.com',NULL),(686,'俸捷','201400208142','201400208142','1',NULL,NULL,'0',NULL,'13507745821','1350774582@qq.com',NULL),(687,'张燕','201400208148','201400208148','1',NULL,NULL,'0',NULL,'13507745821','1350774582@qq.com',NULL),(688,'何志明','201400208219','201400208219','1',NULL,NULL,'1',NULL,'13507745821','1350774582@qq.com',NULL),(689,'梁俊杰','201400213005','201400213005','1',NULL,NULL,'1',NULL,'13507745821','1350774582@qq.com',NULL),(690,'吴春涧','201400213027','201400213027','1',NULL,NULL,'0',NULL,'13507745821','1350774582@qq.com',NULL),(691,'钟桂香','201400213044','201400213044','1',NULL,NULL,'0',NULL,'13507745821','1350774582@qq.com',NULL),(692,'韦柳霜','201400213047','201400213047','1',NULL,NULL,'0',NULL,'13507745821','1350774582@qq.com',NULL),(693,'覃金婷','201400203048','201400203048','1',NULL,NULL,'0',NULL,'13507745821','1350774582@qq.com',NULL),(694,'兰白强','201400213055','201400213055','1',NULL,NULL,'1',NULL,'13507745821','1350774582@qq.com',NULL),(695,'覃春榕','201400213057','201400213057','1',NULL,NULL,'1',NULL,'13507745821','1350774582@qq.com',NULL),(696,'姜华','201400213058','201400213058','1',NULL,NULL,'1',NULL,'13507745821','1350774582@qq.com',NULL),(697,'黄清燕','201400208234','201400208234','1',NULL,NULL,'0',NULL,'13507745821','1350774582@qq.com',NULL),(698,'钟海晴','201400201438','201400201438','1',NULL,NULL,'0',NULL,'13507745821','1350774582@qq.com',NULL),(699,'郑秋静','201400208245','201400208245','1',NULL,NULL,'0',NULL,'13507745821','1350774582@qq.com',NULL),(700,'李珊','201400213025','201400213025','1',NULL,NULL,'0',NULL,'13507745821','1350774582@qq.com',NULL),(701,'陆金兰','201400213028','201400213028','1',NULL,NULL,'0',NULL,'13507745821','1350774582@qq.com',NULL),(702,'张媛','201400213034','201400213034','1',NULL,NULL,'0',NULL,'13507745821','1350774582@qq.com',NULL),(703,'周春连','201400213039','201400213039','1',NULL,NULL,'0',NULL,'13507745821','1350774582@qq.com',NULL),(704,'宋素梅','201400213041','201400213041','1',NULL,NULL,'0',NULL,'13507745821','1350774582@qq.com',NULL),(705,'蓝柳吉','201400213049','201400213049','1',NULL,NULL,'0',NULL,'13507745821','1350774582@qq.com',NULL),(706,'杨秋苹','201400213056','201400213056','1',NULL,NULL,'0',NULL,'13507745821','1350774582@qq.com',NULL),(707,'潘卓杰','201400208204','201400208204','1',NULL,NULL,'1',NULL,'13507745821','1350774582@qq.com',NULL),(708,'顾全超','201400208206','201400208206','1',NULL,NULL,'1',NULL,'13507745821','1350774582@qq.com',NULL),(709,'李树铭','201400208216','201400208216','1',NULL,NULL,'1',NULL,'13507745821','1350774582@qq.com',NULL),(710,'冯辉盛','201400208220','201400208220','1',NULL,NULL,'1',NULL,'13507745821','1350774582@qq.com',NULL),(711,'刘河','201400213007','201400213007','1',NULL,NULL,'1',NULL,'13507745821','1350774582@qq.com',NULL),(712,'黎金荣','201400213008','201400213008','1',NULL,NULL,'1',NULL,'13507745821','1350774582@qq.com',NULL),(713,'秦小华','201400213009','201400213009','1',NULL,NULL,'1',NULL,'13507745821','1350774582@qq.com',NULL),(714,'李俊杰','201400213010','201400213010','1',NULL,NULL,'1',NULL,'13507745821','1350774582@qq.com',NULL),(715,'曾钰翔','201400213011','201400213011','1',NULL,NULL,'1',NULL,'13507745821','1350774582@qq.com',NULL),(716,'何健','201400213013','201400213013','1',NULL,NULL,'1',NULL,'13507745821','1350774582@qq.com',NULL),(717,'霍胜全','201400213014','201400213014','1',NULL,NULL,'1',NULL,'13507745821','1350774582@qq.com',NULL),(718,'张杰','201400213015','201400213015','1',NULL,NULL,'1',NULL,'13507745821','1350774582@qq.com',NULL),(719,'刘子铭','201400213019','201400213019','1',NULL,NULL,'1',NULL,'13507745821','1350774582@qq.com',NULL),(720,'曾超昆','201400213020','201400213020','1',NULL,NULL,'1',NULL,'13507745821','1350774582@qq.com',NULL),(721,'雷文杰','201400213024','201400213024','1',NULL,NULL,'1',NULL,'13507745821','1350774582@qq.com',NULL),(722,'李桂全','201400213029','201400213029','1',NULL,NULL,'1',NULL,'13507745821','1350774582@qq.com',NULL),(723,'张兴钧','201400213031','201400213031','1',NULL,NULL,'1',NULL,'13507745821','1350774582@qq.com',NULL),(724,'张兴业','201400212032','201400212032','1',NULL,NULL,'1',NULL,'13507745821','1350774582@qq.com',NULL),(725,'刘政浩','201400213033','201400213033','1',NULL,NULL,'1',NULL,'13507745821','1350774582@qq.com',NULL),(726,'杜金荣','201400208107','201400208107','1',NULL,NULL,'1',NULL,'13507745821','1350774582@qq.com',NULL),(727,'梁富明','201400208115','201400208115','1',NULL,NULL,'1',NULL,'13507745821','1350774582@qq.com',NULL),(728,'林昆玉','201400208128','201400208128','1',NULL,NULL,'1',NULL,'13507745821','1350774582@qq.com',NULL),(729,'张超','201400213045','201400213045','1',NULL,NULL,'1',NULL,'13507745821','1350774582@qq.com',NULL),(730,'梁蔡丽','201400208139','201400208139','1',NULL,NULL,'0',NULL,'13507745821','1350774582@qq.com',NULL),(731,'李运平','201400208247','201400208247','1',NULL,NULL,'0',NULL,'13507745821','1350774582@qq.com',NULL),(732,'廖冬梅','201400213042','201400213042','1',NULL,NULL,'0',NULL,'13507745821','1350774582@qq.com',NULL),(733,'范立毅','201400213016','201400213016','1',NULL,NULL,'1',NULL,'13507745821','1350774582@qq.com',NULL),(734,'莫冠华','201400213017','201400213017','1',NULL,NULL,'1',NULL,'13507745821','1350774582@qq.com',NULL),(735,'吴剑锋','201400213021','201400213021','1',NULL,NULL,'1',NULL,'13507745821','1350774582@qq.com',NULL),(736,'谢国昌','201400213023','201400213023','1',NULL,NULL,'1',NULL,'13507745821','1350774582@qq.com',NULL),(737,'董彦贵','201400213040','201400213040','1',NULL,NULL,'1',NULL,'13507745821','1350774582@qq.com',NULL),(738,'孙于锋','201400208104','201400208104','1',NULL,NULL,'1',NULL,'13507745821','1350774582@qq.com',NULL),(739,'姚航应','201400208131','201400208131','1',NULL,NULL,'1',NULL,'13507745821','1350774582@qq.com',NULL),(740,'李韬','201400208150','201400208150','1',NULL,NULL,'1',NULL,'13507745821','1350774582@qq.com',NULL),(741,'彭柏程','201400208208','201400208208','1',NULL,NULL,'1',NULL,'13507745821','1350774582@qq.com',NULL),(742,'罗乐','201400208221','201400208221','1',NULL,NULL,'1',NULL,'13507745821','1350774582@qq.com',NULL),(743,'马艺巍','201400208224','201400208224','1',NULL,NULL,'1',NULL,'13507745821','1350774582@qq.com',NULL),(744,'李谦颇','201400208225','201400208225','1',NULL,NULL,'1',NULL,'13507745821','1350774582@qq.com',NULL),(745,'倪先伟','201400208232','201400208232','1',NULL,NULL,'1',NULL,'13507745821','1350774582@qq.com',NULL),(746,'李念航','201401902110','201401902110','1',NULL,NULL,'1',NULL,'13507745821','1350774582@qq.com',NULL),(747,'岑春英','201400213038','201400213038','1',NULL,NULL,'0',NULL,'13507745821','1350774582@qq.com',NULL),(748,'廖梦欣','201400213043','201400213043','1',NULL,NULL,'0',NULL,'13507745821','1350774582@qq.com',NULL),(749,'蒙青慧','201400213046','201400213046','1',NULL,NULL,'0',NULL,'13507745821','1350774582@qq.com',NULL),(750,'蓝海星','201400213054','201400213054','1',NULL,NULL,'0',NULL,'13507745821','1350774582@qq.com',NULL),(751,'侯德世','201400208114','201400208114','1',NULL,NULL,'1',NULL,'13507745821','1350774582@qq.com',NULL),(752,'梁宗勤','201400208119','201400208119','1',NULL,NULL,'1',NULL,'13507745821','1350774582@qq.com',NULL),(753,'张治胜','201400208124','201400208124','1',NULL,NULL,'1',NULL,'13507745821','1350774582@qq.com',NULL),(754,'廖本榆','201400208223','201400208223','1',NULL,NULL,'1',NULL,'13507745821','1350774582@qq.com',NULL),(755,'闭丽婷','201400208237','201400208237','1',NULL,NULL,'0',NULL,'13507745821','1350774582@qq.com',NULL),(756,'李静雪','201400208240','201400208240','1',NULL,NULL,'0',NULL,'13507745821','1350774582@qq.com',NULL),(757,'程丹','201400208241','201400208241','1',NULL,NULL,'0',NULL,'13507745821','1350774582@qq.com',NULL),(758,'韦玉月','201400208242','201400208242','1',NULL,NULL,'0',NULL,'13507745821','1350774582@qq.com',NULL),(759,'刘镇华','201400208111','201400208111','1',NULL,NULL,'1',NULL,'13507745821','1350774582@qq.com',NULL),(760,'唐隆','201400208120','201400208120','1',NULL,NULL,'1',NULL,'13507745821','1350774582@qq.com',NULL),(761,'杜帆','201400208132','201400208132','1',NULL,NULL,'1',NULL,'13507745821','1350774582@qq.com',NULL),(762,'黄有泉','201310202003','201310202003','1',NULL,NULL,'1',NULL,'13507745821','1350774582@qq.com',NULL),(763,'黄铭','201400208205','201400208205','1',NULL,NULL,'1',NULL,'13507745821','1350774582@qq.com',NULL),(764,'梁立平','201400208207','201400208207','1',NULL,NULL,'1',NULL,'13507745821','1350774582@qq.com',NULL),(765,'梁富强','201400208227','201400208227','1',NULL,NULL,'1',NULL,'13507745821','1350774582@qq.com',NULL),(766,'谢云','201400208229','201400208229','1',NULL,NULL,'1',NULL,'13507745821','1350774582@qq.com',NULL),(767,'吴迎','201400208235','201400208235','1',NULL,NULL,'0','','13507745821','1350774582@qq.com',NULL),(768,'温传兰','201400208236','201400208236','1',NULL,NULL,'0',NULL,'13507745821','1350774582@qq.com',NULL),(769,'岑柳玲','201400208243','201400208243','1',NULL,NULL,'0','','13507745821','1350774582@qq.com',NULL),(770,'祁桃','201400208249','201400208249','1',NULL,NULL,'0','','13507745821','1350774582@qq.com',NULL),(772,'admin','admin','admin','3','2017-09-30 11:31:23',NULL,'0','12','13507749831','11547830091@qq.com','/attached/userImg/CCAD0D4E-5829-4FF1-AB53-0583285F18BD_v2-7a0ed867539f2c26920568f22a50a261_hd.jpg'),(822,'文松林','1100207029','1100207029','1',NULL,NULL,'0',NULL,'13005973790','1350774582@qq.com',NULL),(823,'韦珊夏','201300210049','201300210049','1',NULL,NULL,'1',NULL,'13005973791','1350774582@qq.com',NULL),(824,'翟其俊','201400210003','201400210003','1',NULL,NULL,'0',NULL,'13005973792','1350774582@qq.com',NULL),(825,'韦祖鸿','201400210007','201400210007','1',NULL,NULL,'1',NULL,'13005973793','1350774582@qq.com',NULL),(826,'陈晓鹏','201400210009','201400210009','1',NULL,NULL,'0',NULL,'13005973794','1350774582@qq.com',NULL),(827,'周凌文','201400210010','201400210010','1',NULL,NULL,'1',NULL,'13005973795','1350774582@qq.com',NULL),(828,'张桂华','201400210015','201400210015','1',NULL,NULL,'1',NULL,'13005973796','1350774583@qq.com',NULL),(829,'韦中苗','201400210020','201400210020','1',NULL,NULL,'0',NULL,'13005973797','1350774584@qq.com',NULL),(830,'梁善钱','201400210023','201400210023','1',NULL,NULL,'0',NULL,'13005973798','1350774585@qq.com',NULL),(831,'李科','201400210025','201400210025','1',NULL,NULL,'0',NULL,'13005973799','1350774586@qq.com',NULL),(832,'顾小寅','201400210027','201400210027','1',NULL,NULL,'0',NULL,'13005973800','1350774587@qq.com',NULL),(833,'甘明丽','201400210031','201400210031','1',NULL,NULL,'1',NULL,'13005973801','1350774588@qq.com',NULL),(834,'雷霖','201400210032','201400210032','1',NULL,NULL,'0',NULL,'13005973802','1350774589@qq.com',NULL),(835,'李晓雪','201400210033','201400210033','1',NULL,NULL,'1',NULL,'13005973803','1350774590@qq.com',NULL),(836,'张婉君','201400210035','201400210035','1',NULL,NULL,'1',NULL,'13005973804','1350774591@qq.com',NULL),(837,'赵雅芝','201400210037','201400210037','1',NULL,NULL,'1',NULL,'13005973805','1350774592@qq.com',NULL),(838,'卢春利','201400210041','201400210041','1',NULL,NULL,'1',NULL,'13005973806','1350774593@qq.com',NULL),(839,'陈柏合','201400210042','201400210042','1',NULL,NULL,'1',NULL,'13005973807','1350774594@qq.com',NULL),(840,'吕文秀','201400210043','201400210043','1',NULL,NULL,'1',NULL,'13005973808','1350774595@qq.com',NULL),(841,'杨俊璇','201400210044','201400210044','1',NULL,NULL,'1',NULL,'13005973809','1350774596@qq.com',NULL),(842,'王玲','201400210045','201400210045','1',NULL,NULL,'1',NULL,'13005973810','1350774597@qq.com',NULL),(843,'孙银银','201400210046','201400210046','1',NULL,NULL,'1',NULL,'13005973811','1350774598@qq.com',NULL),(844,'吕智慧','201400210047','201400210047','1',NULL,NULL,'1',NULL,'13005973812','1350774599@qq.com',NULL),(845,'陈媛','201400210048','201400210048','1',NULL,NULL,'1',NULL,'13005973813','1350774600@qq.com',NULL),(846,'孙起嫦','201300210047','201300210047','1',NULL,NULL,'0',NULL,'13005973814','1350774601@qq.com',NULL),(847,'黄修镇','201400210002','201400210002','1',NULL,NULL,'0',NULL,'13005973815','1350774602@qq.com',NULL),(848,'莫东林','201400210004','201400210004','1',NULL,NULL,'0',NULL,'13005973816','1350774603@qq.com',NULL),(849,'莫家敏','201400210005','201400210005','1',NULL,NULL,'0',NULL,'13005973817','1350774604@qq.com',NULL),(850,'郭锦辉','201400210006','201400210006','1',NULL,NULL,'0',NULL,'13005973818','1350774605@qq.com',NULL),(851,'杨展通','201400210008','201400210008','1',NULL,NULL,'0',NULL,'13005973819','1350774606@qq.com',NULL),(852,'赵鑫','201400210011','201400210011','1',NULL,NULL,'0',NULL,'13005973820','1350774607@qq.com',NULL),(853,'张斌','201400210013','201400210013','1',NULL,NULL,'0',NULL,'13005973821','1350774608@qq.com',NULL),(854,'覃宗宇','201400210014','201400210014','1',NULL,NULL,'0',NULL,'13005973822','1350774609@qq.com',NULL),(855,'林建','201400210016','201400210016','1',NULL,NULL,'0',NULL,'13005973823','1350774610@qq.com',NULL),(856,'卢冠灼','201400210017','201400210017','1',NULL,NULL,'0',NULL,'13005973824','1350774611@qq.com',NULL),(857,'林建国','201400210018','201400210018','1',NULL,NULL,'0',NULL,'13005973825','1350774612@qq.com',NULL),(858,'覃龙','201400210019','201400210019','1',NULL,NULL,'0',NULL,'13005973826','1350774613@qq.com',NULL),(859,'钟杰','201400210021','201400210021','1',NULL,NULL,'0',NULL,'13005973827','1350774614@qq.com',NULL),(860,'徐佳楠','201400210022','201400210022','1',NULL,NULL,'0',NULL,'13005973828','1350774615@qq.com',NULL),(861,'李广','201400210024','201400210024','1',NULL,NULL,'0',NULL,'13005973829','1350774616@qq.com',NULL),(862,'莫昆和','201400210026','201400210026','1',NULL,NULL,'0',NULL,'13005973830','1350774617@qq.com',NULL),(863,'袁琼瑶','201400210028','201400210028','1',NULL,NULL,'1',NULL,'13005973831','1350774618@qq.com',NULL),(864,'黄幸','201400210029','201400210029','1',NULL,NULL,'1',NULL,'13005973832','1350774619@qq.com',NULL),(865,'王红程','201400210030','201400210030','1',NULL,NULL,'1',NULL,'13005973833','1350774620@qq.com',NULL),(866,'杨洋潇','201400210034','201400210034','1',NULL,NULL,'1',NULL,'13005973834','1350774621@qq.com',NULL),(867,'黄靖玉','201400210036','201400210036','1',NULL,NULL,'1',NULL,'13005973835','1350774622@qq.com',NULL),(868,'陈凤清','201400210038','201400210038','1',NULL,NULL,'1',NULL,'13005973836','1350774623@qq.com',NULL),(869,'磨洁莹','201400210039','201400210039','1',NULL,NULL,'1',NULL,'13005973837','1350774624@qq.com',NULL),(870,'梁嘉欣','201400210040','201400210040','1',NULL,NULL,'1',NULL,'13005973838','1350774625@qq.com',NULL),(872,'潘以宝','201400208202','201400208202','1',NULL,NULL,'1','22','15678596817','15678596817@qq.com',NULL),(873,'苏金发','201400208108','201400208108','1',NULL,NULL,'1','22','15678499617','306137208@qq.com',NULL),(874,'曾健','201400208106','201400208106','1',NULL,NULL,'1','23','15678499617','15678499617@qq.com',NULL),(875,'梁毓文','201400208211','201400208211','1',NULL,NULL,'1','22','15678499617','301637802@qq.com',NULL),(876,'陈傲','201300208401','201300208401','1',NULL,NULL,'0',NULL,'13005973790','1350774582@qq.com',NULL),(877,'胡晓东','201300208207','201300208207','1',NULL,NULL,'0',NULL,'13005973791','1350774582@qq.com',NULL),(878,'谢宏天','201300208220','201300208220','1',NULL,NULL,'0',NULL,'13005973792','1350774582@qq.com',NULL),(879,'秦键云','201300208216','201300208216','1',NULL,NULL,'0',NULL,'13005973793','1350774582@qq.com',NULL),(880,'徐振强','201300208222','201300208222','1',NULL,NULL,'0',NULL,'13005973794','1350774582@qq.com',NULL),(881,'张李平','201300208227','201300208227','1',NULL,NULL,'0',NULL,'13005973795','1350774582@qq.com',NULL),(882,'谢绪金','201300208221','201300208221','1',NULL,NULL,'0',NULL,'13005973796','1350774583@qq.com',NULL),(883,'陈飞鸿','201300208202','201300208202','1',NULL,NULL,'0',NULL,'13005973797','1350774584@qq.com',NULL),(1022,'王紫燕','201400211018','201400211018','1',NULL,NULL,'1',NULL,'13005973790','1350774582@qq.com',NULL),(1023,'韦珍红','201400211019','201400211019','1',NULL,NULL,'1',NULL,'13005973791','1350774582@qq.com',NULL),(1024,'郭田田','201400211026','201400211026','1',NULL,NULL,'1',NULL,'13005973792','1350774582@qq.com',NULL),(1025,'王春阳','201400211028','201400211028','1',NULL,NULL,'1',NULL,'13005973793','1350774582@qq.com',NULL),(1026,'蔡炎真','201400211042','201400211042','1',NULL,NULL,'1',NULL,'13005973794','1350774582@qq.com',NULL),(1027,'韦庆明','201400211007','201400211007','1',NULL,NULL,'0',NULL,'13005973795','1350774582@qq.com',NULL),(1028,'吴国志','201400211006','201400211006','1',NULL,NULL,'0',NULL,'13005973796','1350774583@qq.com',NULL),(1029,'黎治宏','201400211010','201400211010','1',NULL,NULL,'0',NULL,'13005973797','1350774584@qq.com',NULL),(1030,'韦欣','201400211025','201400211025','1',NULL,NULL,'1',NULL,'13005973798','1350774585@qq.com',NULL),(1031,'李幸','201400211037','201400211037','1',NULL,NULL,'1',NULL,'13005973798','1350774586@qq.com',NULL),(1032,'罗偲','201400211038','201400211038','1',NULL,NULL,'1',NULL,'13005973798','1350774587@qq.com',NULL),(1033,'刘其明','201400211041','201400211041','1',NULL,NULL,'1',NULL,'13005973798','1350774588@qq.com',NULL),(1034,'王宇蒙','201400211047','201400211047','1',NULL,NULL,'1',NULL,'13005973798','1350774589@qq.com',NULL),(1035,'梁家漫','201400211015','201400211015','1',NULL,NULL,'1',NULL,'13005973798','1350774590@qq.com',NULL),(1036,'卢美容','201400211020','201400211020','1',NULL,NULL,'1',NULL,'13005973798','1350774591@qq.com',NULL),(1037,'卓艳玲','201400211022','201400211022','1',NULL,NULL,'1',NULL,'13005973798','1350774592@qq.com',NULL),(1038,'郑远玲','201400211027','201400211027','1',NULL,NULL,'1',NULL,'13005973798','1350774593@qq.com',NULL),(1039,'陈建英','201400211030','201400211030','1',NULL,NULL,'1',NULL,'13005973798','1350774594@qq.com',NULL),(1040,'梁梦银','201400211032','201400211032','1',NULL,NULL,'1',NULL,'13005973798','1350774595@qq.com',NULL),(1041,'黄英','201400211035','201400211035','1',NULL,NULL,'1',NULL,'13005973798','1350774596@qq.com',NULL),(1042,'李曼玉','201400211023','201400211023','1',NULL,NULL,'1',NULL,'13005973798','1350774597@qq.com',NULL),(1043,'邓洁','201400211024','201400211024','1',NULL,NULL,'1',NULL,'13005973798','1350774598@qq.com',NULL),(1044,'曾艺','201400211029','201400211029','1',NULL,NULL,'1',NULL,'13005973798','1350774599@qq.com',NULL),(1045,'邹小平','201400211011','201400211011','1',NULL,NULL,'0',NULL,'13005973798','1350774600@qq.com',NULL),(1046,'赵宇洁','201400211040','201400211040','1',NULL,NULL,'1',NULL,'13005973798','1350774601@qq.com',NULL),(1047,'张识宝','201400211001','201400211001','1',NULL,NULL,'0',NULL,'13005973798','1350774602@qq.com',NULL),(1048,'梁林榕','201400211036','201400211036','1',NULL,NULL,'1',NULL,'13005973798','1350774603@qq.com',NULL),(1049,'王凯明','201400211012','201400211012','1',NULL,NULL,'0',NULL,'13005973798','1350774604@qq.com',NULL),(1050,'苏晓雪','201400211016','201400211016','1',NULL,NULL,'1',NULL,'13005973798','1350774605@qq.com',NULL),(1051,'梁琼宇','201400211031','201400211031','1',NULL,NULL,'1',NULL,'13005973798','1350774606@qq.com',NULL),(1052,'粟秋艺','201400211033','201400211033','1',NULL,NULL,'1',NULL,'13005973798','1350774607@qq.com',NULL),(1053,'宁丹','201400211034','201400211034','1',NULL,NULL,'1',NULL,'13005973798','1350774608@qq.com',NULL),(1054,'黄雪芳','201400211044','201400211044','1',NULL,NULL,'1',NULL,'13005973798','1350774609@qq.com',NULL),(1055,'覃琦超','201400211008','201400211008','1',NULL,NULL,'0',NULL,'13005973798','1350774610@qq.com',NULL),(1056,'李良','201400211009','201400211009','1',NULL,NULL,'0',NULL,'13005973798','1350774611@qq.com',NULL),(1057,'陈志斌','201300211002','201300211002','1',NULL,NULL,'0',NULL,'13005973798','1350774612@qq.com',NULL),(1058,'杨国华','201400211014','201400211014','1',NULL,NULL,'0',NULL,'13005973798','1350774613@qq.com',NULL),(1059,'龙宇晖','201400208101','201400208101','1',NULL,NULL,'1',NULL,'13005973798','1350774612@qq.com',NULL),(1060,'梁春波','201400208203','201400208203','1',NULL,NULL,'1',NULL,'13507745821','1350774582@qq.com',NULL),(1061,'钟海晴','201400208238','201400208238','1',NULL,NULL,'1',NULL,'13507745821','1350774582@qq.com',NULL),(1062,'mikey','mikey','mikey','3','2019-04-18 22:48:10',NULL,NULL,NULL,NULL,NULL,'/attached/userImg/3A79FA0F-E4EA-4CC5-854D-DD3E2D385A49_50a9ef0c01fb0.jpg'),(1063,'麦奇1','201700208524','201700208524','3','2019-07-03 17:53:25',NULL,NULL,NULL,NULL,NULL,NULL),(1064,'02655555','02655555','02655555','2','2019-07-03 21:58:51',NULL,'0','20','18276297824','18276297824@qq.com',NULL),(1065,'杨彪','18276297824','18276297824','1',NULL,NULL,'','20','18276297824','18276297824@qq.com',NULL),(1066,'阿姆斯特朗','18276297829','18276297829','1',NULL,NULL,'','20','18276297824','18276297824@qq.com',NULL),(1067,'22222222222','2222222222','2222222222','1',NULL,NULL,'','20','18276297824','2432423@qq.com',NULL),(1068,'222222233','222222233','222222233','1',NULL,NULL,'','20','18276297824','2432423@qq.com',NULL);
/*!40000 ALTER TABLE `user_hlep` ENABLE KEYS */;
UNLOCK TABLES;

--
-- Table structure for table `user_role`
--

DROP TABLE IF EXISTS `user_role`;
/*!40101 SET @saved_cs_client     = @@character_set_client */;
/*!40101 SET character_set_client = utf8 */;
CREATE TABLE `user_role` (
  `id` int(11) NOT NULL AUTO_INCREMENT,
  `roleId` int(11) NOT NULL,
  `userHelpId` int(11) NOT NULL,
  PRIMARY KEY (`id`),
  KEY `FK143BF46AE75981AB` (`userHelpId`),
  KEY `FK143BF46A6F1ACE7F` (`roleId`),
  CONSTRAINT `FK143BF46A6F1ACE7F` FOREIGN KEY (`roleId`) REFERENCES `sys_role` (`id`),
  CONSTRAINT `FK143BF46AE75981AB` FOREIGN KEY (`userHelpId`) REFERENCES `user_hlep` (`id`)
) ENGINE=InnoDB AUTO_INCREMENT=344 DEFAULT CHARSET=utf8;
/*!40101 SET character_set_client = @saved_cs_client */;

--
-- Dumping data for table `user_role`
--

LOCK TABLES `user_role` WRITE;
/*!40000 ALTER TABLE `user_role` DISABLE KEYS */;
INSERT INTO `user_role` (`id`, `roleId`, `userHelpId`) VALUES (1,23,15),(2,25,257),(3,23,258),(4,25,259),(5,25,260),(6,27,260),(7,25,261),(8,25,262),(9,25,263),(10,25,264),(11,25,265),(12,25,266),(13,25,267),(14,25,268),(15,25,269),(16,25,270),(17,26,270),(18,25,271),(19,25,272),(20,25,273),(21,25,274),(22,25,275),(23,25,276),(24,25,277),(25,25,278),(26,25,279),(27,25,280),(28,25,281),(29,25,282),(30,25,283),(31,25,284),(32,25,285),(33,25,286),(34,25,287),(35,25,288),(36,25,289),(37,25,290),(38,25,291),(39,25,292),(40,25,293),(41,25,294),(42,25,295),(43,25,296),(44,25,297),(45,25,298),(46,25,299),(47,25,300),(48,25,301),(49,25,302),(50,25,303),(51,25,304),(52,25,305),(53,25,306),(54,25,307),(55,25,308),(56,25,309),(57,25,310),(58,25,311),(59,25,312),(60,25,313),(61,25,314),(62,25,315),(63,25,316),(64,25,317),(65,25,318),(66,25,319),(67,25,320),(68,25,321),(69,25,322),(70,25,323),(71,25,324),(72,25,325),(73,25,326),(74,25,327),(75,25,328),(76,25,329),(77,25,330),(78,25,331),(79,25,332),(80,25,333),(81,25,334),(82,25,335),(83,25,336),(84,25,337),(85,25,338),(86,25,339),(87,25,340),(88,25,341),(89,25,342),(90,25,343),(91,25,344),(92,25,345),(93,25,346),(94,25,347),(95,25,348),(96,25,349),(97,25,350),(98,25,351),(99,25,352),(100,25,353),(101,25,354),(102,25,355),(103,25,356),(104,24,637),(105,24,638),(106,24,640),(107,24,641),(108,24,642),(109,24,643),(110,24,644),(111,24,645),(112,24,646),(113,24,647),(114,24,648),(115,24,649),(116,24,650),(117,24,651),(118,24,652),(119,24,653),(120,24,654),(121,24,655),(122,24,659),(123,24,663),(124,24,664),(125,24,665),(126,24,666),(127,24,667),(128,24,668),(129,24,669),(130,24,670),(131,24,671),(132,24,672),(133,24,673),(134,24,674),(135,24,675),(136,24,676),(137,24,677),(138,24,678),(139,24,679),(140,24,680),(141,24,681),(142,24,682),(143,24,683),(144,24,684),(145,24,685),(146,24,686),(147,24,687),(148,24,688),(149,24,689),(150,24,690),(151,24,691),(152,24,692),(153,24,693),(154,24,694),(155,24,695),(156,24,696),(157,24,697),(158,24,698),(159,24,699),(160,24,700),(161,24,701),(162,24,702),(163,24,703),(164,24,704),(165,24,705),(166,24,706),(167,24,707),(168,24,708),(169,24,709),(170,24,710),(171,24,711),(172,24,712),(173,24,713),(174,24,714),(175,24,715),(176,24,716),(177,24,717),(178,24,718),(179,24,719),(180,24,720),(181,24,721),(182,24,722),(183,24,723),(184,24,724),(185,24,725),(186,24,726),(187,24,727),(188,24,728),(189,24,729),(190,24,730),(191,24,731),(192,24,732),(193,24,733),(194,24,734),(195,24,735),(196,24,736),(197,24,737),(198,24,738),(199,24,739),(200,24,740),(201,24,741),(202,24,742),(203,24,743),(204,24,744),(205,24,745),(206,24,746),(207,24,747),(208,24,748),(209,24,749),(210,24,750),(211,24,751),(212,24,752),(213,24,753),(214,24,754),(215,24,755),(216,24,756),(217,24,757),(218,24,758),(219,24,759),(220,24,760),(221,24,761),(222,24,762),(223,24,763),(224,24,764),(225,24,765),(226,24,766),(227,24,767),(228,24,768),(229,24,769),(230,24,770),(231,23,772),(232,25,772),(233,26,772),(234,24,822),(235,24,823),(236,24,824),(237,24,825),(238,24,826),(239,24,827),(240,24,828),(241,24,829),(242,24,830),(243,24,831),(244,24,832),(245,24,833),(246,24,834),(247,24,835),(248,24,836),(249,24,837),(250,24,838),(251,24,839),(252,24,840),(253,24,841),(254,24,842),(255,24,843),(256,24,844),(257,24,845),(258,24,846),(259,24,847),(260,24,848),(261,24,849),(262,24,850),(263,24,851),(264,24,852),(265,24,853),(266,24,854),(267,24,855),(268,24,856),(269,24,857),(270,24,858),(271,24,859),(272,24,860),(273,24,861),(274,24,862),(275,24,863),(276,24,864),(277,24,865),(278,24,866),(279,24,867),(280,24,868),(281,24,869),(282,24,870),(283,24,872),(284,24,873),(285,24,874),(286,24,875),(287,24,876),(288,24,877),(289,24,878),(290,24,879),(291,24,880),(292,24,881),(293,24,882),(294,24,883),(295,24,1022),(296,24,1023),(297,24,1024),(298,24,1025),(299,24,1026),(300,24,1027),(301,24,1028),(302,24,1029),(303,24,1030),(304,24,1031),(305,24,1032),(306,24,1033),(307,24,1034),(308,24,1035),(309,24,1036),(310,24,1037),(311,24,1038),(312,24,1039),(313,24,1040),(314,24,1041),(315,24,1042),(316,24,1043),(317,24,1044),(318,24,1045),(319,24,1046),(320,24,1047),(321,24,1048),(322,24,1049),(323,24,1050),(324,24,1051),(325,24,1052),(326,24,1053),(327,24,1054),(328,24,1055),(329,24,1056),(330,24,1057),(331,24,1058),(332,24,1059),(333,24,1060),(334,24,1061),(335,23,1062),(336,24,1062),(337,25,1062),(338,26,1062),(339,27,1062),(340,24,1063),(341,24,1067),(342,24,1068),(343,25,1064);
/*!40000 ALTER TABLE `user_role` ENABLE KEYS */;
UNLOCK TABLES;
/*!40103 SET TIME_ZONE=@OLD_TIME_ZONE */;

/*!40101 SET SQL_MODE=@OLD_SQL_MODE */;
/*!40014 SET FOREIGN_KEY_CHECKS=@OLD_FOREIGN_KEY_CHECKS */;
/*!40014 SET UNIQUE_CHECKS=@OLD_UNIQUE_CHECKS */;
/*!40101 SET CHARACTER_SET_CLIENT=@OLD_CHARACTER_SET_CLIENT */;
/*!40101 SET CHARACTER_SET_RESULTS=@OLD_CHARACTER_SET_RESULTS */;
/*!40101 SET COLLATION_CONNECTION=@OLD_COLLATION_CONNECTION */;
/*!40111 SET SQL_NOTES=@OLD_SQL_NOTES */;

-- Dump completed on 2019-07-12  8:44:29
